agreement_id,item_type,item,weapon_item_definition,c_weapon_item_definition,timeframe_set_time,timeframe_other,c_obligations_timeframe,timeframe_phases,c_timeframe_phases,c_phases,ban_development,ban_testing,ban_production,ban_acquisition,ban_possession,ban_station,ban_transfer,ban_use,ban_disposal,restriction_development,testing_restriction,restriction_production,restriction_acquisition,restriction_possession,restriction_transfer,restriction_use,restriction_disposal,obligations_timeframe_type
150 | 180 | 200 | 220 | 260 | 340 | 40 | 50 | 80,1.0,Weapons general,,,,,Assumed directly upon force given no explicit indication otherwise,2,,,0,1,0,0,0,0,0,0,0,0,0,0,0,1,0,1,0,0
100 | 110 | 150 | 160 | 170 | 185 | 290 | 320 | 330 | 330001 | 350 | 410 | 420 | 420001 | 470 | 50 | 62 | 70 | 70001 | 70002 | 90,1.0,Nuclear weapon,"A nuclear weapon is any device which is capable of releasing nuclear energy in an uncontrolled manner and which has a group of characteristics that are appropriate for use for warlike purposes. An instrument that may be used for the transport or propulsion of the device is not included in this definition if it is separable from the device and not an indivisible part thereof. | Nuclear Weapon means any explosive device capable of releasing nuclear energy in an uncontrolled manner but does not include the means of transport or delivery of such device if separable from and not an indivisible part thereof. | Nuclear Weapon or other Nuclear Explosive Devices means any weapon or other explosive device capable of releasing nuclear energy, irrespective of the military or civilian purpose for which the weapon or device could be used. The term includes such a weapon or device in unassembled or partly assembled forms, but does not include the means of transport or delivery of such a weapon or device if separable from and not an indivisible part of it. | Nuclear Weapons means any explosive device capable of releasing nuclear energy in an uncontrolled manner but does not include the means of transport or delivery of such device if separable from and not an indivisible part thereof. | Nuclear Weapons or other Nuclear Explosive Devices means any weapon or other explosive device capable of releasing nuclear energy, irrespective of the military or civilian purpose for which the weapon or device could be used. The term includes such a weapon or device in unassembled or partly assembled forms, but does not include the means of transport or delivery of such a weapon or device if separable from and not an indivisible part of it.","Bankok Treaty. Article 1: c: nuclear weapon means any explosive device capable of releasing nuclear energy in an uncontrolled manner but does not include the means of transport or delivery of such device if separable from and not an indivisible part thereof; | Ibid. Article 1: c: nuclear weapon means any explosive device capable of releasing nuclear energy in an uncontrolled manner but does not include the means of transport or delivery of such device if separable from and not an indivisible part thereof; | Ibid. Article 1:b: Nuclear weapon or other nuclear explosive device means any weapon or other explosive device capable of releasing nuclear energy, irrespective of the military or civilian purpose for which the weapon or device could be used. The term includes such a weapon or device in unassembled or partly assembled forms, but does not include the means of transport or delivery of such a weapon or device if separable from and not an indivisible part of it. | Ibid. Article 5: For the purposes of this Treaty, a nuclear weapon is any device which is capable of releasing nuclear energy in an uncontrolled manner and which has a group of characteristics that are appropriate for use for warlike purposes. An instrument that may be used for the transport or propulsion of the device is not included in this definition if it is separable from the device and not an indivisible part thereof. | Semipalatinsk Treaty. Ibid. Article 1:b: Nuclear weapon or other nuclear explosive device means any weapon or other explosive device capable of releasing nuclear energy, irrespective of the military or civilian purpose for which the weapon or device could be used. The term includes such a weapon or device in unassembled or partly assembled forms, but does not include the means of transport or delivery of such a weapon or device if separable from and not an indivisible part of it.",,,Assumed directly upon force given no explicit indication otherwise,2,,,1,1,1,1,0,1,1,1,0,0,1,0,0,1,0,1,0,0
210 | 330 | 340 | 340003 | 420 | 50,3.0,Radioactive waste,Radioactive Wastes means material that contains or is contaminated with radionuclides at concentrations or activities greater than clearance levels recommended by the IAEA and for which no use is foreseen.,Ibid. Article 1:f: radioactive wastes means material that contains or is contaminated with radionuclides at concentrations or activities greater than clearance levels recommended by the IAEA and for which no use is foreseen.,,,Assumed directly upon force given no explicit indication otherwise,0.0,,,0,0,0,0,0,0,0,0,1,0,0,0,0,0,0,0,0,0
100 | 110 | 150 | 160 | 170 | 200 | 210 | 210001 | 210002 | 210003 | 290 | 320 | 330 | 330001 | 340 | 340001 | 340002 | 340003 | 350 | 390 | 410 | 420 | 420001 | 470 | 50 | 70 | 70001 | 70002 | 80 | 90,1.0,Summary category a (nuclear weapons),,,,,,,,,1,1,1,1,0,1,1,1,1,0,1,1,0,1,1,1,0,0
210 | 210001 | 290 | 330 | 340 | 340003 | 90,3.0,Fissile material,Nuclear Material means any source material or special fissionable material as defined in Article XX of the Statute of the International Atomic Energy Agency (IAEA) and as amended from time to time by the IAEA. | Radioactive Material means material that contains radionuclides above clearance or exemption levels recommended by the International Atomic Energy Agency (IAEA).,Ibid. Article 1:e: radioactive material means material that contains radionuclides above clearance or exemption levels recommended by the International Atomic Energy Agency (IAEA); | Ibid. Article 1:f: Nuclear material means any source material or special fissionable material as defined in Article XX of the Statute of the International Atomic Energy Agency (IAEA) and as amended from time to time by the IAEA. | Pelindaba Treaty. Ibid. Article 1:f: Nuclear material means any source material or special fissionable material as defined in Article XX of the Statute of the International Atomic Energy Agency (IAEA) and as amended from time to time by the IAEA.,,,Assumed directly upon force given no explicit indication otherwise,0.0,,,0,0,0,0,0,0,0,0,1,0,0,1,0,1,1,1,0,0
185 | 420 | 70,3.0,Nuclear material,,,,,Assumed directly upon force given no explicit indication otherwise,2,,,0,0,0,0,0,0,0,0,0,0,0,0,0,1,1,1,0,0
200 | 80,1.0,Objects carrying nuclear weapon,,,,,Assumed directly upon force given no explicit indication otherwise,0.0,,,0,0,0,0,0,1,0,1,0,0,0,0,0,0,0,0,0,0
200 | 80,1.0,Weapons of mass destruction,,,,,Assumed directly upon force given no explicit indication otherwise,0.0,,,0,0,0,0,0,1,0,1,0,0,0,0,0,0,0,0,0,0
100,1.0,Nuclear missile,,,,,Assumed directly upon force given no explicit indication otherwise,0.0,,,0,0,0,0,0,0,0,0,0,0,0,0,0,0,0,1,0,0
110,1.0,Other weapons of mass destruction,,,,,Assumed directly upon force given no explicit indication otherwise,0.0,,,0,0,0,0,0,0,0,0,0,0,0,0,0,0,0,0,0,0
120 | 120001,1.0,Ship,"Naval auxiliaries of the Parties, which include all naval ships authorized to fly the naval auxiliary flag where such a flag has been established by either Party. | Ship means Naval auxiliaries of the Parties, which include all naval ships authorized to fly the naval auxiliary flag where such a flag has been established by either Party.","Agreement Between the Government of The United States of America and the Government of The Union of Soviet Socialist Republics on the Prevention of Incidents On and Over the High Seas. Article 1:1: Ship means:(b) Naval auxiliaries of the Parties, which include all naval ships authorized to fly the naval auxiliary flag where such a flag has been established by either Party. | Ibid. Article 1:1: Ship means:(b) Naval auxiliaries of the Parties, which include all naval ships authorized to fly the naval auxiliary flag where such a flag has been established by either Party.",,,Assumed directly upon force given no explicit indication otherwise,0.0,,,0,0,0,0,0,0,0,0,0,0,0,0,0,0,0,1,0,0
120 | 301 | 302,1.0,Submarine,Submarines are all vessels designed to operate below the surface of the sea.,Ibid. Article I:B:4: Submarines are all vessels designed to operate below the surface of the sea.,,,Assumed directly upon force given no explicit indication otherwise,0.0,,,0,0,0,0,0,0,0,0,0,0,0,1,1,0,1,1,0,0
120 | 120001 | 20 | 301 | 302 | 450,1.0,Summary category c (conventional weapons sea),,,,,,,,,0,0,0,0,0,0,0,0,0,1,0,1,1,1,1,1,0,0
120 | 120001,1.0,Aircraft,"Aircraft means all military manned heavier than air and lighter than air craft, excluding space craft | All military manned heavier than air and lighter than air craft, excluding space craft.","Agreement Between the Government of The United States of America and the Government of The Union of Soviet Socialist Republics on the Prevention of Incidents On and Over the High Seas. Article 1:2: Aircraft means all military manned heavier than air and lighter than air craft, excluding space craft. | Ibid. Article 1:2: Aircraft means all military manned heavier than air and lighter than air craft, excluding space craft.",,,Assumed directly upon force given no explicit indication otherwise,0.0,,,0,0,0,0,0,0,0,0,0,0,0,0,0,0,0,1,0,0
120 | 120001 | 190003 | 20 | 270 | 301 | 302 | 450,1.0,Summary category d (conventional weapons air),,,,,,,,,0,0,0,0,0,0,0,0,0,0,0,1,1,1,1,1,0,0
130,3.0,Microbial/other biological agent,,,Nine months,,"Ibid. Article II. Each State Party to this Convention undertakes to destroy, or to divert to peaceful purposes, as soon as possible but not later than nine months after the entry into force of the Convention, all agents, toxins, weapons, equipment and means of delivery specified in Article I of the Convention, which are in its possession or under its jurisdiction or control. In implementing the provisions of this Article all necessary safety precautions shall be observed to protect populations and the environment.",0.0,,,0,0,0,0,0,0,0,0,0,1,1,1,0,1,1,0,0,1
130,3.0,Toxin,,,Nine months,,"Ibid. Article II. Each State Party to this Convention undertakes to destroy, or to divert to peaceful purposes, as soon as possible but not later than nine months after the entry into force of the Convention, all agents, toxins, weapons, equipment and means of delivery specified in Article I of the Convention, which are in its possession or under its jurisdiction or control. In implementing the provisions of this Article all necessary safety precautions shall be observed to protect populations and the environment.",0.0,,,0,0,0,0,0,0,0,0,0,1,1,1,0,1,1,0,0,1
130,1.0,Weapons and equipment and means of delivery for agreement-restricted toxins and agent,,,Nine months,,"Ibid. Article II. Each State Party to this Convention undertakes to destroy, or to divert to peaceful purposes, as soon as possible but not later than nine months after the entry into force of the Convention, all agents, toxins, weapons, equipment and means of delivery specified in Article I of the Convention, which are in its possession or under its jurisdiction or control. In implementing the provisions of this Article all necessary safety precautions shall be observed to protect populations and the environment.",0.0,,,0,0,0,0,0,0,0,0,0,1,1,1,0,1,1,0,0,1
130,1.0,Summary category e (biological weapons),,,,,,,,,0,0,0,0,0,0,0,0,0,1,1,1,0,1,1,0,0,0
430,1.0,Cluster munition,,,,,Assumed directly upon force given no explicit indication otherwise,0.0,,,1,0,1,0,0,0,1,1,0,0,0,0,0,0,0,0,0,0
190001 | 190002 | 190003 | 190004 | 190005 | 190006 | 270 | 360 | 370 | 380 | 400 | 430 | 440 | 450,1.0,Summary category b (conventional weapons land),,,,,,,,,1,0,1,1,0,0,1,1,0,0,1,1,1,1,1,1,1,0
1403 | 250 | 2801 | 2802 | 2803,1.0,Icbm,"ICBMs which have a launch weight greater or a throw weight greater than that of the heaviest, in terms of either launch weight or throw weight, respectively, of the light ICBMs deployed by either Party as of the date of signature of this Treaty(The launch weight of an ICBM is the weight of the fully loaded missile itself at the time of launch). 2) The throw weight of an ICBM is the sum of the weight of:(a) its reentry vehicle or reentry vehicles;(b) any self contained dispensing mechanisms or other appropriate devices for targeting one reentry vehicle, or for releasing or for dispensing and targeting two or more reentry vehicles; and (c) its penetration aids, including devices for their release. 3) The term other appropriate devices, as used in the definition of the throw weight of an ICBM in the Second Agreed Statement to paragraph 7 of Article II of the Treaty, means any devices for dispensing and targeting two or more reentry vehicles; and any devices for releasing two or more reentry vehicles or for targeting one reentry vehicle, which cannot provide their reentry vehicles or reentry vehicle with additional velocity of more than 1,000 meters per second. | The term deployed ICBM means an ICBM that is contained in or on a deployed launcher of ICBMs. The term intercontinental ballistic missile or ICBM means a land based ballistic missile with a range in excess of 5500 kilometers. The term non deployed ICBM means an ICBM not contained in a deployed launcher of ICBMs or on a deployed launcher of ICBMs. | The term intercontinental ballistic missile (ICBM) means a land based ballistic missile with a range in excess of 5,500 kilometers","Definitions for START I. ASD(a). Definitions Annex  Strategic Arms Reduction Talks (START) Treaty. Acquisition Office of the Assistant Secretary of Defense. Accessed September 8, 2023. https://www.acq.osd.mil/asda/ssipm/sdc/tc/start1/START1 annex definitions.html. Paragraph 54. | Ibid. Article II:7: Heavy ICBMs are ICBMs which have a launch weight greater or a throw weight greater than that of the heaviest, in terms of either launch weight or throw weight, respectively, of the light ICBMs deployed by either Party as of the date of signature of this Treaty. First Agreed Statement: The launch weight of an ICBM is the weight of the fully loaded missile itself at the time of launch. Second Agreed Sattement: The throw weight of an ICBM is the sum of the weight of:(a) its reentry vehicle or reentry vehicles;(b) any self contained dispensing mechanisms or other appropriate devices for targeting one reentry vehicle, or for releasing or for dispensing and targeting two or more reentry vehicles; and (c) its penetration aids, including devices for their release. Common Understanding: The term other appropriate devices, as used in the definition of the throw weight of an ICBM in the Second Agreed Statement to paragraph 7 of Article II of the Treaty, means any devices for dispensing and targeting two or more reentry vehicles; and any devices for releasing two or more reentry vehicles or for targeting one reentry vehicle, which cannot provide their reentry vehicles or reentry vehicle with additional velocity of more than 1,000 meters per second. | ibid.   Protocol: Part One, 13 The term deployed ICBM means an ICBM that is contained in or on a deployed launcher of ICBMs., 37 The term intercontinental ballistic missile or ICBM means a land based ballistic missile with a range in excess of 5500 kilometers., 48 The term non deployed ICBM means an ICBM not contained in a deployed launcher of ICBMs or on a deployed launcher of ICBMs.",,,Assumed directly upon force given no explicit indication otherwise,2,,,0,0,0,0,0,0,0,0,0,1,1,1,1,1,0,1,0,1
1403 | 250 | 2801 | 2802 | 2803,1.0,Summary category g (icbms),,,,,,2,,,0,0,0,0,0,0,1,0,0,1,1,1,1,1,0,1,0,1
250 | 2801 | 2802 | 2803,1.0,Slbm,"The term deployed SLBM means an SLBM that is contained in a deployed launcher of SLBMs. The term non deployed SLBM means an SLBM not contained in a deployed launcher of SLBMs. The term submarine launched ballistic missile or SLBM means a ballistic missile with a range in excess of 600 kilometers of a type, any one of which has been contained in, or launched from, a submarine. | The term submarine launched ballistic missile (SLBM) means a ballistic missile with a range in excess of 600 kilometers of a type, any one of which has been contained in or launched from a submarine."," ibid.   Protocol: Part One, 17 The term deployed SLBM means an SLBM that is contained in a deployed launcher of SLBMs., 52 The term non deployed SLBM means an SLBM not contained in a deployed launcher of SLBMs., 77 The term submarine launched ballistic missile or SLBM means a ballistic missile with a range in excess of 600 kilometers of a type, any one of which has been contained in, or launched from, a submarine. | Definitions for START I. ASD(a). Definitions Annex  Strategic Arms Reduction Talks (START) Treaty. Acquisition Office of the Assistant Secretary of Defense. Accessed September 8, 2023. https://www.acq.osd.mil/asda/ssipm/sdc/tc/start1/START1 annex definitions.html. Paragraph 109.",,,Assumed directly upon force given no explicit indication otherwise,2,,,0,0,0,0,0,0,0,0,0,1,1,1,0,1,0,1,0,1
250 | 2801 | 2802 | 2803,1.0,Summary category h (slbms),,,,,,2,,,1,1,1,0,0,0,0,0,0,1,1,1,0,1,0,1,0,1
390,1.0,Strategic nuclear warhead,,,Ten years(2012 12 31),,"ibid.   Treaty. Article I: Each Party shall reduce and limit strategic nuclear warheads, [...], so that by December 31, 2012 the aggregate number of such warheads does not exceed 1700 2200 for each Party..",0.0,,,0,0,0,0,0,0,0,0,0,0,0,0,0,1,0,0,0,1
360,1.0,Anti-personnel mine,"Anti personnel mine means a mine designed to be exploded by the presence, proximity or contact of a person and that will incapacitate, injure or kill one or more persons. Mines designed to be detonated by the presence, proximity or contact of a vehicle as opposed to a person, that are equipped with anti handling devices, are not considered anti personnel mines as a result of being so equipped. 2) Mine means a munition designed to be placed under, on or near the ground or other surface area and to be exploded by the presence, proximity or contact of a person or a vehicle.","Ibid. Article 2: 1 2: 1.  Anti personnel mine means a mine designed to be exploded by the presence, proximity or contact of a person and that will incapacitate, injure or kill one or more persons. Mines designed to be detonated by the presence, proximity or contact of a vehicle as opposed to a person, that are equipped with anti handling devices, are not considered anti personnel mines as a result of being so equipped.2.  Mine means a munition designed to be placed under, on or near the ground or other surface area and to be exploded by the presence, proximity or contact of a person or a vehicle.",1) Stockpiled mines eliminated after four years. 2) Mines in mined areas after ten years. ,,"Ibid: Article 4: Except as provided for in Article 3, each State Party undertakes to destroy or ensure the destruction of all stockpiled anti personnel mines it owns or possesses, or that are under its jurisdiction or control, as soon as possible but not later than four years after the entry into force of this Convention for that State Party. Article 5:1: Each State Party undertakes to destroy or ensure the destruction of all anti personnel mines in mined areas under its jurisdiction or control, as soon as possible but not later than ten years after the entry into force of this Convention for that State Party.",0.0,,,1,0,1,1,0,0,1,1,0,0,0,0,0,0,0,0,0,1
240,1.0,Intermediate-range missile,,,"1) Posession: Three years, Production/Testing: directly upon entry into force",,"Ibid. Article IV.1.Each Party shall eliminate all its intermediate range missiles and launchers of such missiles, and all support structures and support equipment of the categories listed in the Memorandum of Understanding associated with such missiles and launchers, so that no later than three years after entry into force of this Treaty and thereafter no such missiles, launchers, support structures or support equipment shall be possessed by either Party.",1.0,"Ibid. Article IV, Paragraph 1.2. To implement paragraph 1 of this Article, upon entry into force of this Treaty, both Parties shall begin and continue throughout the duration of each phase, the reduction of all types of their deployed and non deployed intermediate range missiles and deployed and non deployed launchers of such missiles and support structures and support equipment associated with such missiles and launchers in accordance with the provisions of this Treaty. These reductions shall be implemented in two phases so that:(a) by the end of the first phase, that is, no later than 29 months after entry into force of this Treaty:(i) the number of deployed launchers of intermediate range missiles for each Party shall not exceed the number of launchers that are capable of carrying or containing at one time missiles considered by the Parties to carry 171 warheads;(ii) the number of deployed intermediate range missiles for each Party shall not exceed the number of such missiles considered by the Parties to carry 180 warheads;(iii) the aggregate number of deployed and non deployed launchers of intermediate range missiles for each Party shall not exceed the number of launchers that are capable of carrying or containing at one time missiles considered by the Parties to carry 200 warheads;(iv) the aggregate number of deployed and non deployed intermediate range missiles for each Party shall not exceed the number of such missiles considered by the Parties to carry 200 warheads; and(v) the ratio of the aggregate number of deployed and non deployed intermediate range GLBMs of existing types for each Party to the aggregate number of deployed and non deployed intermediate range missiles of existing types possessed by that Party shall not exceed the ratio of such intermediate range GLBMs to such intermediate range missiles for that Party as of November 1, 1987, as set forth in the Memorandum of Understanding; and(b) by the end of the second phase, that is, no later than three years after entry into force of this Treaty, all intermediate range missiles of each Party, launchers of such missiles and all support structures and support equipment of the categories listed in the Memorandum of Understanding associated with such missiles and launchers, shall be eliminated.","Ibid. Article IV, Paragraph 1.2. To implement paragraph 1 of this Article, upon entry into force of this Treaty, both Parties shall begin and continue throughout the duration of each phase, the reduction of all types of their deployed and non deployed intermediate range missiles and deployed and non deployed launchers of such missiles and support structures and support equipment associated with such missiles and launchers in accordance with the provisions of this Treaty. These reductions shall be implemented in two phases so that:(a) by the end of the first phase, that is, no later than 29 months after entry into force of this Treaty:(i) the number of deployed launchers of intermediate range missiles for each Party shall not exceed the number of launchers that are capable of carrying or containing at one time missiles considered by the Parties to carry 171 warheads;(ii) the number of deployed intermediate range missiles for each Party shall not exceed the number of such missiles considered by the Parties to carry 180 warheads;(iii) the aggregate number of deployed and non deployed launchers of intermediate range missiles for each Party shall not exceed the number of launchers that are capable of carrying or containing at one time missiles considered by the Parties to carry 200 warheads;(iv) the aggregate number of deployed and non deployed intermediate range missiles for each Party shall not exceed the number of such missiles considered by the Parties to carry 200 warheads; and(v) the ratio of the aggregate number of deployed and non deployed intermediate range GLBMs of existing types for each Party to the aggregate number of deployed and non deployed intermediate range missiles of existing types possessed by that Party shall not exceed the ratio of such intermediate range GLBMs to such intermediate range missiles for that Party as of November 1, 1987, as set forth in the Memorandum of Understanding; and(b) by the end of the second phase, that is, no later than three years after entry into force of this Treaty, all intermediate range missiles of each Party, launchers of such missiles and all support structures and support equipment of the categories listed in the Memorandum of Understanding associated with such missiles and launchers, shall be eliminated.",0,1,1,0,0,0,0,0,0,0,0,0,0,0,0,0,0,2
240,1.0,Intermediate-range missile launcher,,,"1) Posession: Three years, Production/Testing: directly upon entry into force",,"Ibid. Article IV.1.Each Party shall eliminate all its intermediate range missiles and launchers of such missiles, and all support structures and support equipment of the categories listed in the Memorandum of Understanding associated with such missiles and launchers, so that no later than three years after entry into force of this Treaty and thereafter no such missiles, launchers, support structures or support equipment shall be possessed by either Party.",1.0,"Ibid. Article IV, Paragraph 1.2. To implement paragraph 1 of this Article, upon entry into force of this Treaty, both Parties shall begin and continue throughout the duration of each phase, the reduction of all types of their deployed and non deployed intermediate range missiles and deployed and non deployed launchers of such missiles and support structures and support equipment associated with such missiles and launchers in accordance with the provisions of this Treaty. These reductions shall be implemented in two phases so that:(a) by the end of the first phase, that is, no later than 29 months after entry into force of this Treaty:(i) the number of deployed launchers of intermediate range missiles for each Party shall not exceed the number of launchers that are capable of carrying or containing at one time missiles considered by the Parties to carry 171 warheads;(ii) the number of deployed intermediate range missiles for each Party shall not exceed the number of such missiles considered by the Parties to carry 180 warheads;(iii) the aggregate number of deployed and non deployed launchers of intermediate range missiles for each Party shall not exceed the number of launchers that are capable of carrying or containing at one time missiles considered by the Parties to carry 200 warheads;(iv) the aggregate number of deployed and non deployed intermediate range missiles for each Party shall not exceed the number of such missiles considered by the Parties to carry 200 warheads; and(v) the ratio of the aggregate number of deployed and non deployed intermediate range GLBMs of existing types for each Party to the aggregate number of deployed and non deployed intermediate range missiles of existing types possessed by that Party shall not exceed the ratio of such intermediate range GLBMs to such intermediate range missiles for that Party as of November 1, 1987, as set forth in the Memorandum of Understanding; and(b) by the end of the second phase, that is, no later than three years after entry into force of this Treaty, all intermediate range missiles of each Party, launchers of such missiles and all support structures and support equipment of the categories listed in the Memorandum of Understanding associated with such missiles and launchers, shall be eliminated.","Ibid. Article IV, Paragraph 1.2. To implement paragraph 1 of this Article, upon entry into force of this Treaty, both Parties shall begin and continue throughout the duration of each phase, the reduction of all types of their deployed and non deployed intermediate range missiles and deployed and non deployed launchers of such missiles and support structures and support equipment associated with such missiles and launchers in accordance with the provisions of this Treaty. These reductions shall be implemented in two phases so that:(a) by the end of the first phase, that is, no later than 29 months after entry into force of this Treaty:(i) the number of deployed launchers of intermediate range missiles for each Party shall not exceed the number of launchers that are capable of carrying or containing at one time missiles considered by the Parties to carry 171 warheads;(ii) the number of deployed intermediate range missiles for each Party shall not exceed the number of such missiles considered by the Parties to carry 180 warheads;(iii) the aggregate number of deployed and non deployed launchers of intermediate range missiles for each Party shall not exceed the number of launchers that are capable of carrying or containing at one time missiles considered by the Parties to carry 200 warheads;(iv) the aggregate number of deployed and non deployed intermediate range missiles for each Party shall not exceed the number of such missiles considered by the Parties to carry 200 warheads; and(v) the ratio of the aggregate number of deployed and non deployed intermediate range GLBMs of existing types for each Party to the aggregate number of deployed and non deployed intermediate range missiles of existing types possessed by that Party shall not exceed the ratio of such intermediate range GLBMs to such intermediate range missiles for that Party as of November 1, 1987, as set forth in the Memorandum of Understanding; and(b) by the end of the second phase, that is, no later than three years after entry into force of this Treaty, all intermediate range missiles of each Party, launchers of such missiles and all support structures and support equipment of the categories listed in the Memorandum of Understanding associated with such missiles and launchers, shall be eliminated.",0,1,1,0,0,0,0,0,0,0,0,0,0,0,0,0,0,2
240,1.0,Irm support structure,,,"1) Posession: Three years, Production/Testing: directly upon entry into force",,"Ibid. Article IV.1.Each Party shall eliminate all its intermediate range missiles and launchers of such missiles, and all support structures and support equipment of the categories listed in the Memorandum of Understanding associated with such missiles and launchers, so that no later than three years after entry into force of this Treaty and thereafter no such missiles, launchers, support structures or support equipment shall be possessed by either Party.",1.0,"Ibid. Article IV, Paragraph 1.2. To implement paragraph 1 of this Article, upon entry into force of this Treaty, both Parties shall begin and continue throughout the duration of each phase, the reduction of all types of their deployed and non deployed intermediate range missiles and deployed and non deployed launchers of such missiles and support structures and support equipment associated with such missiles and launchers in accordance with the provisions of this Treaty. These reductions shall be implemented in two phases so that:(a) by the end of the first phase, that is, no later than 29 months after entry into force of this Treaty:(i) the number of deployed launchers of intermediate range missiles for each Party shall not exceed the number of launchers that are capable of carrying or containing at one time missiles considered by the Parties to carry 171 warheads;(ii) the number of deployed intermediate range missiles for each Party shall not exceed the number of such missiles considered by the Parties to carry 180 warheads;(iii) the aggregate number of deployed and non deployed launchers of intermediate range missiles for each Party shall not exceed the number of launchers that are capable of carrying or containing at one time missiles considered by the Parties to carry 200 warheads;(iv) the aggregate number of deployed and non deployed intermediate range missiles for each Party shall not exceed the number of such missiles considered by the Parties to carry 200 warheads; and(v) the ratio of the aggregate number of deployed and non deployed intermediate range GLBMs of existing types for each Party to the aggregate number of deployed and non deployed intermediate range missiles of existing types possessed by that Party shall not exceed the ratio of such intermediate range GLBMs to such intermediate range missiles for that Party as of November 1, 1987, as set forth in the Memorandum of Understanding; and(b) by the end of the second phase, that is, no later than three years after entry into force of this Treaty, all intermediate range missiles of each Party, launchers of such missiles and all support structures and support equipment of the categories listed in the Memorandum of Understanding associated with such missiles and launchers, shall be eliminated.","Ibid. Article IV, Paragraph 1.2. To implement paragraph 1 of this Article, upon entry into force of this Treaty, both Parties shall begin and continue throughout the duration of each phase, the reduction of all types of their deployed and non deployed intermediate range missiles and deployed and non deployed launchers of such missiles and support structures and support equipment associated with such missiles and launchers in accordance with the provisions of this Treaty. These reductions shall be implemented in two phases so that:(a) by the end of the first phase, that is, no later than 29 months after entry into force of this Treaty:(i) the number of deployed launchers of intermediate range missiles for each Party shall not exceed the number of launchers that are capable of carrying or containing at one time missiles considered by the Parties to carry 171 warheads;(ii) the number of deployed intermediate range missiles for each Party shall not exceed the number of such missiles considered by the Parties to carry 180 warheads;(iii) the aggregate number of deployed and non deployed launchers of intermediate range missiles for each Party shall not exceed the number of launchers that are capable of carrying or containing at one time missiles considered by the Parties to carry 200 warheads;(iv) the aggregate number of deployed and non deployed intermediate range missiles for each Party shall not exceed the number of such missiles considered by the Parties to carry 200 warheads; and(v) the ratio of the aggregate number of deployed and non deployed intermediate range GLBMs of existing types for each Party to the aggregate number of deployed and non deployed intermediate range missiles of existing types possessed by that Party shall not exceed the ratio of such intermediate range GLBMs to such intermediate range missiles for that Party as of November 1, 1987, as set forth in the Memorandum of Understanding; and(b) by the end of the second phase, that is, no later than three years after entry into force of this Treaty, all intermediate range missiles of each Party, launchers of such missiles and all support structures and support equipment of the categories listed in the Memorandum of Understanding associated with such missiles and launchers, shall be eliminated.",0,0,0,0,0,0,0,0,0,0,0,0,0,0,0,0,0,2
240,1.0,Irm support equipment,,,"1) Posession: Three years, Production/Testing: directly upon entry into force",,"Ibid. Article IV.1.Each Party shall eliminate all its intermediate range missiles and launchers of such missiles, and all support structures and support equipment of the categories listed in the Memorandum of Understanding associated with such missiles and launchers, so that no later than three years after entry into force of this Treaty and thereafter no such missiles, launchers, support structures or support equipment shall be possessed by either Party.",1.0,"Ibid. Article IV, Paragraph 1.2. To implement paragraph 1 of this Article, upon entry into force of this Treaty, both Parties shall begin and continue throughout the duration of each phase, the reduction of all types of their deployed and non deployed intermediate range missiles and deployed and non deployed launchers of such missiles and support structures and support equipment associated with such missiles and launchers in accordance with the provisions of this Treaty. These reductions shall be implemented in two phases so that:(a) by the end of the first phase, that is, no later than 29 months after entry into force of this Treaty:(i) the number of deployed launchers of intermediate range missiles for each Party shall not exceed the number of launchers that are capable of carrying or containing at one time missiles considered by the Parties to carry 171 warheads;(ii) the number of deployed intermediate range missiles for each Party shall not exceed the number of such missiles considered by the Parties to carry 180 warheads;(iii) the aggregate number of deployed and non deployed launchers of intermediate range missiles for each Party shall not exceed the number of launchers that are capable of carrying or containing at one time missiles considered by the Parties to carry 200 warheads;(iv) the aggregate number of deployed and non deployed intermediate range missiles for each Party shall not exceed the number of such missiles considered by the Parties to carry 200 warheads; and(v) the ratio of the aggregate number of deployed and non deployed intermediate range GLBMs of existing types for each Party to the aggregate number of deployed and non deployed intermediate range missiles of existing types possessed by that Party shall not exceed the ratio of such intermediate range GLBMs to such intermediate range missiles for that Party as of November 1, 1987, as set forth in the Memorandum of Understanding; and(b) by the end of the second phase, that is, no later than three years after entry into force of this Treaty, all intermediate range missiles of each Party, launchers of such missiles and all support structures and support equipment of the categories listed in the Memorandum of Understanding associated with such missiles and launchers, shall be eliminated.","Ibid. Article IV, Paragraph 1.2. To implement paragraph 1 of this Article, upon entry into force of this Treaty, both Parties shall begin and continue throughout the duration of each phase, the reduction of all types of their deployed and non deployed intermediate range missiles and deployed and non deployed launchers of such missiles and support structures and support equipment associated with such missiles and launchers in accordance with the provisions of this Treaty. These reductions shall be implemented in two phases so that:(a) by the end of the first phase, that is, no later than 29 months after entry into force of this Treaty:(i) the number of deployed launchers of intermediate range missiles for each Party shall not exceed the number of launchers that are capable of carrying or containing at one time missiles considered by the Parties to carry 171 warheads;(ii) the number of deployed intermediate range missiles for each Party shall not exceed the number of such missiles considered by the Parties to carry 180 warheads;(iii) the aggregate number of deployed and non deployed launchers of intermediate range missiles for each Party shall not exceed the number of launchers that are capable of carrying or containing at one time missiles considered by the Parties to carry 200 warheads;(iv) the aggregate number of deployed and non deployed intermediate range missiles for each Party shall not exceed the number of such missiles considered by the Parties to carry 200 warheads; and(v) the ratio of the aggregate number of deployed and non deployed intermediate range GLBMs of existing types for each Party to the aggregate number of deployed and non deployed intermediate range missiles of existing types possessed by that Party shall not exceed the ratio of such intermediate range GLBMs to such intermediate range missiles for that Party as of November 1, 1987, as set forth in the Memorandum of Understanding; and(b) by the end of the second phase, that is, no later than three years after entry into force of this Treaty, all intermediate range missiles of each Party, launchers of such missiles and all support structures and support equipment of the categories listed in the Memorandum of Understanding associated with such missiles and launchers, shall be eliminated.",0,0,0,0,0,0,0,0,0,0,0,0,0,0,0,0,0,2
240,1.0,Shorter-range missile,,,"1) Posession: Three years, Production/Testing: directly upon entry into force",,"Ibid. Article V.1. Each Party shall eliminate all its shorter range missiles and launchers of such missiles, and all support equipment of the categories listed in the Memorandum of Understanding associated with such missiles and launchers, so that no later than 18 months after entry into force of this Treaty and thereafter no such missiles, launchers or support equipment shall be possessed by either Party.",1.0,"Ibid. Article V.2.No later than 90 days after entry into force of this Treaty, each Party shall complete the removal of all its deployed shorter range missiles and deployed and non deployed launchers of such missiles to elimination facilities and shall retain them at those locations until they are eliminated in accordance with the procedures set forth in the Protocol on Elimination. No later than 12 months after entry into force of this Treaty, each Party shall complete the removal of all its non deployed shorter range missiles to elimination facilities and shall retain them at those locations until they are eliminated in accordance with the procedures set forth in the Protocol on Elimination.","Ibid. Article V.2.No later than 90 days after entry into force of this Treaty, each Party shall complete the removal of all its deployed shorter range missiles and deployed and non deployed launchers of such missiles to elimination facilities and shall retain them at those locations until they are eliminated in accordance with the procedures set forth in the Protocol on Elimination. No later than 12 months after entry into force of this Treaty, each Party shall complete the removal of all its non deployed shorter range missiles to elimination facilities and shall retain them at those locations until they are eliminated in accordance with the procedures set forth in the Protocol on Elimination.",0,1,1,0,0,0,0,0,0,0,0,0,0,0,0,0,0,2
240,1.0,Shorter-range missile launcher,,,"1) Posession: Three years, Production/Testing: directly upon entry into force",,"Ibid. Article V.1. Each Party shall eliminate all its shorter range missiles and launchers of such missiles, and all support equipment of the categories listed in the Memorandum of Understanding associated with such missiles and launchers, so that no later than 18 months after entry into force of this Treaty and thereafter no such missiles, launchers or support equipment shall be possessed by either Party.",1.0,"Ibid. Article V.2.No later than 90 days after entry into force of this Treaty, each Party shall complete the removal of all its deployed shorter range missiles and deployed and non deployed launchers of such missiles to elimination facilities and shall retain them at those locations until they are eliminated in accordance with the procedures set forth in the Protocol on Elimination. No later than 12 months after entry into force of this Treaty, each Party shall complete the removal of all its non deployed shorter range missiles to elimination facilities and shall retain them at those locations until they are eliminated in accordance with the procedures set forth in the Protocol on Elimination.","Ibid. Article V.2.No later than 90 days after entry into force of this Treaty, each Party shall complete the removal of all its deployed shorter range missiles and deployed and non deployed launchers of such missiles to elimination facilities and shall retain them at those locations until they are eliminated in accordance with the procedures set forth in the Protocol on Elimination. No later than 12 months after entry into force of this Treaty, each Party shall complete the removal of all its non deployed shorter range missiles to elimination facilities and shall retain them at those locations until they are eliminated in accordance with the procedures set forth in the Protocol on Elimination.",0,1,1,0,0,0,0,0,0,0,0,0,0,0,0,0,0,2
240,1.0,Srm support equipment,,,Eighteen months,,"Ibid. Article V.1. Each Party shall eliminate all its shorter range missiles and launchers of such missiles, and all support equipment of the categories listed in the Memorandum of Understanding associated with such missiles and launchers, so that no later than 18 months after entry into force of this Treaty and thereafter no such missiles, launchers or support equipment shall be possessed by either Party.",1.0,"Ibid. Article V.2.No later than 90 days after entry into force of this Treaty, each Party shall complete the removal of all its deployed shorter range missiles and deployed and non deployed launchers of such missiles to elimination facilities and shall retain them at those locations until they are eliminated in accordance with the procedures set forth in the Protocol on Elimination. No later than 12 months after entry into force of this Treaty, each Party shall complete the removal of all its non deployed shorter range missiles to elimination facilities and shall retain them at those locations until they are eliminated in accordance with the procedures set forth in the Protocol on Elimination.","Ibid. Article V.2.No later than 90 days after entry into force of this Treaty, each Party shall complete the removal of all its deployed shorter range missiles and deployed and non deployed launchers of such missiles to elimination facilities and shall retain them at those locations until they are eliminated in accordance with the procedures set forth in the Protocol on Elimination. No later than 12 months after entry into force of this Treaty, each Party shall complete the removal of all its non deployed shorter range missiles to elimination facilities and shall retain them at those locations until they are eliminated in accordance with the procedures set forth in the Protocol on Elimination.",0,0,0,0,0,0,0,0,0,0,0,0,0,0,0,0,0,2
210,1.0,Nuclear explosive device,"Nuclear Explosive Device means any nuclear weapon or other explosive device capable of releasing nuclear energy, irrespective of the purpose for which it could be used. The term includes such a weapon or device in unassembled and partly assembled forms, but does not include the means of transport or delivery of such a weapon or device if separable from and not an indivisible part of it.","Ibid. Article 1:c: nuclear explosive device means any nuclear weapon or other explosive device capable of releasing nuclear energy, irrespective of the purpose for which it could be used. The term includes such a weapon or device in unassembled and partly assembled forms, but does not include the means of transport or delivery of such a weapon or device if separable from and not an indivisible part of it;",,,Assumed directly upon force given no explicit indication otherwise,0.0,,,0,1,1,1,0,1,0,0,0,0,0,0,0,0,0,0,0,0
210001 | 210002 | 210003 | 340 | 340001 | 340002 | 340003,1.0,Nuclear explosive devise,"Nuclear Explosive Device means any nuclear weapon or other explosive device capable of releasing nuclear energy, irrespective of the purpose for which it could be used. The term includes such a weapon or device in unassembled and partly assembled forms, but does not include the means of transport or delivery of such a weapon or device if separable from and not an indivisible part of it. | Nuclear Explosive Device means any nuclear weapon or other explosive device capable of releasing nuclear energy, irrespective of the purpose for which it could be used. The term includes such a weapon or device in unassembled and partly assembled forms, but does not include the means of transport or delivery of such a weapon or device if separable from and not an indivisible part of it;","Ibid. Article 1:c: (c) Nuclear explosive device means any nuclear weapon or other explosive device capable of releasing nuclear energy, irrespective of the purpose for which it could be used. The term includes such a weapon or device in unassembled and partly assembled forms, but does not include the means of transport or delivery of such a weapon or device if separable from and not an indivisible part of it; | Pelindaba treaty. Article 1:c: (c) Nuclear explosive device means any nuclear weapon or other explosive device capable of releasing nuclear energy, irrespective of the purpose for which it could be used. The term includes such a weapon or device in unassembled and partly assembled forms, but does not include the means of transport or delivery of such a weapon or device if separable from and not an indivisible part of it; | Rarotonga Treaty. Article 1:c: nuclear explosive device means any nuclear weapon or other explosive device capable of releasing nuclear energy, irrespective of the purpose for which it could be used. The term includes such a weapon or device in unassembled and partly assembled forms, but does not include the means of transport or delivery of such a weapon or device if separable from and not an indivisible part of it;",,,Assumed directly upon force given no explicit indication otherwise,0.0,,,1,1,1,1,0,1,1,1,0,0,0,0,0,1,0,0,0,0
1401 | 1403 | 2801 | 2802 | 2803,1.0,Icbm launcher,"1) Any silo launcher of ICBMs other than a silo test launcher, a silo training launcher, or a silo launcher located at a space launch facility. 2) Any deployed mobile launcher of ICBMs. | ICBM launcher means a device intended or used to contain, prepare for launch, and launch an ICBM, deployed launcher of ICBMs means an ICBM launcher that contains an ICBM and is not an ICBM test launcher, an ICBM training launcher, or an ICBM launcher located at a space launch facility, non deployed launcher of ICBMs means an ICBM test launcher, an ICBM training launcher, an ICBM launcher located at a space launch facility, or an ICBM launcher, other than a soft site launcher, that does not contain a deployed ICBM, test launcher means an ICBM launcher or an SLBM launcher located within a test range. | Land based launchers of ballistic missiles capable of a range in excess of the shortest distance between the northeastern border of the continental part of the territory of the United States of America and the northwestern border of the continental part of the territory of the Union of Soviet Socialist Republics, that is, a range in excess of 5,500 kilometers. 2) All launchers which have been developed and tested for launching ICBMs. If a launcher has been developed and tested for launching an ICBM(If a launcher contains or launches an ICBM, that launcher shall be considered to have been developed and tested for launching ICBMs). 3) If a launcher has been developed and tested for launching an ICBM, all launchers of that type, except for ICBM test and training launchers, shall be included in the aggregate numbers of strategic offensive arms provided for in Article III of the Treaty, pursuant to the provisions of Article VI of the Treaty. 4) The one hundred and seventy seven former Atlas and Titan I ICBM launchers of the United States of America, which are no longer operational and are partially dismantled, shall not be considered as subject to the limitations provided for in the Treaty. ","Ibid. Article 11:1: Intercontinental ballistic missile (ICBM) launchers are land based launchers of ballistic missiles capable of a range in excess of the shortest distance between the northeastern border of the continental part of the territory of the United States of America and the northwestern border of the continental part of the territory of the Union of Soviet Socialist Republics, that is, a range in excess of 5,500 kilometers. First Agreed Statement: The term intercontinental ballistic missile launchers, as defined in paragraph 1 of Article II of the Treaty, includes all launchers which have been developed and tested for launching ICBMs. If a launcher has been developed and tested for launching an ICBM, all launchers of that type shall be considered to have been developed and tested for launching ICBMs. First Common Understanding: If a launcher contains or launches an ICBM, that launcher shall be considered to have been developed and tested for launching ICBMs. Second Common Understanding: If a launcher has been developed and tested for launching an ICBM, all launchers of that type, except for ICBM test and training launchers, shall be included in the aggregate numbers of strategic offensive arms provided for in Article III of the Treaty, pursuant to the provisions of Article VI of the Treaty. Third Common Understanding: The one hundred and seventy seven former Atlas and Titan I ICBM launchers of the United States of America, which are no longer operational and are partially dismantled, shall not be considered as subject to the limitations provided for in the Treaty. | START: Definitions Annex', 1991. Term 17 (90). https://www.acq.osd.mil/asda/ssipm/sdc/tc/start1/START1 annex definitions.html. | ibid.   Protocol. Part One: 28 The term ICBM launcher means a device intended or used to contain, prepare for launch, and launch an ICBM., 14 The term deployed launcher of ICBMs means an ICBM launcher that contains an ICBM and is not an ICBM test launcher, an ICBM training launcher, or an ICBM launcher located at a space launch facility., 49 The term non deployed launcher of ICBMs means an ICBM test launcher, an ICBM training launcher, an ICBM launcher located at a space launch facility, or an ICBM launcher, other than a soft site launcher, that does not contain a deployed ICBM., 80 The term test launcher1' means an ICBM launcher or an SLBM launcher located within a test range..",1972-07-01,,"Ibid. Article 1: The Parties undertake not to start construction of additional fixed land based intercontinental ballistic missile (ICBM) launchers after July 1, 1972. Comment: Common understaninding May 6, 1972, Minister Semenov made the following statement: In an effort to accommodate the wishes of the U.S. side, the Soviet Delegation is prepared to proceed on the basis that the two sides will in fact observe the obligations of both the Interim Agreement and the ABM Treaty beginning from the date of signature of these two documents. In reply, the U.S. Delegation made the following statement on May 20, 1972: The United States agrees in principle with the Soviet statement made on May 6 concerning observance of obligations beginning from date of signature but we would like to make clear our understanding that this means that, pending ratification and acceptance, neither side would take any action prohibited by the agreements after they had entered into force. This understanding would continue to apply in the absence of notification by either signatory of its intention not to proceed with ratification or approval. The Soviet Delegation indicated agreement with the U.S. statement.",2,,,0,0,1,0,0,0,0,0,0,1,1,1,0,1,0,1,0,1
1401,1.0,Launchers for light icbm,,,,,"Assumed directly upon entry into force. Comment: Common understaninding May 6, 1972, Minister Semenov made the following statement: In an effort to accommodate the wishes of the U.S. side, the Soviet Delegation is prepared to proceed on the basis that the two sides will in fact observe the obligations of both the Interim Agreement and the ABM Treaty beginning from the date of signature of these two documents. In reply, the U.S. Delegation made the following statement on May 20, 1972: The United States agrees in principle with the Soviet statement made on May 6 concerning observance of obligations beginning from date of signature but we would like to make clear our understanding that this means that, pending ratification and acceptance, neither side would take any action prohibited by the agreements after they had entered into force. This understanding would continue to apply in the absence of notification by either signatory of its intention not to proceed with ratification or approval. The Soviet Delegation indicated agreement with the U.S. statement.",0.0,,,0,0,0,0,0,0,0,0,0,1,0,0,0,0,0,0,0,0
1401,1.0,Launchers for icbms of older types deployed prior to 1964,,,,,"Assumed directly upon entry into force. Comment: Common understaninding May 6, 1972, Minister Semenov made the following statement: In an effort to accommodate the wishes of the U.S. side, the Soviet Delegation is prepared to proceed on the basis that the two sides will in fact observe the obligations of both the Interim Agreement and the ABM Treaty beginning from the date of signature of these two documents. In reply, the U.S. Delegation made the following statement on May 20, 1972: The United States agrees in principle with the Soviet statement made on May 6 concerning observance of obligations beginning from date of signature but we would like to make clear our understanding that this means that, pending ratification and acceptance, neither side would take any action prohibited by the agreements after they had entered into force. This understanding would continue to apply in the absence of notification by either signatory of its intention not to proceed with ratification or approval. The Soviet Delegation indicated agreement with the U.S. statement.",0.0,,,0,0,0,0,0,0,0,0,0,1,0,0,0,0,0,0,0,0
1401,1.0,Icbm test/training launcher,,,,,"Assumed directly upon entry into force. Comment: Common understaninding May 6, 1972, Minister Semenov made the following statement: In an effort to accommodate the wishes of the U.S. side, the Soviet Delegation is prepared to proceed on the basis that the two sides will in fact observe the obligations of both the Interim Agreement and the ABM Treaty beginning from the date of signature of these two documents. In reply, the U.S. Delegation made the following statement on May 20, 1972: The United States agrees in principle with the Soviet statement made on May 6 concerning observance of obligations beginning from date of signature but we would like to make clear our understanding that this means that, pending ratification and acceptance, neither side would take any action prohibited by the agreements after they had entered into force. This understanding would continue to apply in the absence of notification by either signatory of its intention not to proceed with ratification or approval. The Soviet Delegation indicated agreement with the U.S. statement.",0.0,,,0,0,0,0,0,0,0,0,0,1,0,1,0,0,0,0,0,0
1401 | 1403 | 2801 | 2802 | 2803,1.0,Summary category i (icbm launchers),,,,,,2,,,1,1,1,0,0,0,0,0,0,1,1,1,0,1,0,1,0,1
1401 | 1403 | 2801 | 2803,1.0,Slbm launcher,"A device intended or used to contain, prepare for launch, and launch an SLBM. | Launchers of ballistic missiles installed on any nuclear powered submarine or launchers of modern ballistic missiles installed on any submarine, regardless of its type. 2) For the United States of America, missiles installed in all nuclear powered submarines; for the Union of Soviet Socialist Republics, missiles of the type installed in nuclear powered submarines made operational since 1965; and for both Parties, submarine launched ballistic missiles first flight tested since 1965 and installed in any submarine, regardless of its type. | The term 'SLBM launcher means a device intended or used to contain, prepare for launch, and launch an SLBM. The term deployed launcher of SLBMs means an SLBM launcher installed on a submarine that has been launched, that contains an SLBM, and is not intended for testing or training. The term non deployed launcher of SLBMs means an SLBM launcher, other than a soft site launcher, that is intended for testing or training, or an SLBM launcher that does not contain a deployed SLBM.","Ibid. Article II:2: Submarine launched ballistic missile (SLBM) launchers are launchers of ballistic missiles installed on any nuclear powered submarine or launchers of modern ballistic missiles installed on any submarine, regardless of its type. Agreed statement: Modern submarine launched ballistic missiles are: for the United States of America, missiles installed in all nuclear powered submarines; for the Union of Soviet Socialist Republics, missiles of the type installed in nuclear powered submarines made operational since 1965; and for both Parties, submarine launched ballistic missiles first flight tested since 1965 and installed in any submarine, regardless of its type. | START: Definitions Annex', 1991. Term 100 (78). https://www.acq.osd.mil/asda/ssipm/sdc/tc/start1/START1 annex definitions.html. | ibid.   Protocol: Part One, 67 The term 'SLBM launcher means a device intended or used to contain, prepare for launch, and launch an SLBM., 15 The term deployed launcher of SLBMs means an SLBM launcher installed on a submarine that has been launched, that contains an SLBM, and is not intended for testing or training., 50 The term non deployed launcher of SLBMs means an SLBM launcher, other than a soft site launcher, that is intended for testing or training, or an SLBM launcher that does not contain a deployed SLBM..",,,"Assumed directly upon entry into force. Comment: Common understaninding May 6, 1972, Minister Semenov made the following statement: In an effort to accommodate the wishes of the U.S. side, the Soviet Delegation is prepared to proceed on the basis that the two sides will in fact observe the obligations of both the Interim Agreement and the ABM Treaty beginning from the date of signature of these two documents. In reply, the U.S. Delegation made the following statement on May 20, 1972: The United States agrees in principle with the Soviet statement made on May 6 concerning observance of obligations beginning from date of signature but we would like to make clear our understanding that this means that, pending ratification and acceptance, neither side would take any action prohibited by the agreements after they had entered into force. This understanding would continue to apply in the absence of notification by either signatory of its intention not to proceed with ratification or approval. The Soviet Delegation indicated agreement with the U.S. statement.",2,,,0,0,0,0,0,0,0,0,0,1,0,1,0,1,0,1,0,1
1401,1.0,Slbm test/training launcher,,,,,"Assumed directly upon entry into force. Comment: Common understaninding May 6, 1972, Minister Semenov made the following statement: In an effort to accommodate the wishes of the U.S. side, the Soviet Delegation is prepared to proceed on the basis that the two sides will in fact observe the obligations of both the Interim Agreement and the ABM Treaty beginning from the date of signature of these two documents. In reply, the U.S. Delegation made the following statement on May 20, 1972: The United States agrees in principle with the Soviet statement made on May 6 concerning observance of obligations beginning from date of signature but we would like to make clear our understanding that this means that, pending ratification and acceptance, neither side would take any action prohibited by the agreements after they had entered into force. This understanding would continue to apply in the absence of notification by either signatory of its intention not to proceed with ratification or approval. The Soviet Delegation indicated agreement with the U.S. statement.",0.0,,,0,0,0,0,0,0,0,0,0,1,0,1,0,0,0,0,0,0
1401 | 1403 | 2801 | 2803,1.0,Summary category j (slbm launchers),,,,,,2,,,1,1,0,0,0,0,0,0,0,1,0,1,0,1,0,0,0,1
1401 | 2801,1.0,Ballistic missile submarine,,,,,"Assumed directly upon entry into force. Comment: Common understaninding May 6, 1972, Minister Semenov made the following statement: In an effort to accommodate the wishes of the U.S. side, the Soviet Delegation is prepared to proceed on the basis that the two sides will in fact observe the obligations of both the Interim Agreement and the ABM Treaty beginning from the date of signature of these two documents. In reply, the U.S. Delegation made the following statement on May 20, 1972: The United States agrees in principle with the Soviet statement made on May 6 concerning observance of obligations beginning from date of signature but we would like to make clear our understanding that this means that, pending ratification and acceptance, neither side would take any action prohibited by the agreements after they had entered into force. This understanding would continue to apply in the absence of notification by either signatory of its intention not to proceed with ratification or approval. The Soviet Delegation indicated agreement with the U.S. statement.",0.0,,,0,0,0,0,0,0,0,0,0,0,0,0,0,1,0,0,0,0
1401,1.0,Summary category l (nuclear submarines),,,,,,,,,0,0,0,0,0,0,0,0,0,0,0,0,0,1,0,0,0,0
2801 | 2802,1.0,Heavy icbm,"An ICBM of a type, any one of which has a launch weight greater than 106,000 kilograms or a throw weight greater than 4350 kilograms. | The term heavy ICBM means an ICBM of a type, any one of which has a launch weight greater than 106,000 kilograms or a throw weight greater than 4350 kilograms.","Definitions for START I. ASD(a). Definitions Annex  Strategic Arms Reduction Talks (START) Treaty. Acquisition Office of the Assistant Secretary of Defense. Accessed September 8, 2023. https://www.acq.osd.mil/asda/ssipm/sdc/tc/start1/START1 annex definitions.html. Paragraph 39. | START: Definitions Annex', 1991. Term 39 (111). https://www.acq.osd.mil/asda/ssipm/sdc/tc/start1/START1 annex definitions.html.",2007-12-31,,"Phase 1: seven years after entry into force of the START Treaty, phase 2: January 1, 2003. Ibid. Article I:1,3.",1.0,"Phase 1: seven years after entry into force of the START Treaty, phase 2: January 1, 2003. Ibid. Article I:1,3.","Phase 1: seven years after entry into force of the START Treaty, phase 2: January 1, 2003. Ibid. Article I:1,3.",0,0,0,0,0,0,1,0,0,1,1,1,0,1,0,0,0,1
1403 | 2801 | 2802 | 2803,1.0,Heavy bomber,"A bomber of a type, any one of which satisfies either of the following criteria: 1) its range is greater than 8000 kilometers; or 2) it is equipped for long range nuclear ALCMs. A bomber shall not be considered to be a heavy bomber if it meets neither criterion (1) nor criterion (2), or if otherwise agreed. A bomber shall not be considered to be a heavy bomber if it is not equipped for long range nuclear ALCMs, if it is not a model or modification of an accountable heavy bomber, and if it is tested, equipped, and configured exclusively for maritime operations. For the purposes of this definition, the term modification of an accountable heavy bomber is understood to mean an airplane having a design essentially identical to the design of an accountable heavy bomber.A bomber of a type, any one of which has an integrated platform area in excess of 310 square meters, but that is not declared by a Party as a heavy bomber, shall be considered to be a heavy bomber unless the deploying Party provides the Joint Compliance and Inspection Commission with information demonstrating to the satisfaction of the other Party that this bomber does not meet the criterion provided for in subparagraph (a) and does not meet the criterion provided for in subparagraph (b). Heavy bombers of the Parties of the types existing as of the date of signature of the Treaty are specified in Article III of the Treaty. | For the United States of America, bombers of the B 52 and B 1 types, and for the Union of Soviet Socialist Republics, bombers of the Tupolev 95 and Myasishchev types. 2) In the future, types of bombers which can carry out the mission of a heavy bomber in a manner similar or superior to that of bombers currently. 3) Types of bombers equipped for cruise missiles capable of a range in excess of 600 kilometers. 4) Types of bombers equipped for ASBMs (Not airplanes which otherwise would be bombers of a heavy bomber type if they have functionally related observable differences which indicate that they cannot perform the mission of a heavy bomber, airplanes which otherwise would be bombers of a type equipped for cruise missiles capable of a range in excess of 600 kilometers if they have functionally related observable differences which indicate that they cannot perform the mission of a bomber equipped for cruise missiles capable of a range in excess of 600 kilometers ( except that heavy bombers of current types, as designated in subparagraph 3(a) of Article II of the Treaty, which otherwise would be of a type equipped for cruise missiles capable of a range in excess of 600 kilometers shall not be considered to be heavy bombers of a type equipped for cruise missiles capable of a range in excess of 600 kilometers if they are distinguishable on the basis of externally observable differences from heavy bombers of a type equipped for cruise missiles capable of a range in excess of 600 kilometers; and), airplanes which otherwise would be bombers of a type equipped for ASBMs if they have functionally related observable differences which indicate that they cannot perform the mission of a bomber equipped for ASBMs(except that heavy bombers of current types, as designated in subparagraph 3(a) of Article II of the Treaty, which otherwise would be of a type equipped for ASBMs shall not be considered to be heavy bombers of a type equipped for ASBMs if they are distinguishable on the basis of externally observable differences from heavy bombers of a type equipped for ASBMs)). 3) Functionally related observable differences are differences in the observable features of airplanes which indicate whether or not these airplanes can perform the mission of a heavy bomber, or whether or not they can perform the mission of a bomber equipped for cruise missiles capable of a range in excess of 600 kilometers or whether or not they can perform the mission of a bomber equipped for ASBMs. 5. Tupolev 142 airplanes in their current configuration, that is, in the configuration for anti submarine warfare, are considered to be airplanes of a type different from types of heavy bombers referred to in subparagraph 3(a) of Article II of the Treaty and not subject to the Fourth Agreed Statement to paragraph 3 of Article II of the Treaty. This Agreed Statement does not preclude improvement of Tupolev 142 airplanes as an anti submarine system, and does not prejudice or set a precedent for designation in the future of types of airplanes as heavy bombers pursuant to subparagraph 3(b) of Article II of the Treaty or for application of the Fourth Agreed Statement to paragraph 3 of Article II of the Treaty to such airplanes. 6. Heavy bombers of the types designated by the United States of America as the B 52 and the B 1 are known to the Union of Soviet Socialist Republics by the same designations; Heavy bombers of the type designated by the Union of Soviet Socialist Republics as the Tupolev 95 are known to the United States of America as heavy bombers of the Bear type; and Heavy bombers of the type designated by the Union of Soviet Socialist Republics as the Myasishchev are known to the United States of America as heavy bombers of the Bison type. | The term heavy bomber means a bomber of a type, any one of which satisfies either of the following criteria: (a) Its range is greater than 8000 kilometers; or (b) It is equipped for long range nuclear ALCMs. A bomber shall not be considered to be a heavy bomber if it meets neither criterion (a) nor criterion (b) or if otherwise agreed by the Parties. deployed heavy bomber means a heavy bomber equipped for nuclear armaments, other than a test heavy bomber or a heavy bomber located at a repair facility or at a production facility. The term non deployed heavy bomber means a test heavy bomber or a heavy bomber equipped for nuclear armaments located at a repair facility or at a production facility. | The term heavy bomber means a bomber of a type, any one of which satisfies either of the following criteria:(a) its range is greater than 8000 kilometers; or(b) it is equipped for long range nuclear ALCMs.","Definitions for START I. ASD(a). Definitions Annex  Strategic Arms Reduction Talks (START) Treaty. Acquisition Office of the Assistant Secretary of Defense. Accessed September 8, 2023. https://www.acq.osd.mil/asda/ssipm/sdc/tc/start1/START1 annex definitions.html. Paragraph 36. | Ibid. Article II:3: Heavy bombers are considered to be:(b) in the future, types of bombers which can carry out the mission of a heavy bomber in a manner similar or superior to that of bombers listed in subparagraph (a) above;(c) types of bombers equipped for cruise missiles capable of a range in excess of 600 kilometers; and(d) types of bombers equipped for ASBMs.(a) currently, for the United States of America, bombers of the B 52 and B 1 types, and for the Union of Soviet Socialist Republics, bombers of the Tupolev 95 and Myasishchev types; First Agreed statements: The term bombers, as used in paragraph 3 of Article II and other provisions of the Treaty, means airplanes of types initially constructed to be equipped for bombs or missiles. Fourth Agreed statement: Having agreed that every bomber of a type included in paragraph 3 of Article II of the Treaty is to be considered a heavy bomber, the Parties further agree that:(a) airplanes which otherwise would be bombers of a heavy bomber type shall not be considered to be bombers of a heavy bomber type if they have functionally related observable differences which indicate that they cannot perform the mission of a heavy bomber; (b) airplanes which otherwise would be bombers of a type equipped for cruise missiles capable of a range in excess of 600 kilometers shall not be considered to be bombers of a type equipped for cruise missiles capable of a range in excess of 600 kilometers if they have functionally related observable differences which indicate that they cannot perform the mission of a bomber equipped for cruise missiles capable of a range in excess of 600 kilometers, except that heavy bombers of current types, as designated in subparagraph 3(a) of Article II of the Treaty, which otherwise would be of a type equipped for cruise missiles capable of a range in excess of 600 kilometers shall not be considered to be heavy bombers of a type equipped for cruise missiles capable of a range in excess of 600 kilometers if they are distinguishable on the basis of externally observable differences from heavy bombers of a type equipped for cruise missiles capable of a range in excess of 600 kilometers; and (c) airplanes which otherwise would be bombers of a type equipped for ASBMs shall not be considered to be bombers of a type equipped for ASBMs if they have functionally related observable differences which indicate that they cannot perform the mission of a bomber equipped for ASBMs, except that heavy bombers of current types, as designated in subparagraph 3(a) of Article II of the Treaty, which otherwise would be of a type equipped for ASBMs shall not be considered to be heavy bombers of a type equipped for ASBMs if they are distinguishable on the basis of externally observable differences from heavy bombers of a type equipped for ASBMs. First Common Understanding: Functionally related observable differences are differences in the observable features of airplanes which indicate whether or not these airplanes can perform the mission of a heavy bomber, or whether or not they can perform the mission of a bomber equipped for cruise missiles capable of a range in excess of 600 kilometers or whether or not they can perform the mission of a bomber equipped for ASBMs. Functionally related observable differences shall be verifiable by national technical means. To this end, the Parties may take, as appropriate, cooperative measures contributing to the effectiveness of verification by national technical means. Fifth Agreed Statement: Tupolev 142 airplanes in their current configuration, that is, in the configuration for anti submarine warfare, are considered to be airplanes of a type different from types of heavy bombers referred to in subparagraph 3(a) of Article II of the Treaty and not subject to the Fourth Agreed Statement to paragraph 3 of Article II of the Treaty. This Agreed Statement does not preclude improvement of Tupolev 142 airplanes as an anti submarine system, and does not prejudice or set a precedent for designation in the future of types of airplanes as heavy bombers pursuant to subparagraph 3(b) of Article II of the Treaty or for application of the Fourth Agreed Statement to paragraph 3 of Article II of the Treaty to such airplanes. Third Common Understanding: The designations by the United States of America and by the Union of Soviet Socialist Republics for heavy bombers referred to in subparagraph 3(a) of Article II of the Treaty correspond in the following manner: Heavy bombers of the types designated by the United States of America as the B 52 and the B 1 are known to the Union of Soviet Socialist Republics by the same designations; Heavy bombers of the type designated by the Union of Soviet Socialist Republics as the Tupolev 95 are known to the United States of America as heavy bombers of the Bear type; and Heavy bombers of the type designated by the Union of Soviet Socialist Republics as the Myasishchev are known to the United States of America as heavy bombers of the Bison type. | START: Definitions Annex', 1991. Term 36 (112). https://www.acq.osd.mil/asda/ssipm/sdc/tc/start1/START1 annex definitions.html. | ibid.   Protocol: Part One, 23 The term heavy bomber means a bomber of a type, any one of which satisfies either of the following criteria: (a) Its range is greater than 8000 kilometers; or (b) It is equipped for long range nuclear ALCMs. A bomber shall not be considered to be a heavy bomber if it meets neither criterion (a) nor criterion (b) or if otherwise agreed by the Parties., 12 The term deployed heavy bomber means a heavy bomber equipped for nuclear armaments, other than a test heavy bomber or a heavy bomber located at a repair facility or at a production facility., 47 The term non deployed heavy bomber means a test heavy bomber or a heavy bomber equipped for nuclear armaments located at a repair facility or at a production facility.",2007-12-31,,"Phase 1: seven years after entry into force of the START Treaty, phase 2: January 1, 2003. Ibid. Article I:1,3.",1.0,"Phase 1: seven years after entry into force of the START Treaty, phase 2: January 1, 2003. Ibid. Article I:1,3.","Phase 1: seven years after entry into force of the START Treaty, phase 2: January 1, 2003. Ibid. Article I:1,3.",0,0,0,0,0,0,0,0,0,1,0,1,0,1,0,0,0,1
1403 | 2801 | 2802 | 2803,1.0,Summary category k (heavy bombers),,,,,,2,,,0,0,0,0,0,0,0,0,0,1,0,1,0,1,0,0,0,1
2802,1.0,Warheads attributed to icbm,,,2007-12-31,,"Phase 1: seven years after entry into force of the START Treaty, phase 2: January 1, 2003. Ibid. Article I:1,3.",1.0,"Phase 1: seven years after entry into force of the START Treaty, phase 2: January 1, 2003. Ibid. Article I:1,3.","Phase 1: seven years after entry into force of the START Treaty, phase 2: January 1, 2003. Ibid. Article I:1,3.",0,0,0,0,0,0,0,0,0,0,0,0,0,1,0,0,0,1
2802,1.0,Warheads attributed to slbm,,,2007-12-31,,"Phase 1: seven years after entry into force of the START Treaty, phase 2: January 1, 2003. Ibid. Article I:1,3.",1.0,"Phase 1: seven years after entry into force of the START Treaty, phase 2: January 1, 2003. Ibid. Article I:1,3.","Phase 1: seven years after entry into force of the START Treaty, phase 2: January 1, 2003. Ibid. Article I:1,3.",0,0,0,0,0,0,0,0,0,0,0,0,0,1,0,0,0,1
2802,1.0,Warheads attributed to heavy bomber,,,2007-12-31,,"Phase 1: seven years after entry into force of the START Treaty, phase 2: January 1, 2003. Ibid. Article I:1,3.",1.0,"Phase 1: seven years after entry into force of the START Treaty, phase 2: January 1, 2003. Ibid. Article I:1,3.","Phase 1: seven years after entry into force of the START Treaty, phase 2: January 1, 2003. Ibid. Article I:1,3.",0,0,0,0,0,0,0,0,0,0,0,0,0,1,0,0,0,1
270 | 344 | 450,1.0,Battle tank,"Battle tank means a self propelled armoured fighting vehicle, capable of heavy firepower, primarily of a high muzzle velocity direct fire main gun necessary to engage armoured and other targets, with high cross country mobility, with a high level of self protection, and which is not designed and equipped primarily to transport combat troops. Such armoured vehicles serve as the principal weapon system of ground force tank and other armoured formations. Battle tanks are tracked armoured fighting vehicles which weigh at least 16.5 metric tonnes unladen weight and which are armed with a 360 degree traverse gun of at least 75 millimeters calibre. In addition, any wheeled armoured fighting vehicles entering into service which meet all the other criteria stated above shall also be deemed battle tanks.","Ibid. Article II:c: battle tank means a self propelled armoured fighting vehicle, capable of heavy firepower, primarily of a high muzzle velocity direct fire main gun necessary to engage armoured and other targets, with high cross country mobility, with a high level of self protection, and which is not designed and equipped primarily to transport combat troops. Such armoured vehicles serve as the principal weapon system of ground force tank and other armoured formations. Battle tanks are tracked armoured fighting vehicles which weigh at least 16.5 metric tonnes unladen weight and which are armed with a 360 degree traverse gun of at least 75 millimeters calibre. In addition, any wheeled armoured fighting vehicles entering into service which meet all the other criteria stated above shall also be deemed battle tanks.",,,Assumed directly upon force given no explicit indication otherwise,2,,,0,0,0,0,0,0,0,0,0,0,0,0,1,1,1,0,0,1
450,1.0,Missiles and missile launcher,,,,,Assumed directly upon force given no explicit indication otherwise,0.0,,,0,0,0,0,0,0,0,0,0,0,0,0,1,0,1,0,0,0
375 | 387 | 400 | 425 | 440 | 450,1.0,Small arms and light weapon,"Firearms means any portable barrelled weapon that expels, is designed to expel or may be readily converted to expel a shot, bullet or projectile by the action of an explosive, excluding antique firearms or their replicas. Antique firearms and their replicas shall be defined in accordance with domestic law. In no case, however, shall antique firearms include firearms manufactured after 1899, or any other weapon or destructive device such as an explosive bomb, incendiary bomb or gas bomb, grenade, rocket launcher, missile, missile system or mine.","Ibid. Article 1:c: firearms, meaning: (a) any portable barrelled weapon that expels, is designed to expel or may be readily converted to expel a shot, bullet or projectile by the action of an explosive, excluding antique firearms or their replicas. Antique firearms and their replicas shall be defined in accordance with domestic law. In no case, however, shall antique firearms include firearms manufactured after 1899; (b) any other weapon or destructive device such as an explosive bomb, incendiary bomb or gas bomb, grenade, rocket launcher, missile, missile system or mine ",,,Assumed directly upon force given no explicit indication otherwise,2,,,0,0,1,1,0,0,1,0,0,0,0,1,1,1,1,0,1,0
450,1.0,Ammunition/munition,,,,,Assumed directly upon force given no explicit indication otherwise,0.0,,,0,0,0,0,0,0,0,0,0,0,0,0,1,0,1,0,0,0
450,3.0,Parts and component,,,,,Assumed directly upon force given no explicit indication otherwise,0.0,,,0,0,0,0,0,0,0,0,0,0,0,0,1,0,1,0,0,0
270 | 344 | 450,1.0,Armoured combat vehicle,"The term armoured combat vehicle means a self propelled vehicle with armoured protection and cross country capability. Armoured combat vehicles include armoured personnel carriers, armoured infantry fighting vehicles and heavy armament combat vehicles. The term armoured personnel carrier means an armoured combat vehicle which is designed and equipped to transport a combat infantry squad and which, as a rule, is armed with an integral or organic weapon of less than 20 millimeters calibre.","Ibid. Article II:1:D: The term armoured combat vehicle means a self propelled vehicle with armoured protection and cross country capability. Armoured combat vehicles include armoured personnel carriers, armoured infantry fighting vehicles and heavy armament combat vehicles. The term armoured personnel carrier means an armoured combat vehicle which is designed and equipped to transport a combat infantry squad and which, as a rule, is armed with an integral or organic weapon of less than 20 millimeters calibre.",,,Assumed directly upon force given no explicit indication otherwise,2,,,0,0,0,0,0,0,0,0,0,0,0,0,1,1,1,0,0,1
450,1.0,Large calibre artillery system,,,,,Assumed directly upon force given no explicit indication otherwise,0.0,,,0,0,0,0,0,0,0,0,0,0,0,0,1,0,1,0,0,0
270 | 344 | 450,1.0,Combat aircraft,"The term combat aircraft means a fixed wing or variable geometry wing aircraft armed and equipped to engage targets by employing guided missiles, unguided rockets, bombs, guns, cannons, or other weapons of destruction, as well as any model or version of such an aircraft which performs other military functions such as reconnaissance or electronic warfare. The term combat aircraft does not include primary trainer aircraft.","Ibid. Article II:1:K: The term combat aircraft means a fixed wing or variable geometry wing aircraft armed and equipped to engage targets by employing guided missiles, unguided rockets, bombs, guns, cannons, or other weapons of destruction, as well as any model or version of such an aircraft which performs other military functions such as reconnaissance or electronic warfare. The term combat aircraft does not include primary trainer aircraft.",,,Assumed directly upon force given no explicit indication otherwise,2,,,0,0,0,0,0,0,0,0,0,0,0,0,1,1,1,0,0,1
270 | 344 | 450,1.0,Attack helicopter,"The term attack helicopter means a combat helicopter equipped to employ anti amour, air to ground, or air to air guided weapons and equipped with an integrated fire control and aiming system for these weapons. The term attack helicopter comprises specialized attack helicopters and multi purpose attack helicopters.","Ibid. Article II:1:M: The term attack helicopter means a combat helicopter equipped to employ anti amour, air to ground, or air to air guided weapons and equipped with an integrated fire control and aiming system for these weapons. The term attack helicopter comprises specialized attack helicopters and multi purpose attack helicopters.",,,Assumed directly upon force given no explicit indication otherwise,2,,,0,0,0,0,0,0,0,0,0,0,0,0,1,1,1,0,0,1
450,1.0,Warship,,,,,Assumed directly upon force given no explicit indication otherwise,0.0,,,0,0,0,0,0,0,0,0,0,0,0,0,1,0,1,0,0,0
272 | 282 | 310 | 405,1.0,Chemical weapon,"Chemical Weapons means the following, together or separately:(a) Toxic chemicals and their precursors, except where intended for purposes not prohibited under this Convention, as long as the types and quantities are consistent with such purposes;(b) Munitions and devices, specifically designed to cause death or other harm through the toxic properties of those toxic chemicals specified in subparagraph(a), which would be released as a result of the employment of such munitions and devices;(c) Any equipment specifically designed for use directly in connection with the employment of munitions and devices specified in subparagraph (b).",Ibid. Article II:1.,,,Assumed ,2,,,1,0,1,1,0,0,1,1,0,0,0,0,0,0,0,0,0,0
310,3.0,Schedule 1 chemical,"The following criteria shall be taken into account in considering whether a toxicchemical or precursor should be included in Schedule 1:(a) It has been developed, produced, stockpiled or used as a chemical weapon asdefined in Article II;(b) It poses otherwise a high risk to the object and purpose of this Convention byvirtue of its high potential for use in activities prohibited under thisConvention because one or more of the following conditions are met:(i) It possesses a chemical structure closely related to that of other toxicchemicals listed in Schedule 1, and has, or can be expected to have,comparable properties;(ii) It possesses such lethal or incapacitating toxicity as well as otherproperties that would enable it to be used as a chemical weapon;(iii) It may be used as a precursor in the final single technological stage ofproduction of a toxic chemical listed in Schedule 1, regardless ofwhether this stage takes place in facilities, in munitions or elsewhere;(c) It has little or no use for purposes not prohibited under this Convention.",Ibid. Annex on Chemicals. Part A:1.,,,Assumed ,0.0,,,0,0,0,0,0,0,0,0,0,0,0,1,1,1,1,1,0,0
310,3.0,Schedule 2 chemical,"The following criteria shall be taken into account in considering whether a toxicchemical not listed in Schedule 1 or a precursor to a Schedule 1 chemical or to achemical listed in Schedule 2, part A, should be included in Schedule 2:(a) It poses a significant risk to the object and purpose of this Convention becauseit possesses such lethal or incapacitating toxicity as well as other propertiesthat could enable it to be used as a chemical weapon;(b) It may be used as a precursor in one of the chemical reactions at the final stageof formation of a chemical listed in Schedule 1 or Schedule 2, part A;(c) It poses a significant risk to the object and purpose of this Convention byvirtue of its importance in the production of a chemical listed in Schedule 1 orSchedule 2, part A;(d) It is not produced in large commercial quantities for purposes not prohibitedunder this Convention.",Ibid. Annex on Chemicals. Part A:2.,,,Assumed ,0.0,,,0,0,0,0,0,0,0,0,0,0,0,1,1,1,1,1,0,0
310,3.0,Schedule 3 chemical,"The following criteria shall be taken into account in considering whether a toxicchemical or precursor, not listed in other Schedules, should be included in Schedule3:(a) It has been produced, stockpiled or used as a chemical weapon;(b) It poses otherwise a risk to the object and purpose of this Convention becauseit possesses such lethal or incapacitating toxicity as well as other propertiesthat might enable it to be used as a chemical weapon;(c) It poses a risk to the object and purpose of this Convention by virtue of itsimportance in the production of one or more chemicals listed in Schedule 1 orSchedule 2, part B;(d) It may be produced in large commercial quantities for purposes not prohibitedunder this Convention.",Ibid. Annex on Chemicals. Part A:3.,,,Assumed ,0.0,,,0,0,0,0,0,0,0,0,0,0,0,1,1,1,1,1,0,0
310,1.0,Summary category f (chemical weapons),,,,,,,,,1,0,1,0,0,0,1,1,0,0,0,1,1,1,1,1,0,0
190001,1.0,Weapons with the primary effect to injure by non-detectable fragment,,,,,"Assumed directly upon entry into force. Comment: Common understaninding May 6, 1972, Minister Semenov made the following statement: In an effort to accommodate the wishes of the U.S. side, the Soviet Delegation is prepared to proceed on the basis that the two sides will in fact observe the obligations of both the Interim Agreement and the ABM Treaty beginning from the date of signature of these two documents. In reply, the U.S. Delegation made the following statement on May 20, 1972: The United States agrees in principle with the Soviet statement made on May 6 concerning observance of obligations beginning from date of signature but we would like to make clear our understanding that this means that, pending ratification and acceptance, neither side would take any action prohibited by the agreements after they had entered into force. This understanding would continue to apply in the absence of notification by either signatory of its intention not to proceed with ratification or approval. The Soviet Delegation indicated agreement with the U.S. statement.",0.0,,,0,0,0,0,0,0,0,1,0,0,0,0,0,0,0,0,0,0
190002 | 190005,1.0,Mine,"A munition placed under, on or near the ground orother surface area and designed to be exploded by the presence, proximity or contact of a person or vehicle. | Any munition placed under, on or near the ground or other surface area and designed to be detonated or exploded by the presence, proximity or contact of a person or vehicle, and remotely delivered mine means any mine so defined delivered by artillery, rocket, mortar or similar means or dropped from an aircraft.","Ibid. Article 2:1:  Mine means a munition placed under, on or near the ground orother surface area and designed to be exploded by the presence, proximity or contact of a person or vehicle. | ibid. Article 2:1: Mine means any munition placed under, on or near the ground or other surface area and designed to be detonated or exploded by the presence, proximity or contact of a person or vehicle, and remotely delivered mine means any mine so defined delivered by artillery, rocket, mortar or similar means or dropped from an aircraft.",,,"Assumed directly upon entry into force. Comment: Common understaninding May 6, 1972, Minister Semenov made the following statement: In an effort to accommodate the wishes of the U.S. side, the Soviet Delegation is prepared to proceed on the basis that the two sides will in fact observe the obligations of both the Interim Agreement and the ABM Treaty beginning from the date of signature of these two documents. In reply, the U.S. Delegation made the following statement on May 20, 1972: The United States agrees in principle with the Soviet statement made on May 6 concerning observance of obligations beginning from date of signature but we would like to make clear our understanding that this means that, pending ratification and acceptance, neither side would take any action prohibited by the agreements after they had entered into force. This understanding would continue to apply in the absence of notification by either signatory of its intention not to proceed with ratification or approval. The Soviet Delegation indicated agreement with the U.S. statement.",0.0,,,0,0,0,0,0,0,0,0,0,0,0,0,0,0,1,1,0,0
190002 | 190005,1.0,Booby trap,"Any device or material which is designed, constructed or adapted to kill or injure and which functions unexpectedly when a person disturbs or approaches an apparently harmless object or performs an apparently safe act. | Any device or material which is designed, constructed, or adapt ed to kill or injure, and which functions unexpectedly when a person disturbs or approaches an apparently harmless object or performs an apparently safe act.","Ibid. Article 2:2: Booby trap means any device or material which is designed, constructed or adapted to kill or injure and which functions unexpectedly when a person disturbs or approaches an apparently harmless object or performs an apparently safe act. | Ibid. Article 2:4: Booby trap means any device or material which is designed, constructed, or adapt ed to kill or injure, and which functions unexpectedly when a person disturbs or approaches an apparently harmless object or performs an apparently safe act.",,,"Assumed directly upon entry into force. Comment: Common understaninding May 6, 1972, Minister Semenov made the following statement: In an effort to accommodate the wishes of the U.S. side, the Soviet Delegation is prepared to proceed on the basis that the two sides will in fact observe the obligations of both the Interim Agreement and the ABM Treaty beginning from the date of signature of these two documents. In reply, the U.S. Delegation made the following statement on May 20, 1972: The United States agrees in principle with the Soviet statement made on May 6 concerning observance of obligations beginning from date of signature but we would like to make clear our understanding that this means that, pending ratification and acceptance, neither side would take any action prohibited by the agreements after they had entered into force. This understanding would continue to apply in the absence of notification by either signatory of its intention not to proceed with ratification or approval. The Soviet Delegation indicated agreement with the U.S. statement.",0.0,,,0,0,0,0,0,0,0,0,0,0,0,0,0,0,0,1,0,0
190002 | 190005,1.0,Other devise,"Manually emplaced munitions and devices designed to kill, injure or damage and which are actuated by remote control or automatically after a lapse of time. | Manually emplaced munitions and devices including improvised explosivedevices designed to kill, injure or damage and which are actuated manually, by remote control or automatically after a lapse of time.","Ibid. Article 2:3: Other devices means manually emplaced munitions and devices designed to kill, injure or damage and which are actuated by remote control or automatically after a lapse of time. | Ibid. Article 2:5: Other devices means manually emplaced munitions and devices including improvised explosivedevices designed to kill, injure or damage and which are actuated manually, by remote control or automatically after a lapse of time.",,,"Assumed directly upon entry into force. Comment: Common understaninding May 6, 1972, Minister Semenov made the following statement: In an effort to accommodate the wishes of the U.S. side, the Soviet Delegation is prepared to proceed on the basis that the two sides will in fact observe the obligations of both the Interim Agreement and the ABM Treaty beginning from the date of signature of these two documents. In reply, the U.S. Delegation made the following statement on May 20, 1972: The United States agrees in principle with the Soviet statement made on May 6 concerning observance of obligations beginning from date of signature but we would like to make clear our understanding that this means that, pending ratification and acceptance, neither side would take any action prohibited by the agreements after they had entered into force. This understanding would continue to apply in the absence of notification by either signatory of its intention not to proceed with ratification or approval. The Soviet Delegation indicated agreement with the U.S. statement.",0.0,,,0,0,0,0,0,0,0,0,0,0,0,0,0,0,0,1,0,0
190002,1.0,Mines other than remotely delivered mine,"Any munition placed under, on or near the ground or other surface area and designed to be detonated or exploded by the presence, proximity or contact of a person or vehicle","Ibid. Article 2:1: Mine means any munition placed under, on or near the ground or other surface area and designed to be detonated or exploded by the presence, proximity or contact of a person or vehicle, and remotely delivered mine means any mine so defined delivered by artillery, rocket, mortar or similar means or dropped from an aircraft.",,,"Assumed directly upon entry into force. Comment: Common understaninding May 6, 1972, Minister Semenov made the following statement: In an effort to accommodate the wishes of the U.S. side, the Soviet Delegation is prepared to proceed on the basis that the two sides will in fact observe the obligations of both the Interim Agreement and the ABM Treaty beginning from the date of signature of these two documents. In reply, the U.S. Delegation made the following statement on May 20, 1972: The United States agrees in principle with the Soviet statement made on May 6 concerning observance of obligations beginning from date of signature but we would like to make clear our understanding that this means that, pending ratification and acceptance, neither side would take any action prohibited by the agreements after they had entered into force. This understanding would continue to apply in the absence of notification by either signatory of its intention not to proceed with ratification or approval. The Soviet Delegation indicated agreement with the U.S. statement.",0.0,,,0,0,0,0,0,0,0,0,0,0,0,0,0,0,0,1,0,0
190002,1.0,Certain booby trap,,,,,"Assumed directly upon entry into force. Comment: Common understaninding May 6, 1972, Minister Semenov made the following statement: In an effort to accommodate the wishes of the U.S. side, the Soviet Delegation is prepared to proceed on the basis that the two sides will in fact observe the obligations of both the Interim Agreement and the ABM Treaty beginning from the date of signature of these two documents. In reply, the U.S. Delegation made the following statement on May 20, 1972: The United States agrees in principle with the Soviet statement made on May 6 concerning observance of obligations beginning from date of signature but we would like to make clear our understanding that this means that, pending ratification and acceptance, neither side would take any action prohibited by the agreements after they had entered into force. This understanding would continue to apply in the absence of notification by either signatory of its intention not to proceed with ratification or approval. The Soviet Delegation indicated agreement with the U.S. statement.",0.0,,,0,0,0,0,0,0,0,0,0,0,0,0,0,0,0,1,0,0
190003,1.0,Incendiary weapon,"Any weapon or munition which is primarily designed to set fire to objects or to cause burn injury to persons through the action of flame, heat, or a combination thereof, produced by a chemical reaction of a substance delivered on the target. (a) Incendiary weapons can take the form of, for example, flame throwers, fougasses, shells, rockets, grenades, mines, bombs and other containers of incendiary substances.  (b) Incendiary weapons do not include:   (i) Munitions which may have incidental incendiary effects, such as illuminants, tracers, smoke or signalling systems;   (ii) Munitions designed to combine penetration, blast or fragmentation effects with an additional incendiary effect, such as armour piercing projectiles, fragmentation shells, explosive bombs and similar combined effects munitions in which the incendiary effect is not specifically designed to cause burn injury to persons, but to be used against military objectives, such as armoured vehicles, aircraft and installations or facilities.","Ibid. Article 1: 1: 1. Incendiary weapon means any weapon or munition which is primarily designed to set fire to objects or to cause burn injury to persons through the action of flame, heat, or a combination thereof, produced by a chemical reaction of a substance delivered on the target.  (a) Incendiary weapons can take the form of, for example, flame throwers, fougasses, shells, rockets, grenades, mines, bombs and other containers of incendiary substances.  (b) Incendiary weapons do not include:   (i) Munitions which may have incidental incendiary effects, such as illuminants, tracers, smoke or signalling systems;   (ii) Munitions designed to combine penetration, blast or fragmentation effects with an additional incendiary effect, such as armour piercing projectiles, fragmentation shells, explosive bombs and similar combined effects munitions in which the incendiary effect is not specifically designed to cause burn injury to persons, but to be used against military objectives, such as armoured vehicles, aircraft and installations or facilities.",,,"Assumed directly upon entry into force. Comment: Common understaninding May 6, 1972, Minister Semenov made the following statement: In an effort to accommodate the wishes of the U.S. side, the Soviet Delegation is prepared to proceed on the basis that the two sides will in fact observe the obligations of both the Interim Agreement and the ABM Treaty beginning from the date of signature of these two documents. In reply, the U.S. Delegation made the following statement on May 20, 1972: The United States agrees in principle with the Soviet statement made on May 6 concerning observance of obligations beginning from date of signature but we would like to make clear our understanding that this means that, pending ratification and acceptance, neither side would take any action prohibited by the agreements after they had entered into force. This understanding would continue to apply in the absence of notification by either signatory of its intention not to proceed with ratification or approval. The Soviet Delegation indicated agreement with the U.S. statement.",0.0,,,0,0,0,0,0,0,0,0,0,0,0,0,0,0,0,1,0,0
190003,1.0,Air-delivered incendiary weapon,,,,,"Assumed directly upon entry into force. Comment: Common understaninding May 6, 1972, Minister Semenov made the following statement: In an effort to accommodate the wishes of the U.S. side, the Soviet Delegation is prepared to proceed on the basis that the two sides will in fact observe the obligations of both the Interim Agreement and the ABM Treaty beginning from the date of signature of these two documents. In reply, the U.S. Delegation made the following statement on May 20, 1972: The United States agrees in principle with the Soviet statement made on May 6 concerning observance of obligations beginning from date of signature but we would like to make clear our understanding that this means that, pending ratification and acceptance, neither side would take any action prohibited by the agreements after they had entered into force. This understanding would continue to apply in the absence of notification by either signatory of its intention not to proceed with ratification or approval. The Soviet Delegation indicated agreement with the U.S. statement.",0.0,,,0,0,0,0,0,0,0,0,0,0,0,0,0,0,0,1,0,0
190004,1.0,Laser weapon,"Laser weapons specifically designed to cause permanent blindness to unenhanced vision, that is to the naked eye or to the eye with corrective eyesight devices. For the purpose of this Protocol permanent blindness means irreversible and uncorrectable loss of vision which is seriously disabling with no prospect of recovery. Serious disability is equivalent to visual acuity of less than 20/200 Snellen measured using both eyes.","Ibid. Article 1:It is prohibited to employ laser weapons specifically designed, as their sole combat function or as one of their combat functions, to cause permanent blindness to unenhanced vision, that is to the naked eye or to the eye with corrective eyesight devices. The High Contracting Parties shall not transfer such weapons to any State or non-State entity. Article 4: For the purpose of this Protocol permanent blindness means irreversible and uncorrectable loss of vision which is seriously disabling with no prospect of recovery. Serious disability is equivalent to visual acuity of less than 20/200 Snellen measured using both eyes.",,,"Assumed directly upon entry into force. Comment: Common understaninding May 6, 1972, Minister Semenov made the following statement: In an effort to accommodate the wishes of the U.S. side, the Soviet Delegation is prepared to proceed on the basis that the two sides will in fact observe the obligations of both the Interim Agreement and the ABM Treaty beginning from the date of signature of these two documents. In reply, the U.S. Delegation made the following statement on May 20, 1972: The United States agrees in principle with the Soviet statement made on May 6 concerning observance of obligations beginning from date of signature but we would like to make clear our understanding that this means that, pending ratification and acceptance, neither side would take any action prohibited by the agreements after they had entered into force. This understanding would continue to apply in the absence of notification by either signatory of its intention not to proceed with ratification or approval. The Soviet Delegation indicated agreement with the U.S. statement.",0.0,,,0,0,0,0,0,0,1,0,0,0,0,0,0,0,0,1,0,0
190006,3.0,Explosive reminants of war,Explosive remnants of war means unexploded ordnance and abandoned explosive ordnance.,Ibid. Article 2:4: Explosive remnants of war means unexploded ordnance and abandoned explosive ordnance.,,,"Assumed directly upon entry into force. Comment: Common understaninding May 6, 1972, Minister Semenov made the following statement: In an effort to accommodate the wishes of the U.S. side, the Soviet Delegation is prepared to proceed on the basis that the two sides will in fact observe the obligations of both the Interim Agreement and the ABM Treaty beginning from the date of signature of these two documents. In reply, the U.S. Delegation made the following statement on May 20, 1972: The United States agrees in principle with the Soviet statement made on May 6 concerning observance of obligations beginning from date of signature but we would like to make clear our understanding that this means that, pending ratification and acceptance, neither side would take any action prohibited by the agreements after they had entered into force. This understanding would continue to apply in the absence of notification by either signatory of its intention not to proceed with ratification or approval. The Soviet Delegation indicated agreement with the U.S. statement.",0.0,,,0,0,0,0,0,0,0,0,0,0,0,0,0,0,0,0,1,0
190006,1.0,Explosive ordnance,"Conventional munitions containing explosives, with the exception of mines, booby traps and other devices as defined in Protocol II of this Convention as amended on 3 May 1996.","Ibid. Article 2:1: Explosive ordnance means conventional munitions containing explosives, with the exception of mines, booby traps and other devices as defined in Protocol II of this Convention as amended on 3 May 1996. ",,,"Assumed directly upon entry into force. Comment: Common understaninding May 6, 1972, Minister Semenov made the following statement: In an effort to accommodate the wishes of the U.S. side, the Soviet Delegation is prepared to proceed on the basis that the two sides will in fact observe the obligations of both the Interim Agreement and the ABM Treaty beginning from the date of signature of these two documents. In reply, the U.S. Delegation made the following statement on May 20, 1972: The United States agrees in principle with the Soviet statement made on May 6 concerning observance of obligations beginning from date of signature but we would like to make clear our understanding that this means that, pending ratification and acceptance, neither side would take any action prohibited by the agreements after they had entered into force. This understanding would continue to apply in the absence of notification by either signatory of its intention not to proceed with ratification or approval. The Soviet Delegation indicated agreement with the U.S. statement.",0.0,,,0,0,0,0,0,0,0,0,0,0,1,1,0,1,1,0,0,0
190005,1.0,Anti-personel mines other than remotely delivered mine,,,,,"Assumed directly upon entry into force. Comment: Common understaninding May 6, 1972, Minister Semenov made the following statement: In an effort to accommodate the wishes of the U.S. side, the Soviet Delegation is prepared to proceed on the basis that the two sides will in fact observe the obligations of both the Interim Agreement and the ABM Treaty beginning from the date of signature of these two documents. In reply, the U.S. Delegation made the following statement on May 20, 1972: The United States agrees in principle with the Soviet statement made on May 6 concerning observance of obligations beginning from date of signature but we would like to make clear our understanding that this means that, pending ratification and acceptance, neither side would take any action prohibited by the agreements after they had entered into force. This understanding would continue to apply in the absence of notification by either signatory of its intention not to proceed with ratification or approval. The Soviet Delegation indicated agreement with the U.S. statement.",0.0,,,0,0,0,0,0,0,0,0,0,0,0,0,0,0,1,1,0,0
190005,1.0,Remotely delivered mine,,,,,"Assumed directly upon entry into force. Comment: Common understaninding May 6, 1972, Minister Semenov made the following statement: In an effort to accommodate the wishes of the U.S. side, the Soviet Delegation is prepared to proceed on the basis that the two sides will in fact observe the obligations of both the Interim Agreement and the ABM Treaty beginning from the date of signature of these two documents. In reply, the U.S. Delegation made the following statement on May 20, 1972: The United States agrees in principle with the Soviet statement made on May 6 concerning observance of obligations beginning from date of signature but we would like to make clear our understanding that this means that, pending ratification and acceptance, neither side would take any action prohibited by the agreements after they had entered into force. This understanding would continue to apply in the absence of notification by either signatory of its intention not to proceed with ratification or approval. The Soviet Delegation indicated agreement with the U.S. statement.",0.0,,,0,0,0,0,0,0,0,0,0,0,0,0,0,0,1,1,0,0
20 | 301,1.0,Capital ship,"A capital ship, in the case of ships hereafter built, is defined as a vessel of war, not an aircraft carrier, whose displacement exceeds 10,000 tons (10,160 metric tons) standard displacement, or which carries a gun with a calibre exceeding 8 inches (203 millimetres). | A capital ship, in the case of ships hereafter built, is defined as a vessel of war, not an aircraft carrier,whose displacement exceeds 10,000 tons (10,160 metric tons) standard displacement, or which carries a gun with a calibre exceeding 8 inches (203 millimetres).","Ibid. Chapter II. Part 4. | No definition in this treaty. Definition taken from the Washington Treaty   London Naval Treaty is a continuation of the Washington treaty. A TREATY BETWEEN THE UNITED STATES OF AMERICA, THE BRITISH EMPIRE, FRANCE, ITALY, AND JAPAN, LIMITING NAVAL ARMAMENT. 1922. The American Journal of International Law, vol. 16, no. 2, 1922, pp. 41-56. JSTOR, https://doi.org/10.2307/2213014. Accessed September 14, 2023.",,,"Assumed directly upon entry into force. Comment: Common understaninding May 6, 1972, Minister Semenov made the following statement: In an effort to accommodate the wishes of the U.S. side, the Soviet Delegation is prepared to proceed on the basis that the two sides will in fact observe the obligations of both the Interim Agreement and the ABM Treaty beginning from the date of signature of these two documents. In reply, the U.S. Delegation made the following statement on May 20, 1972: The United States agrees in principle with the Soviet statement made on May 6 concerning observance of obligations beginning from date of signature but we would like to make clear our understanding that this means that, pending ratification and acceptance, neither side would take any action prohibited by the agreements after they had entered into force. This understanding would continue to apply in the absence of notification by either signatory of its intention not to proceed with ratification or approval. The Soviet Delegation indicated agreement with the U.S. statement.",0.0,,,0,0,0,0,0,0,0,0,0,1,0,1,1,1,0,0,0,0
20 | 302,1.0,Merchant ship,,,,,"Assumed directly upon entry into force. Comment: Common understaninding May 6, 1972, Minister Semenov made the following statement: In an effort to accommodate the wishes of the U.S. side, the Soviet Delegation is prepared to proceed on the basis that the two sides will in fact observe the obligations of both the Interim Agreement and the ABM Treaty beginning from the date of signature of these two documents. In reply, the U.S. Delegation made the following statement on May 20, 1972: The United States agrees in principle with the Soviet statement made on May 6 concerning observance of obligations beginning from date of signature but we would like to make clear our understanding that this means that, pending ratification and acceptance, neither side would take any action prohibited by the agreements after they had entered into force. This understanding would continue to apply in the absence of notification by either signatory of its intention not to proceed with ratification or approval. The Soviet Delegation indicated agreement with the U.S. statement.",0.0,,,0,0,0,0,0,0,0,0,0,1,0,0,0,0,0,0,0,0
20 | 301 | 302,1.0,Aircraft carrier,"Aircraft carriers are surface vessels of war, whatever their displacement, designed or adapted primarily for the purpose of carrying and operating aircraft at sea. The fitting of a landing on or flying off deck on any vessel of war, provided such vessel has not been designed or adapted primarily for the purpose of carrying and operating aircraft at sea, shall not cause any vessel so fitted to be classified in the category of aircraft carriers.The category of aircraft carriers is divided into two sub categories as follows:(a) Vessels fitted with a flight deck, from which aircraft can take off, or on which aircraft can land from the air;(b) Vessels not fitted with a flight deck as described in (a) above. | An aircraft carrier is defined as a vessel of war with a displacement in excess of 10,000 tons (10,160 metric tons) standard displacement designed for the specific and exclusive purpose of carrying aircraft. It must be so constructed that aircraft can be launched therefrom and landed thereon, and not designed and constructed for carrying a more powerful armament than that allowed to it under Article IX or Article X as the case may be. | The expression aircraft carrier includes any surface vessel of war, whatever its displacement, designed for the specific and exclusive purpose of carrying aircraft and so constructed that aircraft can be launchedtherefrom and landed thereon.","Ibid I:B: Aircraft carriers are surface vessels of war, whatever their displacement, designed or adapted primarily for the purpose of carrying and operating aircraft at sea. The fitting of a landing on or flying off deck on any vessel of war, provided such vessel has not been designed or adapted primarily for the purpose of carrying and operating aircraft at sea, shall not cause any vessel so fitted to be classified in the category of aircraft carriers.The category of aircraft carriers is divided into two sub categories as follows:(a) Vessels fitted with a flight deck, from which aircraft can take off, or on which aircraft can land from the air;(b) Vessels not fitted with a flight deck as described in (a) above. | Ibid. Article 3:1. | Ibid. Chapter II. Part 4.",,,"Assumed directly upon entry into force. Comment: Common understaninding May 6, 1972, Minister Semenov made the following statement: In an effort to accommodate the wishes of the U.S. side, the Soviet Delegation is prepared to proceed on the basis that the two sides will in fact observe the obligations of both the Interim Agreement and the ABM Treaty beginning from the date of signature of these two documents. In reply, the U.S. Delegation made the following statement on May 20, 1972: The United States agrees in principle with the Soviet statement made on May 6 concerning observance of obligations beginning from date of signature but we would like to make clear our understanding that this means that, pending ratification and acceptance, neither side would take any action prohibited by the agreements after they had entered into force. This understanding would continue to apply in the absence of notification by either signatory of its intention not to proceed with ratification or approval. The Soviet Delegation indicated agreement with the U.S. statement.",0.0,,,0,0,0,0,0,0,0,0,0,0,0,1,1,0,0,0,0,1
20,1.0,Vessels of war other than a captial ship or arcraft carrier,,,,,"Assumed directly upon entry into force. Comment: Common understaninding May 6, 1972, Minister Semenov made the following statement: In an effort to accommodate the wishes of the U.S. side, the Soviet Delegation is prepared to proceed on the basis that the two sides will in fact observe the obligations of both the Interim Agreement and the ABM Treaty beginning from the date of signature of these two documents. In reply, the U.S. Delegation made the following statement on May 20, 1972: The United States agrees in principle with the Soviet statement made on May 6 concerning observance of obligations beginning from date of signature but we would like to make clear our understanding that this means that, pending ratification and acceptance, neither side would take any action prohibited by the agreements after they had entered into force. This understanding would continue to apply in the absence of notification by either signatory of its intention not to proceed with ratification or approval. The Soviet Delegation indicated agreement with the U.S. statement.",0.0,,,0,0,0,0,0,0,0,0,0,0,0,1,1,0,0,0,0,0
20,1.0,Vessels of war,,,,,"Assumed directly upon entry into force. Comment: Common understaninding May 6, 1972, Minister Semenov made the following statement: In an effort to accommodate the wishes of the U.S. side, the Soviet Delegation is prepared to proceed on the basis that the two sides will in fact observe the obligations of both the Interim Agreement and the ABM Treaty beginning from the date of signature of these two documents. In reply, the U.S. Delegation made the following statement on May 20, 1972: The United States agrees in principle with the Soviet statement made on May 6 concerning observance of obligations beginning from date of signature but we would like to make clear our understanding that this means that, pending ratification and acceptance, neither side would take any action prohibited by the agreements after they had entered into force. This understanding would continue to apply in the absence of notification by either signatory of its intention not to proceed with ratification or approval. The Soviet Delegation indicated agreement with the U.S. statement.",0.0,,,0,0,0,0,0,0,0,0,0,0,0,1,0,0,1,1,0,0
270 | 344,1.0,Artillery,"The term artillery means large calibre systems capable of engaging ground targets by delivering primarily indirect fire. Such artillery systems provide the essential indirect fire support to combined arms formations.Large calibre artillery systems are guns, howitzers, artillery pieces combining the characteristics of guns and howitzers, mortars and multiple launch rocket systems with a calibre of 100 millimeters and above. In addition, any future large calibre direct fire system which has a secondary effective indirect fire capability shall be counted against the artillery ceilings.","Ibid. Article II:1:F: The term artillery means large calibre systems capable of engaging ground targets by delivering primarily indirect fire. Such artillery systems provide the essential indirect fire support to combined arms formations.Large calibre artillery systems are guns, howitzers, artillery pieces combining the characteristics of guns and howitzers, mortars and multiple launch rocket systems with a calibre of 100 millimeters and above. In addition, any future large calibre direct fire system which has a secondary effective indirect fire capability shall be counted against the artillery ceilings.",40 months,,"Ibid. Article IV:1 6: 1. Within the area of application, as defined in Article II, each State Party shall limit and, as necessary, reduce its battle tanks, armoured combat vehicles, artillery, combat aircraft and attack helicopters so that, 40 months after entry into force of this Treaty and thereafter, for the group of States Parties to which it belongs, as defined in Article II, the aggregate numbers do not exceed:(a) 20,000 battle tanks, of which no more than 16,500 shall be in active units;(B) 30,000 armoured combat vehicles, of which no more than 27,300 shall be in active units. Of the 30,000 armoured combat vehicles, no more than 18,000 shall be armoured infantry fighting vehicles and heavy armament combat vehicles; of armoured infantry fighting vehicles and heavy armament combat vehicles, no more than 1,500 shall be heavy armament combat vehicles;(C) 20,000 pieces of artillery, of which no more than 17,000 shall be in active units;(D) 6,800 combat aircraft; and(E) 2,000 attack helicopters.Battle tanks, armoured combat vehicles and artillery not in active units shall be placed in designated permanent storage sites, as defined in Article II, and shall be located only in the area described in paragraph 2 of this Article. Such designated permanent storage sites may also be located in that part of the territory of the Union of Soviet Socialist Republics comprising the Odessa Military District and the southern part of the Leningrad Military District. In the Odessa Military District, no more than 400 battle tanks and no more than 500 pieces of artillery may be thus stored. In the southern part of the Leningrad Military District, no more than 600 battle tanks, no more than 800 armoured combat vehicles, including no more than 300 armoured combat vehicles of any type with the remaining number consisting of armoured personnel carriers, and no more than 400 pieces of artillery may be thus stored. The southern part of the Leningrad Military District is understood to mean the territory within that military district south of the line East West 60 degrees 15 minutes northern latitude.2. Within the area consisting of the entire land territory in Europe, which includes all the European island territories, of the Kingdom of Belgium, the Czech and Slovak Federal Republic, the Kingdom of Denmark including the Faroe Islands, the French Republic, the Federal Republic of Germany, the Republic of Hungary, the Italian Republic, the Grand Duchy of Luxembourg, the Kingdom of the Netherlands, the Republic of Poland, the Portuguese Republic including the islands of Azores and Madeira, the Kingdom of Spain including the Canary Islands, the United Kingdom of Great Britain and Northern Ireland and that part of the territory of the Union of Soviet Socialist Republics west of the Ural Mountains comprising the Baltic, Byelorussian, Carpathian, Kiev, Moscow and Volga Ural Military Districts, each State Party shall limit and, as necessary, reduce its battle tanks, armoured combat vehicles and artillery so that, 40 months after entry into force of this Treaty and thereafter, for the group of States Parties to which it belongs the aggregate numbers do not exceed:(a) 15,300 battle tanks, of which no more than 11,800 shall be in active units;(B) 24,100 armoured combat vehicles, of which no more than 21,400 shall be in active units; and(C) 14,000 pieces of artillery, of which no more than 11,000 shall be in active units.3. Within the area consisting of the entire land territory in Europe, which includes all the European island territories, of the Kingdom of Belgium, the Czech and Slovak Federal Republic, the Kingdom of Denmark including the Faroe Islands, the French Republic, the Federal Republic of Germany, the Republic of Hungary, the Italian Republic, the Grand Duchy of Luxembourg, the Kingdom of the Netherlands, the Republic of Poland, the United Kingdom of Great Britain and Northern Ireland and that part of the territory of the Union of Soviet Socialist Republics comprising the Baltic, Byelorussian, Carpathian and Kiev Military Districts, each State Party shall limit and, as necessary, reduce its battle tanks, armoured combat vehicles and artillery so that, 40 months after entry into force of this Treaty and thereafter, for the group of States Parties to which it belongs the aggregate numbers in active units do not exceed:(a) 10,300 battle tanks;(B) 19,260 armoured combat vehicles; and(C) 9,100 pieces of artillery; and(D) in the Kiev Military District, the aggregate numbers in active units and designated permanent storage sites together shall not exceed:(1) 2,250 battle tanks;(2) 2,500 armoured combat vehicles; and(3) 1,500 pieces of artillery.4. Within the area consisting of the entire land territory in Europe, which includes all the European island territories, of the Kingdom of Belgium, the Czech and Slovak Federal Republic, the Federal Republic of Germany, the Republic of Hungary, the Grand Duchy of Luxembourg, the Kingdom of the Netherlands and the Republic of Poland, each State Party shall limit and, as necessary, reduce its battle tanks, armoured combat vehicles and artillery so that, 40 months after entry into force of this Treaty and thereafter, for the group of States Parties to which it belongs the aggregate numbers in active units do not exceed:(a) 7,500 battle tanks;(B) 11,250 armoured combat vehicles; and(C) 5,000 pieces of artillery.5. States Parties belonging to the same group of States Parties may locate battle tanks, armoured combat vehicles and artillery in active units in each of the areas described in this Article and Article V, paragraph 1, subparagraph (a) up to the numerical limitations applying in that area, consistent with the maximum levels for holdings notified pursuant to Article VII and provided that no State Party stations conventional armed forces on the territory of another State Party without the agreement of that State Party.6. If a group of States Parties' aggregate numbers of battle tanks, armoured combat vehicles and artillery in active units within the area described in paragraph 4 of this Article are less than the numerical limitations set forth in paragraph 4 of this Article, and provided that no State Party is thereby prevented from reaching its maximum levels for holdings notified in accordance with Article VII, paragraphs 2, 3 and 5, then amounts equal to the difference between the aggregate numbers in each of the categories of battle tanks, armoured combat vehicles and artillery and the specified numerical limitations for that area may be located by States Parties belonging to that group of States Parties in the area described in paragraph 3 of this Article, consistent with the numerical limitations specified in paragraph 3 of this Article. Article V:1: 1. To ensure that the security of each State Party is not affected adversely at any stage:(a) within the area consisting of the entire land territory in Europe, which includes all the European island territories, of the Republic of Bulgaria, the Hellenic Republic, the Republic of Iceland, the Kingdom of Norway, Romania, the part of the Republic of Turkey within the area of application and that part of the Union of Soviet Socialist Republics comprising the Leningrad, Odessa, Transcaucasus and North Caucasus Military Districts, each State Party shall limit and, as necessary, reduce its battle tanks, armoured combat vehicles and artillery so that, 40 months after entry into force of this Treaty and thereafter, for the group of States Parties to which it belongs the aggregate numbers in active units do not exceed the difference between the overall numerical limitations set forth in Article IV, paragraph 1 and those in Article IV, paragraph 2, that is:(1) 4,700 battle tanks;(2) 5,900 armoured combat vehicles; and(3) 6,000 pieces of artillery;(B) notwithstanding the numerical limitations set forth in subparagraph (a) of this paragraph, a State Party or States Parties may on a temporary basis deploy into the territory belonging to the members of the same group of States Parties within the area described in subparagraph (a) of this paragraph additional aggregate numbers in active units for each group of States Parties not to exceed:(1) 459 battle tanks;(2) 723 armoured combat vehicles; and(3) 420 pieces of artillery; and(C) provided that for each group of States Parties no more than one third of each of these additional aggregate numbers shall be deployed to any State Party with territory within the area described in subparagraph (a) of this paragraph, that is:(1) 153 battle tanks;(2) 241 armoured combat vehicles; and(3) 140 pieces of artillery. Article VI: With the objective of ensuring that no single State Party possesses more than approximately one third of the conventional armaments and equipment limited by the Treaty within the area of application, each State Party shall limit and, as necessary, reduce its battle tanks, armoured combat vehicles, artillery, combat aircraft and attack helicopters so that, 40 months after entry into force of this Treaty and thereafter, the numbers within the area of application for that State Party do not exceed: (a) 13,300 battle tanks;(B) 20,000 armoured combat vehicles;(C) 13,700 pieces of artillery;(D) 5,150 combat aircraft; and(E) 1,500 attack helicopters.",2,,,0,0,0,0,0,0,0,0,0,0,0,0,0,1,0,0,0,1
301,1.0,Heavy cruiser,"Surface vessels of war, other than capital ships or aircraft carriers, the standard displacement of which exceeds 1,850 tons (1,880 metric tons), or with a gun above 5.1 inch (130 mm.) calibre. Heavy cruiser specifically has guns of more than 6.1 inch (155 mm.) calibre.","Ibid. Article 15, 16.",,,"Assumed directly upon entry into force. Comment: Common understaninding May 6, 1972, Minister Semenov made the following statement: In an effort to accommodate the wishes of the U.S. side, the Soviet Delegation is prepared to proceed on the basis that the two sides will in fact observe the obligations of both the Interim Agreement and the ABM Treaty beginning from the date of signature of these two documents. In reply, the U.S. Delegation made the following statement on May 20, 1972: The United States agrees in principle with the Soviet statement made on May 6 concerning observance of obligations beginning from date of signature but we would like to make clear our understanding that this means that, pending ratification and acceptance, neither side would take any action prohibited by the agreements after they had entered into force. This understanding would continue to apply in the absence of notification by either signatory of its intention not to proceed with ratification or approval. The Soviet Delegation indicated agreement with the U.S. statement.",0.0,,,0,0,0,0,0,0,0,0,0,0,0,0,0,1,0,0,0,0
301 | 8,1.0,Light cruiser,"Surface vessels of war, other than capital ships or aircraft carriers, the standard displacement of which exceeds 1,850 tons (1,880 metric tons), or with a gun above 5.1 inch (130 mm.) calibre. Light cruiser specifically has guns of 6.1 inch (155 mm.) calibre or less.","Ibid. Article 15, 16.",,,"Assumed directly upon entry into force. Comment: Common understaninding May 6, 1972, Minister Semenov made the following statement: In an effort to accommodate the wishes of the U.S. side, the Soviet Delegation is prepared to proceed on the basis that the two sides will in fact observe the obligations of both the Interim Agreement and the ABM Treaty beginning from the date of signature of these two documents. In reply, the U.S. Delegation made the following statement on May 20, 1972: The United States agrees in principle with the Soviet statement made on May 6 concerning observance of obligations beginning from date of signature but we would like to make clear our understanding that this means that, pending ratification and acceptance, neither side would take any action prohibited by the agreements after they had entered into force. This understanding would continue to apply in the absence of notification by either signatory of its intention not to proceed with ratification or approval. The Soviet Delegation indicated agreement with the U.S. statement.",2,,,0,0,0,1,0,0,0,0,0,0,0,0,0,1,1,0,0,0
301 | 8,1.0,Destroyer,"Surface vessels of war the standard displacement of which does not exceed 1,850 tons (1,880 metric tons), and with a gun not above 5.1 inch (130mm.) calibre.",Ibid. Article 15.,,,Assumed directly upon force given no explicit indication otherwise,2,,,0,0,0,1,0,0,0,0,0,0,0,0,0,0,1,0,0,0
302,1.0,Surface vessel,,,,,Assumed directly upon force given no explicit indication otherwise,0.0,,,0,0,0,0,0,0,0,0,0,1,0,0,0,0,1,0,0,0
302,1.0,Light surface vessel,"Light surface vessels are surface vessels of war other than aircraft carriers, minor war vessels or auxiliary vessels, the standard displacement of which exceeds 100 tons (102 metric tons) and does not exceed 10,000 tons (10,160 metric tons), and which do not carry a gun with a calibre exceeding 8 in. (203 mm.).The category of light surface vessels is divided into three sub categories as follows:(a) Vessels which carry a gun with a calibre exceeding 6.1 in. (155 mm.);(b) Vessels which do not carry a gun with a calibre exceeding 6.1 in. (155 mm.) and the standard displacement of which exceeds 3,000 tons (3,048 metric tons);(c) Vessels which do not carry a gun with a calibre exceeding 6.1 in. (155 mm.) and the standard displacement of which does not exceed 3,000 tons (3,048 metric tons).","Ibid. Article I:B: Light surface vessels are surface vessels of war other than aircraft carriers, minor war vessels or auxiliary vessels, the standard displacement of which exceeds 100 tons (102 metric tons) and does not exceed 10,000 tons (10,160 metric tons), and which do not carry a gun with a calibre exceeding 8 in. (203 mm.).The category of light surface vessels is divided into three sub categories as follows:(a) Vessels which carry a gun with a calibre exceeding 6.1 in. (155 mm.);(b) Vessels which do not carry a gun with a calibre exceeding 6.1 in. (155 mm.) and the standard displacement of which exceeds 3,000 tons (3,048 metric tons);(c) Vessels which do not carry a gun with a calibre exceeding 6.1 in. (155 mm.) and the standard displacement of which does not exceed 3,000 tons (3,048 metric tons).",,,Assumed directly upon force given no explicit indication otherwise,0.0,,,0,0,0,0,0,0,0,0,0,0,0,1,1,0,0,0,0,0
302,1.0,Capital ships a,"Capital ships are surface vessels of war belonging to one of the two following sub categories:(a) Surface vessels of war, other than aircraft carriers, auxiliary vessels, or capital ships of sub category (b), the standard displacement of which exceeds 10,000 tons (10,160 metric tons) or which carry a gun with a calibre exceeding 8 in. (203 mm.).","Ibid. Article I:B: Capital ships are surface vessels of war belonging to one of the two following sub categories:(a) Surface vessels of war, other than aircraft carriers, auxiliary vessels, or capital ships of sub category (b), the standard displacement of which exceeds 10,000 tons (10,160 metric tons) or which carry a gun with a calibre exceeding 8 in. (203 mm.);(b) Surface vessels of war, other than aircraft carriers, the standard displacement of which does not exceed 8,000 tons (8,128 metric tons) and which carry a gun with a calibre exceeding 8 in. (203 mm.).",,,Assumed directly upon force given no explicit indication otherwise,0.0,,,0,0,0,0,0,0,0,0,0,0,0,1,1,0,0,0,0,0
302,1.0,Capital ships b,"Capital ships are surface vessels of war belonging to one of the two following sub categories:(b) Surface vessels of war, other than aircraft carriers, the standard displacement of which does not exceed 8,000 tons (8,128 metric tons) and which carry a gun with a calibre exceeding 8 in. (203 mm.).","Ibid. Article I:B: Capital ships are surface vessels of war belonging to one of the two following sub categories:(a) Surface vessels of war, other than aircraft carriers, auxiliary vessels, or capital ships of sub category (b), the standard displacement of which exceeds 10,000 tons (10,160 metric tons) or which carry a gun with a calibre exceeding 8 in. (203 mm.);(b) Surface vessels of war, other than aircraft carriers, the standard displacement of which does not exceed 8,000 tons (8,128 metric tons) and which carry a gun with a calibre exceeding 8 in. (203 mm.).",,,Assumed directly upon force given no explicit indication otherwise,0.0,,,0,0,0,0,0,0,0,0,0,0,0,1,1,0,0,0,0,0
370,1.0,Firearm,"Firearms means any barreled weapon which will or is designed to or may be readily converted to expel a bullet or projectile by the action of an explosive, except antique firearms manufactured before the 20th Century or their replicas; orb. any other weapon or destructive device such as any explosive, incendiary or gas bomb, grenade, rocket, rocket launcher, missile, missile system, or mine.","Ibid. Article 1:3: Firearms:a. any barreled weapon which will or is designed to or may be readily converted to expel a bullet or projectile by the action of an explosive, except antique firearms manufactured before the 20th Century or their replicas; orb. any other weapon or destructive device such as any explosive, incendiary or gas bomb, grenade, rocket, rocket launcher, missile, missile system, or mine.",,,Assumed directly upon force given no explicit indication otherwise,0.0,,,0,0,0,0,0,0,0,0,0,0,0,1,1,0,1,0,0,0
370,1.0,Ammunition,"Ammunition: the complete round or its components, including cartridge cases, primers, propellant powder, bullets, or projectiles that are used in any firearm.","Ibid. Article 1:4: Ammunition: the complete round or its components, including cartridge cases, primers, propellant powder, bullets, or projectiles that are used in any firearm.",,,Assumed directly upon force given no explicit indication otherwise,0.0,,,0,0,0,0,0,0,0,0,0,0,0,0,1,0,1,0,0,0
370,1.0,Explosive,"Explosives: any substance or article that is made, manufactured, or used to produce an explosion, detonation, or propulsive or pyrotechnic effect, except:a. substances and articles that are not in and of themselves explosive; orb. substances and articles listed in the Annex to this Convention.","Ibid. Article 1:5: Explosives: any substance or article that is made, manufactured, or used to produce an explosion, detonation, or propulsive or pyrotechnic effect, except:a. substances and articles that are not in and of themselves explosive; orb. substances and articles listed in the Annex to this Convention.",,,Assumed directly upon force given no explicit indication otherwise,0.0,,,0,0,0,0,0,0,0,0,0,0,0,0,1,0,1,0,0,0
370,3.0,Related material,"Other related materials: any component, part, or replacement part of a firearm, or an accessory which can be attached to a firearm.","Ibid. Article 1:6: Other related materials: any component, part, or replacement part of a firearm, or an accessory which can be attached to a firearm.",,,Assumed directly upon force given no explicit indication otherwise,0.0,,,0,0,0,0,0,0,0,0,0,0,0,0,1,0,1,0,0,0
380,1.0,Conventional weapon,"Conventional weapons means those systems set forth in Annex I to this Convention. Annex I is an integral part of this Convention. Annex I: The list of conventional weapons covered by this Convention is set forth below. Such list is based on the United Nations Register of Conventional Arms.In accordance with the Article I, this annex is an integral part of this Convention. Any changes to this Annex shall be adopted in conformity with the amendment procedure stipulated in Article XI.I. Battle tanksTracked or wheeled self propelled armored fighting vehicles with high cross country mobility and a high level of self protection, weighing at least 16.5 metric tons unladen weight, with a high muzzle velocity direct fire main gun of at least 75 millimeters caliber.II. Armored combat vehiclesTracked, semi tracked, or wheeled self propelled vehicles, with armored protection and cross country capability, either: (a) designed and equipped to transport a squad of four or more infantrymen, or (B) armed with an integral or organic weapon of at least 12.5 millimeters caliber or a missile launcher.III. Large caliber artillery systemsGuns, howitzers, artillery pieces combining the characteristics of a gun or a howitzer, mortars, or multiple launch rocket systems, capable of engaging surface targets by delivering primarily indirect fire, with a caliber of 100 millimeters and above.IV. Combat aircraftFixed wing or variable geometry wing aircraft designed, equipped, or modified to engage targets by employing guided missiles, unguided rockets, bombs, guns, cannons, or other weapons of destruction, including versions of these aircraft which perform specialized electronic warfare, suppression of air defense, or reconnaissance missions. The term combat aircraft does not include primary trainer aircraft, unless designed, equipped, or modified as described above.V. Attack helicoptersRotary wing aircraft designed, equipped, or modified to engage targets by employing guided or unguided anti armor, air to surface, air to subsurface, or air to air weapons and equipped with an integrated fire control and aiming system for these weapons, including versions of these aircraft which perform specialized reconnaissance or electronic warfare missions.VI. WarshipsVessels or submarines armed and equipped for military use with a standard displacement of 750 metric tons or above, and those with a standard displacement of less than 750 metric tons, equipped for launching missiles with a range of at least 25 kilometers or torpedoes with similar range.VII. Missiles and missile launchersGuided or unguided rockets, ballistic or cruise missiles capable of delivering a warhead or weapon of destruction to a range of at least 25 kilometers, and means designed or modified specifically for launching such missiles or rockets, if not covered by categories I through VI. This category:a. Also includes remotely piloted vehicles with the characteristics for missiles as defined above;b. Does not include ground to air missiles.","Ibid. Article 1:a: Conventional weapons means those systems set forth in Annex I to this Convention. Annex I is an integral part of this Convention. Annex I: The list of conventional weapons covered by this Convention is set forth below. Such list is based on the United Nations Register of Conventional Arms.In accordance with the Article I, this annex is an integral part of this Convention. Any changes to this Annex shall be adopted in conformity with the amendment procedure stipulated in Article XI.I. Battle tanksTracked or wheeled self propelled armored fighting vehicles with high cross country mobility and a high level of self protection, weighing at least 16.5 metric tons unladen weight, with a high muzzle velocity direct fire main gun of at least 75 millimeters caliber.II. Armored combat vehiclesTracked, semi tracked, or wheeled self propelled vehicles, with armored protection and cross country capability, either: (a) designed and equipped to transport a squad of four or more infantrymen, or (B) armed with an integral or organic weapon of at least 12.5 millimeters caliber or a missile launcher.III. Large caliber artillery systemsGuns, howitzers, artillery pieces combining the characteristics of a gun or a howitzer, mortars, or multiple launch rocket systems, capable of engaging surface targets by delivering primarily indirect fire, with a caliber of 100 millimeters and above.IV. Combat aircraftFixed wing or variable geometry wing aircraft designed, equipped, or modified to engage targets by employing guided missiles, unguided rockets, bombs, guns, cannons, or other weapons of destruction, including versions of these aircraft which perform specialized electronic warfare, suppression of air defense, or reconnaissance missions. The term combat aircraft does not include primary trainer aircraft, unless designed, equipped, or modified as described above.V. Attack helicoptersRotary wing aircraft designed, equipped, or modified to engage targets by employing guided or unguided anti armor, air to surface, air to subsurface, or air to air weapons and equipped with an integrated fire control and aiming system for these weapons, including versions of these aircraft which perform specialized reconnaissance or electronic warfare missions.VI. WarshipsVessels or submarines armed and equipped for military use with a standard displacement of 750 metric tons or above, and those with a standard displacement of less than 750 metric tons, equipped for launching missiles with a range of at least 25 kilometers or torpedoes with similar range.VII. Missiles and missile launchersGuided or unguided rockets, ballistic or cruise missiles capable of delivering a warhead or weapon of destruction to a range of at least 25 kilometers, and means designed or modified specifically for launching such missiles or rockets, if not covered by categories I through VI. This category:a. Also includes remotely piloted vehicles with the characteristics for missiles as defined above;b. Does not include ground to air missiles.",,,Assumed directly upon force given no explicit indication otherwise,0.0,,,0,0,0,0,0,0,0,0,0,0,0,1,1,0,1,0,0,0
1402 | 140201 | 140205 | 140206,1.0,Abm interceptor missile,"Interceptor missile, as used in the First Agreed Statement of September 26, 1997, shall refer to any missile subject to the provisions of paragraph (a) of Article VI of the Treaty if such a missile: (a) has been developed by a Party as a missile to counter ballistic missiles other than strategic ballistic missiles; or (b) has been declared by a Party as a missile to counter ballistic missiles other than strategic ballistic missiles; or (c) has been tested by a Party even once with the use of a ballistic target missile. | Interceptor missiles constructed and deployed for an ABM role, or of a type tested in an ABM mode that are operational, under construction, undergoing testing, undergoing overhaul, repair or conversion, or mothballed","Common Understandings Related To The First Agreed Statement Of September 26, 1997, Relating To The Treaty Between The United States Of America And The Union Of Soviet Socialist Republics On The Limitation Of Anti Ballistic Missile Systems Of May 26, 1972. I: The term interceptor missile, as used in the First Agreed Statement of September 26, 1997, shall refer to any missile subject to the provisions of paragraph (a) of Article VI of the Treaty if such a missile: (a) has been developed by a Party as a missile to counter ballistic missiles other than strategic ballistic missiles; or (b) has been declared by a Party as a missile to counter ballistic missiles other than strategic ballistic missiles; or (c) has been tested by a Party even once with the use of a ballistic target missile. | Ibid. Article II:1: For the purpose of this Treaty an ABM system is a system to counter strategic ballistic missiles or their elements in flight trajectory, currently consisting of:(a) ABM interceptor missiles, which are interceptor missiles constructed and deployed for an ABM role, or of a type tested in an ABM mode;(b) ABM launchers, which are launchers constructed and deployed for launching ABM interceptor missiles; and(c) ABM radars, which are radars constructed and deployed for an ABM role, or of a type tested in an ABM mode. Article II:2: The ABM system components listed in paragraph 1 of this Article include those which are:(a) operational;(b) under construction;(c) undergoing testing;(d) undergoing overhaul, repair or conversion; or(e) mothballed.",,Within the shortest possible agreed period of time,"Within the shortest possible agreed period of time. Ibid. Article VII: ABM systems or their components in excess of the numbers or outside the areas specified in this Treaty, as well as ABM systems or their components prohibited by this Treaty, shall be destroyed or dismantled under agreed procedures within the shortest possible agreed period of time. Comment: Agreed Statements, Common Understandings, And Unilateral Statements Regarding The Treaty Between The United States Of America And The Union Of Soviet Socialist Republics On The Limitation Of Anti Ballistic Missiles, Common Understandings, E: On May 6, 1972, Minister Semenov made the following statement:In an effort to accommodate the wishes of the U.S. side, the Soviet Delegation is prepared to proceed on the basis that the two sides will in fact observe the obligations of both the Interim Agreement and the ABM Treaty beginning from the date of signature of these two documents.In reply, the U.S. Delegation made the following statement on May 20, 1972:The United States agrees in principle with the Soviet statement made on May 6 concerning observance of obligations beginning from date of signature but we would like to make clear our understanding that this means that, pending ratification and acceptance, neither side would take any action prohibited by the agreements after they had entered into force. This understanding would continue to apply in the absence of notification by either signatory of its intention not to proceed with ratification or approval.The Soviet Delegation indicated agreement with the U.S. statement.",0.0,,,0,0,0,0,0,0,1,0,0,1,1,0,0,1,0,0,0,1
1402 | 140201 | 140206,1.0,Abm launcher,"Launchers constructed and deployed for launching ABM interceptor missiles that are operational, under construction, undergoing testing, undergoing overhaul, repair or conversion, or mothballed","Ibid. Article II:1: For the purpose of this Treaty an ABM system is a system to counter strategic ballistic missiles or their elements in flight trajectory, currently consisting of:(a) ABM interceptor missiles, which are interceptor missiles constructed and deployed for an ABM role, or of a type tested in an ABM mode;(b) ABM launchers, which are launchers constructed and deployed for launching ABM interceptor missiles; and(c) ABM radars, which are radars constructed and deployed for an ABM role, or of a type tested in an ABM mode. Article II:2: The ABM system components listed in paragraph 1 of this Article include those which are:(a) operational;(b) under construction;(c) undergoing testing;(d) undergoing overhaul, repair or conversion; or(e) mothballed.",,Within the shortest possible agreed period of time,"Within the shortest possible agreed period of time. Ibid. Article VII: ABM systems or their components in excess of the numbers or outside the areas specified in this Treaty, as well as ABM systems or their components prohibited by this Treaty, shall be destroyed or dismantled under agreed procedures within the shortest possible agreed period of time. Comment: Agreed Statements, Common Understandings, And Unilateral Statements Regarding The Treaty Between The United States Of America And The Union Of Soviet Socialist Republics On The Limitation Of Anti Ballistic Missiles, Common Understandings, E: On May 6, 1972, Minister Semenov made the following statement:In an effort to accommodate the wishes of the U.S. side, the Soviet Delegation is prepared to proceed on the basis that the two sides will in fact observe the obligations of both the Interim Agreement and the ABM Treaty beginning from the date of signature of these two documents.In reply, the U.S. Delegation made the following statement on May 20, 1972:The United States agrees in principle with the Soviet statement made on May 6 concerning observance of obligations beginning from date of signature but we would like to make clear our understanding that this means that, pending ratification and acceptance, neither side would take any action prohibited by the agreements after they had entered into force. This understanding would continue to apply in the absence of notification by either signatory of its intention not to proceed with ratification or approval.The Soviet Delegation indicated agreement with the U.S. statement.",0.0,,,0,0,0,0,0,0,1,0,0,1,1,0,0,1,0,0,0,2
1402 | 140201 | 140206,1.0,Abm radar,"Radars constructed and deployed for an ABM role, or of a type tested in an ABM mode that are operational, under construction, undergoing testing, undergoing overhaul, repair or conversion, or mothballed","Ibid. Article II:1: For the purpose of this Treaty an ABM system is a system to counter strategic ballistic missiles or their elements in flight trajectory, currently consisting of:(a) ABM interceptor missiles, which are interceptor missiles constructed and deployed for an ABM role, or of a type tested in an ABM mode;(b) ABM launchers, which are launchers constructed and deployed for launching ABM interceptor missiles; and(c) ABM radars, which are radars constructed and deployed for an ABM role, or of a type tested in an ABM mode. Article II:2: The ABM system components listed in paragraph 1 of this Article include those which are:(a) operational;(b) under construction;(c) undergoing testing;(d) undergoing overhaul, repair or conversion; or(e) mothballed.",,Within the shortest possible agreed period of time,"Within the shortest possible agreed period of time. Ibid. Article VII: ABM systems or their components in excess of the numbers or outside the areas specified in this Treaty, as well as ABM systems or their components prohibited by this Treaty, shall be destroyed or dismantled under agreed procedures within the shortest possible agreed period of time. Comment: Agreed Statements, Common Understandings, And Unilateral Statements Regarding The Treaty Between The United States Of America And The Union Of Soviet Socialist Republics On The Limitation Of Anti Ballistic Missiles, Common Understandings, E: On May 6, 1972, Minister Semenov made the following statement:In an effort to accommodate the wishes of the U.S. side, the Soviet Delegation is prepared to proceed on the basis that the two sides will in fact observe the obligations of both the Interim Agreement and the ABM Treaty beginning from the date of signature of these two documents.In reply, the U.S. Delegation made the following statement on May 20, 1972:The United States agrees in principle with the Soviet statement made on May 6 concerning observance of obligations beginning from date of signature but we would like to make clear our understanding that this means that, pending ratification and acceptance, neither side would take any action prohibited by the agreements after they had entered into force. This understanding would continue to apply in the absence of notification by either signatory of its intention not to proceed with ratification or approval.The Soviet Delegation indicated agreement with the U.S. statement.",0.0,,,0,0,0,0,0,0,1,0,0,1,1,0,0,1,0,0,0,2
1402 | 140206,1.0,"Non-abm missiles, launchers and radar",,,,Within the shortest possible agreed period of time,"Within the shortest possible agreed period of time. Ibid. Article VII: ABM systems or their components in excess of the numbers or outside the areas specified in this Treaty, as well as ABM systems or their components prohibited by this Treaty, shall be destroyed or dismantled under agreed procedures within the shortest possible agreed period of time. Comment: Agreed Statements, Common Understandings, And Unilateral Statements Regarding The Treaty Between The United States Of America And The Union Of Soviet Socialist Republics On The Limitation Of Anti Ballistic Missiles, Common Understandings, E: On May 6, 1972, Minister Semenov made the following statement:In an effort to accommodate the wishes of the U.S. side, the Soviet Delegation is prepared to proceed on the basis that the two sides will in fact observe the obligations of both the Interim Agreement and the ABM Treaty beginning from the date of signature of these two documents.In reply, the U.S. Delegation made the following statement on May 20, 1972:The United States agrees in principle with the Soviet statement made on May 6 concerning observance of obligations beginning from date of signature but we would like to make clear our understanding that this means that, pending ratification and acceptance, neither side would take any action prohibited by the agreements after they had entered into force. This understanding would continue to apply in the absence of notification by either signatory of its intention not to proceed with ratification or approval.The Soviet Delegation indicated agreement with the U.S. statement.",0.0,,,0,0,0,0,0,0,0,0,0,1,1,0,0,0,0,0,0,2
1402 | 140206,1.0,Early warning radar,,,,Within the shortest possible agreed period of time,"Within the shortest possible agreed period of time. Ibid. Article VII: ABM systems or their components in excess of the numbers or outside the areas specified in this Treaty, as well as ABM systems or their components prohibited by this Treaty, shall be destroyed or dismantled under agreed procedures within the shortest possible agreed period of time. Comment: Agreed Statements, Common Understandings, And Unilateral Statements Regarding The Treaty Between The United States Of America And The Union Of Soviet Socialist Republics On The Limitation Of Anti Ballistic Missiles, Common Understandings, E: On May 6, 1972, Minister Semenov made the following statement:In an effort to accommodate the wishes of the U.S. side, the Soviet Delegation is prepared to proceed on the basis that the two sides will in fact observe the obligations of both the Interim Agreement and the ABM Treaty beginning from the date of signature of these two documents.In reply, the U.S. Delegation made the following statement on May 20, 1972:The United States agrees in principle with the Soviet statement made on May 6 concerning observance of obligations beginning from date of signature but we would like to make clear our understanding that this means that, pending ratification and acceptance, neither side would take any action prohibited by the agreements after they had entered into force. This understanding would continue to apply in the absence of notification by either signatory of its intention not to proceed with ratification or approval.The Soviet Delegation indicated agreement with the U.S. statement.",0.0,,,0,0,0,0,0,0,0,0,0,0,0,0,0,1,0,0,0,2
1402,1.0,Automatic or semi-automatic rapid reload systems for abm launcher,,,,Within the shortest possible agreed period of time,"Within the shortest possible agreed period of time. Ibid. Article VII: ABM systems or their components in excess of the numbers or outside the areas specified in this Treaty, as well as ABM systems or their components prohibited by this Treaty, shall be destroyed or dismantled under agreed procedures within the shortest possible agreed period of time. Comment: Agreed Statements, Common Understandings, And Unilateral Statements Regarding The Treaty Between The United States Of America And The Union Of Soviet Socialist Republics On The Limitation Of Anti Ballistic Missiles, Common Understandings, E: On May 6, 1972, Minister Semenov made the following statement:In an effort to accommodate the wishes of the U.S. side, the Soviet Delegation is prepared to proceed on the basis that the two sides will in fact observe the obligations of both the Interim Agreement and the ABM Treaty beginning from the date of signature of these two documents.In reply, the U.S. Delegation made the following statement on May 20, 1972:The United States agrees in principle with the Soviet statement made on May 6 concerning observance of obligations beginning from date of signature but we would like to make clear our understanding that this means that, pending ratification and acceptance, neither side would take any action prohibited by the agreements after they had entered into force. This understanding would continue to apply in the absence of notification by either signatory of its intention not to proceed with ratification or approval.The Soviet Delegation indicated agreement with the U.S. statement.",0.0,,,1,0,0,0,0,0,1,0,0,0,0,0,0,0,0,0,0,2
140202 | 140203,4.0,Abm interceptor missiles (destruction procedures only),,,,,,0.0,,,0,0,0,0,0,0,0,0,0,0,0,0,0,0,0,0,0,0
140203,4.0,Abm lauchers (destruction procedures only),,,,,,0.0,,,0,0,0,0,0,0,0,0,0,0,0,0,0,0,0,0,0,0
140203,4.0,Abm radars (destruction procedures only),,,,,,0.0,,,0,0,0,0,0,0,0,0,0,0,0,0,0,0,0,0,0,0
140203,4.0,Abm radar complexes (destruction procedures only),,,,,,0.0,,,0,0,0,0,0,0,0,0,0,0,0,0,0,0,0,0,0,0
140204,1.0,Air defense component,,,,,Assumed directly upon force given no explicit indication otherwise,0.0,,,0,0,0,0,0,0,0,0,0,0,1,0,0,0,0,0,0,0
140204,1.0,Air defense radar,,,,,Assumed directly upon force given no explicit indication otherwise,0.0,,,0,0,0,0,0,0,0,0,0,0,0,0,0,0,0,1,0,0
140204,1.0,Phased array radars(3m+),,,,,Assumed directly upon force given no explicit indication otherwise,0.0,,,0,0,0,0,0,0,0,0,0,0,0,0,0,1,0,0,0,0
140204,1.0,Phased array radars(3m-),,,,,Assumed directly upon force given no explicit indication otherwise,0.0,,,0,0,0,0,0,0,0,0,0,0,0,0,0,1,0,0,0,0
140206,1.0,Space-based interseptor missiles other than strategic ballistic missile,,,,Within the shortest possible agreed period of time,"Ibid. Article IIII: The rights and obligations established by the Treaty remain in force and shall be complied with by the Parties except to the extent modified by this Protocol. In particular, the deployment of an ABM system or its components within the area selected shall remain limited by the levels and other requirements established by the Treaty. ABM Treaty: Within the shortest possible agreed period of time. Ibid. Article VII: ABM systems or their components in excess of the numbers or outside the areas specified in this Treaty, as well as ABM systems or their components prohibited by this Treaty, shall be destroyed or dismantled under agreed procedures within the shortest possible agreed period of time. Comment: Agreed Statements, Common Understandings, And Unilateral Statements Regarding The Treaty Between The United States Of America And The Union Of Soviet Socialist Republics On The Limitation Of Anti Ballistic Missiles, Common Understandings, E: On May 6, 1972, Minister Semenov made the following statement:In an effort to accommodate the wishes of the U.S. side, the Soviet Delegation is prepared to proceed on the basis that the two sides will in fact observe the obligations of both the Interim Agreement and the ABM Treaty beginning from the date of signature of these two documents.In reply, the U.S. Delegation made the following statement on May 20, 1972:The United States agrees in principle with the Soviet statement made on May 6 concerning observance of obligations beginning from date of signature but we would like to make clear our understanding that this means that, pending ratification and acceptance, neither side would take any action prohibited by the agreements after they had entered into force. This understanding would continue to apply in the absence of notification by either signatory of its intention not to proceed with ratification or approval.The Soviet Delegation indicated agreement with the U.S. statement.",0.0,,,1,1,0,0,0,0,0,0,0,0,0,0,0,0,0,0,0,2
2801 | 2803,1.0,Strategic offensive arm,,,,,,2,,,0,0,0,0,0,0,1,0,0,0,0,0,0,1,0,0,0,1
2803,1.0,Prototype icbm,"The term prototype means, for ICBMs or SLBMs, an ICBM or SLBM of a new type, no more than 20 missiles of which have been launched, and no launchers of missiles of which have been deployed.","ibid.   Protocol: Part One, 58 The term prototype means, for ICBMs or SLBMs, an ICBM or SLBM of a new type, no more than 20 missiles of which have been launched, and no launchers of missiles of which have been deployed.",,,,0.0,,,0,0,0,0,0,0,0,0,0,0,0,0,0,1,0,0,0,0
2803,1.0,Test launchers of icbm," The term ""test launcher1' means an ICBM launcher or  an SLBM launcher located within a test range. ","ibid.   Protocol. Part One: 80. (58.) The term ""test launcher1' means an ICBM launcher or  an SLBM launcher located within a test range. ",,,,0.0,,,0,0,0,0,0,0,0,0,0,0,0,0,0,1,0,0,0,0
2803,1.0,Mobile launchers of prototype icbm,"Definition for mobile launcher in Item B. Prototype means, for ICBMs or SLBMs, an ICBM or SLBM of a new type, no more than 20 missiles of which have been launched, and no launchers of missiles of which have been deployed.","ibid.   Protocol: Part One, 58 The term prototype means, for ICBMs or SLBMs, an ICBM or SLBM of a new type, no more than 20 missiles of which have been launched, and no launchers of missiles of which have been deployed.",,,,0.0,,,0,0,0,0,0,0,0,0,0,0,0,0,0,1,0,0,0,0
2803,1.0,Silo training launcher,The term silo launcher of ICBMs means an ICBM launcher in a silo structure located in the ground. The term silo training launcher means a fullscale silo launcher of ICBMs specified for training purposes.,"ibid.   Protocol: Part One, 65 The term silo launcher of ICBMs means an ICBM launcher in a silo structure located in the ground., 66 The term silo training launcher means a fullscale silo launcher of ICBMs specified for training purposes..",,,,0.0,,,0,0,0,0,0,0,0,0,0,0,0,0,0,1,0,0,0,0
2803,1.0,Prototype slbm,"The term prototype means, for ICBMs or SLBMs, an ICBM or SLBM of a new type, no more than 20 missiles of which have been launched, and no launchers of missiles of which have been deployed.","ibid.   Protocol: Part One, 58 The term prototype means, for ICBMs or SLBMs, an ICBM or SLBM of a new type, no more than 20 missiles of which have been launched, and no launchers of missiles of which have been deployed.",,,,0.0,,,0,0,0,0,0,0,0,0,0,0,0,0,0,1,0,0,0,0
2803,1.0,Test launchers of slbm,,,,,,0.0,,,0,0,0,0,0,0,0,0,0,0,0,0,0,1,0,0,0,0
2801 | 2803,1.0,Test heavy bomber,,,,,,0.0,,,0,0,0,0,0,0,0,0,0,0,0,0,0,1,0,0,0,0
2803,1.0,Icbm warhead,"The term warhead means a unit of account used forcounting toward the 1550 aggregate limit as applied todeployed ICBMs, deployed SLBMs, and deployed heavy bombers.","ibid.   Protocol: Part One, 89 The term warhead means a unit of account used for counting toward the 1550 aggregate limit as applied to deployed ICBMs, deployed SLBMs, and deployed heavy bombers.",Seven years,,"ibid.   Treaty. Article II: 1 [] so that seven years after entry into force of this Treaty and thereafter, the aggregate numbers, as counted in accordance with I11 of this Treaty, do not exceed: [].",1.0,"ibid.   Treaty. Article II: 1 [] so that seven years after entry into force of this Treaty and thereafter, the aggregate numbers, as counted in accordance with I11 of this Treaty, do not exceed: [].",,0,0,0,0,0,0,0,0,0,0,0,0,0,1,0,0,0,1
2803,1.0,Slbm warhead,"The term warhead means a unit of account used forcounting toward the 1550 aggregate limit as applied todeployed ICBMs, deployed SLBMs, and deployed heavy bombers.","ibid.   Protocol: Part One, 89 The term warhead means a unit of account used for counting toward the 1550 aggregate limit as applied to deployed ICBMs, deployed SLBMs, and deployed heavy bombers.",Seven years,,"ibid.   Treaty. Article II: 1 [] so that seven years after entry into force of this Treaty and thereafter, the aggregate numbers, as counted in accordance with I11 of this Treaty, do not exceed: [].",1.0,"ibid.   Treaty. Article II: 1 [] so that seven years after entry into force of this Treaty and thereafter, the aggregate numbers, as counted in accordance with I11 of this Treaty, do not exceed: [].",,0,0,0,0,0,0,0,0,0,0,0,0,0,1,0,0,0,1
2803,1.0,Heavy bomber nuclear armaments/warhead,"The term warhead means a unit of account used forcounting toward the 1550 aggregate limit as applied todeployed ICBMs, deployed SLBMs, and deployed heavy bombers.","ibid.   Protocol: Part One, 89 The term warhead means a unit of account used for counting toward the 1550 aggregate limit as applied to deployed ICBMs, deployed SLBMs, and deployed heavy bombers.",Seven years,,"ibid.   Treaty. Article II: 1 [] so that seven years after entry into force of this Treaty and thereafter, the aggregate numbers, as counted in accordance with I11 of this Treaty, do not exceed: [].",1.0,"ibid.   Treaty. Article II: 1 [] so that seven years after entry into force of this Treaty and thereafter, the aggregate numbers, as counted in accordance with I11 of this Treaty, do not exceed: [].",,0,0,0,0,0,0,0,0,0,0,0,0,0,1,0,0,0,1
1403,1.0,Icbms equipped with mirv,"ICBMs and SLBMs of the types which have been flight tested with two or more independently targetable reentry vehicles, regardless of whether or not they have also been flight tested with a single reentry vehicle or with multiple reentry vehicles which are not independently targetable. As of the date of signature of the Treaty, such ICBMs and SLBMs are: for the United States of America, Minuteman III ICBMs, Poseidon C 3 SLBMs, and Trident C 4 SLBMs; and for the Union of Soviet Socialist Republics, RS 16, RS 18, RS 20 ICBMs and RSM 50 SLBMs. 2) Missiles of the types designated by the United States of America as the Poseidon C 3 and known to the Union of Soviet Socialist Republics by the same designation, an SLBM that was first flight tested in 1968 and that has been flight tested with multiple independently targetable reentry vehicles; Missiles of the type designated by the United States of America as the Trident C 4 and known to the Union of Soviet Socialist Republics by the same designation, an SLBM that was first flight tested in 1977 and that has been flight tested with multiple independently targetable reentry vehicles;Missiles of the type designated by the Union of Soviet Socialist Republics as the RS 16 and known to the United States of America as the SS 17, a light ICBM that has been flight tested with a single reentry vehicle and with multiple independently targetable reentry vehicles;Missiles of the type designated by the Union of Soviet Socialist Republics as the RS 18 and known to the United States of America as the SS 19, the heaviest in terms of launch weight and throw weight of light ICBMs, which has been flight tested with a single reentry vehicle and with multiple independently targetable reentry vehicles; Missiles of the type designated by the Union of Soviet Socialist Republics as the RS 20 and known to the United States of America as the SS 18, the heaviest in terms of launch weight and throw weight of heavy ICBMs, which has been flight tested with a single reentry vehicle and with multiple independently targetable reentry vehicles; Missiles of the type designated by the Union of Soviet Socialist Republics as the RSM 50 and known to the United States of America as the SS N 18, an SLBM that has been flight tested with a single reentry vehicle and with multiple independently targetable reentry vehicles. Missiles of the type designated by the United States of America as the Minuteman III and known to the Union of Soviet Socialist Republics by the same designation, a light ICBM that has been flight tested with multiple independently targetable reentry vehicles. 3) Reentry vehicles are independently targetable: if maneuvering and targeting of the reentry vehicles to separate aim points along trajectories which are unrelated to each other are accomplished by means of other devices which may be developed in the future. if, after separation from the booster, maneuvering and targeting of the reentry vehicles to separate aim points along trajectories which are unrelated to each other are accomplished by means of devices which are installed in a self contained dispensing mechanism or on the reentry vehicles, and which are based on the use of electronic or other computers in combination with devices using jet engines, including rocket engines, or aerodynamic systems;","Ibid. Article II:5: Second Agreed Statement: ICBMs and SLBMs equipped with MIRVs are ICBMs and SLBMs of the types which have been flight tested with two or more independently targetable reentry vehicles, regardless of whether or not they have also been flight tested with a single reentry vehicle or with multiple reentry vehicles which are not independently targetable. As of the date of signature of the Treaty, such ICBMs and SLBMs are: for the United States of America, Minuteman III ICBMs, Poseidon C 3 SLBMs, and Trident C 4 SLBMs; and for the Union of Soviet Socialist Republics, RS 16, RS 18, RS 20 ICBMs and RSM 50 SLBMs. Third Common Understanding: The designations by the United States of America and by the Union of Soviet Socialist Republics for ICBMs and SLBMs equipped with MIRVs correspond in the following manner:   Missiles of the types designated by the United States of America as the Poseidon C 3 and known to the Union of Soviet Socialist Republics by the same designation, an SLBM that was first flight tested in 1968 and that has been flight tested with multiple independently targetable reentry vehicles;   Missiles of the type designated by the United States of America as the Trident C 4 and known to the Union of Soviet Socialist Republics by the same designation, an SLBM that was first flight tested in 1977 and that has been flight tested with multiple independently targetable reentry vehicles;   Missiles of the type designated by the Union of Soviet Socialist Republics as the RS 16 and known to the United States of America as the SS 17, a light ICBM that has been flight tested with a single reentry vehicle and with multiple independently targetable reentry vehicles;   Missiles of the type designated by the Union of Soviet Socialist Republics as the RS 18 and known to the United States of America as the SS 19, the heaviest in terms of launch weight and throw weight of light ICBMs, which has been flight tested with a single reentry vehicle and with multiple independently targetable reentry vehicles;   Missiles of the type designated by the Union of Soviet Socialist Republics as the RS 20 and known to the United States of America as the SS 18, the heaviest in terms of launch weight and throw weight of heavy ICBMs, which has been flight tested with a single reentry vehicle and with multiple independently targetable reentry vehicles;   Missiles of the type designated by the Union of Soviet Socialist Republics as the RSM 50 and known to the United States of America as the SS N 18, an SLBM that has been flight tested with a single reentry vehicle and with multiple independently targetable reentry vehicles.   Missiles of the type designated by the United States of America as the Minuteman III and known to the Union of Soviet Socialist Republics by the same designation, a light ICBM that has been flight tested with multiple independently targetable reentry vehicles; Third Agreed statement: Reentry vehicles are independently targetable:(b) if maneuvering and targeting of the reentry vehicles to separate aim points along trajectories which are unrelated to each other are accomplished by means of other devices which may be developed in the future.(a) if, after separation from the booster, maneuvering and targeting of the reentry vehicles to separate aim points along trajectories which are unrelated to each other are accomplished by means of devices which are installed in a self contained dispensing mechanism or on the reentry vehicles, and which are based on the use of electronic or other computers in combination with devices using jet engines, including rocket engines, or aerodynamic systems;",,,Assumed ,0.0,,,0,0,0,0,0,0,0,0,0,0,1,0,0,1,0,0,0,0
1403,1.0,New types of icbm,"Types of ICBMs not flight tested as of May 1, 1979. 2. Any ICBM which is different from those ICBMs flight tested as of May 1, 1979 in any one or more of the following respects: (a) the number of stages, the length, the largest diameter, the launch weight, or the throw weight, of the missile; (b) the type of propellant (that is, liquid or solid) of any of its stages (the term different, referring to the length, the diameter, the launch weight, and the throw weight of the missile, means a difference in excess of five percent). ","Ibid. Article 9: Each Party undertakes not to flight test or deploy new types of ICBMs, that is, types of ICBMs not flight tested as of May 1, 1979, except that each Party may flight test and deploy one new type of light ICBM. First Agreed Statement: The term new types of ICBMs, as used in paragraph 9 of Article IV of the Treaty, refers to any ICBM which is different from those ICBMs flight tested as of May 1, 1979 in any one or more of the following respects:(a) the number of stages, the length, the largest diameter, the launch weight, or the throw weight, of the missile;(b) the type of propellant (that is, liquid or solid) of any of its stages. First Common Understanding: As used in the First Agreed Statement to paragraph 9 of Article IV of the Treaty, the term different, referring to the length, the diameter, the launch weight, and the throw weight of the missile, means a difference in excess of five percent. ",,,Assumed ,0.0,,,0,0,0,0,0,0,0,0,0,1,0,0,0,1,0,0,0,0
1403,1.0,Fixed icbm launcher,,,,,Assumed ,0.0,,,0,0,1,0,0,0,0,0,0,0,0,0,0,0,0,0,0,0
1403,1.0,Launchers for icbms equipped with mirv,"Launchers of the types developed and tested for launching ICBMs or SLBMs equipped with MIRVs. 2) All types of launchers developed and tested for launching an ICBM equipped with MIRVs (If a launcher contains or launches an ICBM or an SLBM equipped with MIRVs, that launcher shall be considered to have been developed and tested for launching ICBMs or SLBMs equipped with MIRVs.) 3) If a launcher has been developed and tested for launching an ICBM or an SLBM equipped with MIRVs, all launchers of that type, except for ICBM and SLBM test and training launchers, shall be included in the corresponding aggregate numbers provided for in Article V of the Treaty, pursuant to the provisions of Article VI of the Treaty. 4.all ICBM launchers in the Derazhnya and Pervomaysk areas in the Union of Soviet Socialist Republics are included in the aggregate numbers provided for in Article V of the Treaty.","Ibid. Article II:5: Launchers of ICBMs and SLBMs equipped with multiple independently targetable reentry vehicles (MIRVs) are launchers of the types developed and tested for launching ICBMs or SLBMs equipped with MIRVs. First Agreed statement: If a launcher has been developed and tested for launching an ICBM or an SLBM equipped with MIRVs, all launchers of that type shall be considered to have been developed and tested for launching ICBMs or SLBMs equipped with MIRVs. First Common Understanding: If a launcher contains or launches an ICBM or an SLBM equipped with MIRVs, that launcher shall be considered to have been developed and tested for launching ICBMs or SLBMs equipped with MIRVs. Second Common Understanding: If a launcher has been developed and tested for launching an ICBM or an SLBM equipped with MIRVs, all launchers of that type, except for ICBM and SLBM test and training launchers, shall be included in the corresponding aggregate numbers provided for in Article V of the Treaty, pursuant to the provisions of Article VI of the Treaty. Fourth Common Understanding: For the purposes of this Treaty, all ICBM launchers in the Derazhnya and Pervomaysk areas in the Union of Soviet Socialist Republics are included in the aggregate numbers provided for in Article V of the Treaty. ",,,Assumed ,0.0,,,0,0,0,0,0,0,0,0,0,0,0,0,0,1,0,0,0,0
1403,1.0,Icbm silo launcher,,,,,Assumed ,0.0,,,0,0,0,0,0,0,0,0,0,1,0,0,0,0,0,0,0,0
1403,1.0,Launchers of light icbms (or icbms of older types deployed prior to 1964),,,,,Assumed ,0.0,,,0,0,0,0,0,0,0,0,0,1,0,0,0,0,0,0,0,0
1403,1.0,Launchers for slbms equipped with mirv,"Launchers of the types developed and tested for launching ICBMs or SLBMs equipped with MIRVs. 2) All types of launchers developed and tested for launching an SLBM equipped with MIRVs (If a launcher contains or launches an ICBM or an SLBM equipped with MIRVs, that launcher shall be considered to have been developed and tested for launching ICBMs or SLBMs equipped with MIRVs.) 3) If a launcher has been developed and tested for launching an ICBM or an SLBM equipped with MIRVs, all launchers of that type, except for ICBM and SLBM test and training launchers, shall be included in the corresponding aggregate numbers provided for in Article V of the Treaty, pursuant to the provisions of Article VI of the Treaty. 4.all ICBM launchers in the Derazhnya and Pervomaysk areas in the Union of Soviet Socialist Republics are included in the aggregate numbers provided for in Article V of the Treaty.","Ibid. Article II:5: Launchers of ICBMs and SLBMs equipped with multiple independently targetable reentry vehicles (MIRVs) are launchers of the types developed and tested for launching ICBMs or SLBMs equipped with MIRVs. First Agreed statement: If a launcher has been developed and tested for launching an ICBM or an SLBM equipped with MIRVs, all launchers of that type shall be considered to have been developed and tested for launching ICBMs or SLBMs equipped with MIRVs. First Common Understanding: If a launcher contains or launches an ICBM or an SLBM equipped with MIRVs, that launcher shall be considered to have been developed and tested for launching ICBMs or SLBMs equipped with MIRVs. Second Common Understanding: If a launcher has been developed and tested for launching an ICBM or an SLBM equipped with MIRVs, all launchers of that type, except for ICBM and SLBM test and training launchers, shall be included in the corresponding aggregate numbers provided for in Article V of the Treaty, pursuant to the provisions of Article VI of the Treaty. Fourth Common Understanding: For the purposes of this Treaty, all ICBM launchers in the Derazhnya and Pervomaysk areas in the Union of Soviet Socialist Republics are included in the aggregate numbers provided for in Article V of the Treaty. ",,,Assumed ,0.0,,,0,0,0,0,0,0,0,0,0,0,0,0,0,1,0,0,0,0
1403 | 2801,1.0,Asbm,A ballistic missile with a range in excess of 600 kilometers that is installed in an aircraft or on its external mountings for the purpose of being launched from this aircraft. | Any such missiles capable of a range in excess of 600 kilometers and installed in an aircraft or on its external mountings.,"Ibid. Article II:4: Air to surface ballistic missiles (ASBMs) are any such missiles capable of a range in excess of 600 kilometers and installed in an aircraft or on its external mountings. | START: Definitions Annex', 1991. Term 6 (6) https://www.acq.osd.mil/asda/ssipm/sdc/tc/start1/START1 annex definitions.html.",1981-01-01,,"Ibid. Article III: 1: Upon entry into force of this Treaty, each Party undertakes to limit ICBM launchers, SLBM launchers, heavy bombers, and ASBMs to an aggregate number not to exceed 2,400. Article III: 2: Each Party undertakes to limit, from January 1, 1981, strategic offensive arms referred to in paragraph 1 of this Article to an aggregate number not to exceed 2,250, and to initiate reductions of those arms which as of that date would be in excess of this aggregate number.",2,"Ibid. Article III: 1: Upon entry into force of this Treaty, each Party undertakes to limit ICBM launchers, SLBM launchers, heavy bombers, and ASBMs to an aggregate number not to exceed 2,400. Article III: 2: Each Party undertakes to limit, from January 1, 1981, strategic offensive arms referred to in paragraph 1 of this Article to an aggregate number not to exceed 2,250, and to initiate reductions of those arms which as of that date would be in excess of this aggregate number.","Phase 1(upon entry into force): Aggregate quantity 2400. Phase 2(january 1, 1981): Aggregate quantity 2250.",0,1,1,0,0,0,0,0,0,0,0,1,0,1,0,0,0,1
1403,1.0,Asbms equipped with mirv,"ASBMs of the types which have been flight tested with MIRVs(ASBMs of the types which have been flight tested with two or more independently targetable reentry vehicles, regardless of whether or not they have also been flight tested with a single reentry vehicle or with multiple reentry vehicles which are not independently targetable). 2) Reentry vehicles are independently targetable: (b) if maneuvering and targeting of the reentry vehicles to separate aim points along trajectories which are unrelated to each other are accomplished by means of other devices which may be developed in the future. (a) if, after separation from the booster, maneuvering and targeting of the reentry vehicles to separate aim points along trajectories which are unrelated to each other are accomplished by means of devices which are installed in a self contained dispensing mechanism or on the reentry vehicles, and which are based on the use of electronic or other computers in combination with devices using jet engines, including rocket engines, or aerodynamic systems.","Ibid. Article 6: ASBMs equipped with MIRVs are ASBMs of the types which have been flight tested with MIRVs. First Agreed Statement: ASBMs of the types which have been flight tested with MIRVs are all ASBMs of the types which have been flight tested with two or more independently targetable reentry vehicles, regardless of whether or not they have also been flight tested with a single reentry vehicle or with multiple reentry vehicles which are not independently targetable. Second Agreed Statement: Reentry vehicles are independently targetable: (b) if maneuvering and targeting of the reentry vehicles to separate aim points along trajectories which are unrelated to each other are accomplished by means of other devices which may be developed in the future. (a) if, after separation from the booster, maneuvering and targeting of the reentry vehicles to separate aim points along trajectories which are unrelated to each other are accomplished by means of devices which are installed in a self contained dispensing mechanism or on the reentry vehicles, and which are based on the use of electronic or other computers in combination with devices using jet engines, including rocket engines, or aerodynamic systems;",,,Assumed ,0.0,,,0,0,0,0,0,0,0,0,0,0,1,0,0,1,0,0,0,0
1403,1.0,Cruise missile,"Unmanned, self propelled, guided, weapon delivery vehicles which sustain flight through the use of aerodynamic lift over most of their flight path and which are flight tested from or deployed on aircraft, that is, air launched cruise missiles, or such vehicles which are referred to as cruise missiles in subparagraph 1(b) of Article IX. 2) All cruise missiles types capable of a range in excess of 600 kilometers( If a cruise missile has been flight tested to a range in excess of 600 kilometers, it shall be considered to be a cruise missile capable of a range in excess of 600 kilometers). 3) Cruise missiles not capable of a range in excess of 600 kilometers shall not be considered to be of a type capable of a range in excess of 600 kilometers if they are distinguishable on the basis of externally observable design features from cruise missiles of types capable of a range in excess of 600 kilometers. 4) The range of which a cruise missile is capable is the maximum distance which can be covered by the missile in its standard design mode flying until fuel exhaustion, determined by projecting its flight path onto the Earths sphere from the point of launch to the point of impact. 5) If an unmanned, self propelled, guided vehicle which sustains flight through the use of aerodynamic lift over most of its flight path has been flight tested or deployed for weapon delivery, all vehicles of that type shall be considered to be weapon delivery vehicles. 6) Unmanned, self propelled, guided vehicles which sustain flight through the use of aerodynamic lift over most of their flight path and are not weapon delivery vehicles, that is, unarmed, pilotless, guided vehicles, shall not be considered to be cruise missiles if such vehicles are distinguishable from cruise missiles on the basis of externally observable design features.","Ibid. Article II:8: Cruise missiles are unmanned, self propelled, guided, weapon delivery vehicles which sustain flight through the use of aerodynamic lift over most of their flight path and which are flight tested from or deployed on aircraft, that is, air launched cruise missiles, or such vehicles which are referred to as cruise missiles in subparagraph 1(b) of Article IX. First Agreed Statement: If a cruise missile is capable of a range in excess of 600 kilometers, all cruise missiles of that type shall be considered to be cruise missiles capable of a range in excess of 600 kilometers. First Common Understanding: If a cruise missile has been flight tested to a range in excess of 600 kilometers, it shall be considered to be a cruise missile capable of a range in excess of 600 kilometers. Second Common Understanding: Cruise missiles not capable of a range in excess of 600 kilometers shall not be considered to be of a type capable of a range in excess of 600 kilometers if they are distinguishable on the basis of externally observable design features from cruise missiles of types capable of a range in excess of 600 kilometers. Second Agreed Statement: The range of which a cruise missile is capable is the maximum distance which can be covered by the missile in its standard design mode flying until fuel exhaustion, determined by projecting its flight path onto the Earths sphere from the point of launch to the point of impact. Third Agreed Statement: If an unmanned, self propelled, guided vehicle which sustains flight through the use of aerodynamic lift over most of its flight path has been flight tested or deployed for weapon delivery, all vehicles of that type shall be considered to be weapon delivery vehicles. Third Common Understanding: Unmanned, self propelled, guided vehicles which sustain flight through the use of aerodynamic lift over most of their flight path and are not weapon delivery vehicles, that is, unarmed, pilotless, guided vehicles, shall not be considered to be cruise missiles if such vehicles are distinguishable from cruise missiles on the basis of externally observable design features.",,,Assumed ,0.0,,,0,0,0,0,0,0,0,0,0,0,1,0,0,0,0,0,0,0
1403,1.0,Non-icbm land-based ballistic missile launcher,,,,,Assumed ,0.0,,,0,0,0,0,0,0,0,0,0,1,1,0,0,0,0,0,0,0
1403,1.0,Systems for rapid reload of icbm launcher,,,,,Assumed ,0.0,,,1,1,0,0,0,0,0,0,0,0,0,0,0,0,0,0,0,0
2801,1.0,Icbms of a retired or former type,,,,,Assumed directly upon force given no explicit indication otherwise,0.0,,,0,0,0,0,0,0,0,0,0,0,1,0,0,0,0,0,0,0
2801,1.0,Icbm equipped with mirv,,,,,Assumed directly upon force given no explicit indication otherwise,0.0,,,0,0,0,0,0,0,0,0,0,0,1,1,0,1,0,0,0,0
2801,1.0,Icbms for mobile launchers of icbm,"An ICBM of a type, any one of which has been contained on, or flight tested from, a mobile launcher of ICBMs, or has been declared an ICBM for mobile launchers of ICBMs.","START: Definitions Annex', 1991. Term 43 (38) https://www.acq.osd.mil/asda/ssipm/sdc/tc/start1/START1 annex definitions.html.",Seven years,,"START, Article II, Paragraph 2. Each Party shall reduce and limit its ICBMs andICBM launchers, SLBMs and SLBM launchers,heavy bombers, ICBM warheads, SLBM warheads,and heavy bomber armaments, so that seven yearsafter entry into force of this Treaty and thereafter, theaggregate numbers...",1.0,"Each Party shall implement the reductions pursuant to paragraph 1 of this Article in three phases, so that its strategic offensive arms do not exceed: (a) by the end of the first phase, that is, no later than 36 months after entry into force of this Treaty, and thereafter, the following aggregate numbers: (i) 2100, for deployed ICBMs and their associated launchers, deployed SLBMs and their associated launchers, and deployed heavy bombers; (ii) 9150, for warheads attributed to deployed ICBMs, deployed SLBMs, and deployed heavy bombers; (iii) 8050, for warheads attributed to deployed ICBMs and deployed SLBMs; (b) by the end of the second phase, that is, no later than 60 months after entry into force of this Treaty, and thereafter, the following aggregate numbers: (i) 1900, for deployed ICBMs and their associated launchers, deployed SLBMs and their associated launchers, and deployed heavy bombers; (ii) 7950, for warheads attributed to deployed ICBMs, deployed SLBMs, and deployed heavy bombers; (iii) 6750, for warheads attributed to deployed ICBMs and deployed SLBMs; (c) by the end of the third phase, that is, no later than 84 months after entry into force of this Treaty: the aggregate numbers provided for in paragraph 1 of this Article.START, Article II, Paragraph 2","START, Article II, Paragraph 2",0,0,0,0,0,0,0,0,0,0,0,0,0,1,0,0,0,2
2801,1.0,Slbms of a retired or former type,,,,,Assumed directly upon force given no explicit indication otherwise,0.0,,,0,0,0,0,0,0,0,0,0,0,1,0,0,0,0,0,0,0
2801,1.0,Slbm equipped with mirv,,,,,Assumed directly upon force given no explicit indication otherwise,0.0,,,0,0,0,0,0,0,0,0,0,0,1,1,0,1,0,0,0,0
2801,1.0,Heavy slbm,"A SLBM of a type, any one of which has a launch weight greater than 106,000 kilograms or a throw weight greater than 4350 kilograms.","START: Definitions Annex', 1991. Term 40 (110). https://www.acq.osd.mil/asda/ssipm/sdc/tc/start1/START1 annex definitions.html.",Seven years,,"START, Article II, Paragraph 2. Each Party shall reduce and limit its ICBMs andICBM launchers, SLBMs and SLBM launchers,heavy bombers, ICBM warheads, SLBM warheads,and heavy bomber armaments, so that seven yearsafter entry into force of this Treaty and thereafter, theaggregate numbers...",1.0,"Each Party shall implement the reductions pursuant to paragraph 1 of this Article in three phases, so that its strategic offensive arms do not exceed: (a) by the end of the first phase, that is, no later than 36 months after entry into force of this Treaty, and thereafter, the following aggregate numbers: (i) 2100, for deployed ICBMs and their associated launchers, deployed SLBMs and their associated launchers, and deployed heavy bombers; (ii) 9150, for warheads attributed to deployed ICBMs, deployed SLBMs, and deployed heavy bombers; (iii) 8050, for warheads attributed to deployed ICBMs and deployed SLBMs; (b) by the end of the second phase, that is, no later than 60 months after entry into force of this Treaty, and thereafter, the following aggregate numbers: (i) 1900, for deployed ICBMs and their associated launchers, deployed SLBMs and their associated launchers, and deployed heavy bombers; (ii) 7950, for warheads attributed to deployed ICBMs, deployed SLBMs, and deployed heavy bombers; (iii) 6750, for warheads attributed to deployed ICBMs and deployed SLBMs; (c) by the end of the third phase, that is, no later than 84 months after entry into force of this Treaty: the aggregate numbers provided for in paragraph 1 of this Article.START, Article II, Paragraph 2","START, Article II, Paragraph 2",1,1,1,0,0,0,0,0,0,0,0,0,0,0,0,0,0,2
2801,1.0,Heavy icbm launcher,"ICBM launcher means a device intended or used to contain, prepare for launch, and launch an ICBM. ","START: Definitions Annex', 1991. Term 44 (79). https://www.acq.osd.mil/asda/ssipm/sdc/tc/start1/START1 annex definitions.html.",Seven years,,"START, Article II, Paragraph 2. Each Party shall reduce and limit its ICBMs andICBM launchers, SLBMs and SLBM launchers,heavy bombers, ICBM warheads, SLBM warheads,and heavy bomber armaments, so that seven yearsafter entry into force of this Treaty and thereafter, theaggregate numbers...",1.0,"Each Party shall implement the reductions pursuant to paragraph 1 of this Article in three phases, so that its strategic offensive arms do not exceed: (a) by the end of the first phase, that is, no later than 36 months after entry into force of this Treaty, and thereafter, the following aggregate numbers: (i) 2100, for deployed ICBMs and their associated launchers, deployed SLBMs and their associated launchers, and deployed heavy bombers; (ii) 9150, for warheads attributed to deployed ICBMs, deployed SLBMs, and deployed heavy bombers; (iii) 8050, for warheads attributed to deployed ICBMs and deployed SLBMs; (b) by the end of the second phase, that is, no later than 60 months after entry into force of this Treaty, and thereafter, the following aggregate numbers: (i) 1900, for deployed ICBMs and their associated launchers, deployed SLBMs and their associated launchers, and deployed heavy bombers; (ii) 7950, for warheads attributed to deployed ICBMs, deployed SLBMs, and deployed heavy bombers; (iii) 6750, for warheads attributed to deployed ICBMs and deployed SLBMs; (c) by the end of the third phase, that is, no later than 84 months after entry into force of this Treaty: the aggregate numbers provided for in paragraph 1 of this Article.START, Article II, Paragraph 2","START, Article II, Paragraph 2",0,0,0,0,0,0,0,0,0,0,0,0,0,1,0,0,0,2
2801,1.0,Silo launchers of icbm,A fixed launcher of ICBMs in a silo structure located in the ground.,"START: Definitions Annex', 1991. Term 97 (120). https://www.acq.osd.mil/asda/ssipm/sdc/tc/start1/START1 annex definitions.html.",,,Assumed directly upon force given no explicit indication otherwise,0.0,,,0,0,0,0,0,0,0,0,0,0,0,0,0,1,0,0,0,0
2801,1.0,Silo launchers of heavy icbm,,,,,Assumed directly upon force given no explicit indication otherwise,0.0,,,1,1,1,0,0,0,0,0,0,0,0,0,0,0,0,0,0,0
2801,1.0,Rail mobile launchers of icbm,An erector launcher mechanism for launching ICBMs and the railcar or flatcar on which it is mounted.,"START: Definitions Annex', 1991. Term 85 (22) https://www.acq.osd.mil/asda/ssipm/sdc/tc/start1/START1 annex definitions.html.",,,Assumed directly upon force given no explicit indication otherwise,0.0,,,0,0,0,0,0,0,0,0,0,0,0,0,0,1,0,0,0,0
2801,1.0,Launchers of heavy slbm,,,,,Assumed directly upon force given no explicit indication otherwise,0.0,,,1,1,1,0,0,0,0,0,0,0,0,0,0,0,0,0,0,0
2801,1.0,Former heavy bomber,"A reconnaissance airplane, tanker airplane, or jamming airplane that is not equipped for nuclear armaments or non nuclear air to surface armaments and:(a) that was initially constructed on the basis of the airframe of an existing type of heavy bomber and satisfies the requirements for conversion in accordance with the Conversion or Elimination Protocol; or(b) that has been converted from a heavy bomber in accordance with procedures provided for in the Conversion or Elimination Protocol, or in such a way that it satisfies the requirements for conversion in accordance with the Conversion or Elimination Protocol.","START: Definitions Annex', 1991. Term 33 (12) https://www.acq.osd.mil/asda/ssipm/sdc/tc/start1/START1 annex definitions.html.",,,Assumed directly upon force given no explicit indication otherwise,0.0,,,0,0,0,0,0,0,0,0,0,1,0,0,0,0,0,0,0,0
2801,1.0,Heavy bombers equipped for nuclear armaments other than long-range nuclear alcm,,,,,Assumed directly upon force given no explicit indication otherwise,0.0,,,0,0,0,0,0,0,0,0,0,1,0,0,0,0,0,0,0,0
2801,1.0,Heavy bombers equipped for non-nuclear armament,,,,,Assumed directly upon force given no explicit indication otherwise,0.0,,,0,0,0,0,0,0,0,0,0,1,0,0,0,0,0,0,0,0
2801,1.0,Warheads attributed to deployed icbms and deployed slbm,,,Seven years,,"START, Article II, Paragraph 2. Each Party shall reduce and limit its ICBMs andICBM launchers, SLBMs and SLBM launchers,heavy bombers, ICBM warheads, SLBM warheads,and heavy bomber armaments, so that seven yearsafter entry into force of this Treaty and thereafter, theaggregate numbers...",1.0,"Each Party shall implement the reductions pursuant to paragraph 1 of this Article in three phases, so that its strategic offensive arms do not exceed: (a) by the end of the first phase, that is, no later than 36 months after entry into force of this Treaty, and thereafter, the following aggregate numbers: (i) 2100, for deployed ICBMs and their associated launchers, deployed SLBMs and their associated launchers, and deployed heavy bombers; (ii) 9150, for warheads attributed to deployed ICBMs, deployed SLBMs, and deployed heavy bombers; (iii) 8050, for warheads attributed to deployed ICBMs and deployed SLBMs; (b) by the end of the second phase, that is, no later than 60 months after entry into force of this Treaty, and thereafter, the following aggregate numbers: (i) 1900, for deployed ICBMs and their associated launchers, deployed SLBMs and their associated launchers, and deployed heavy bombers; (ii) 7950, for warheads attributed to deployed ICBMs, deployed SLBMs, and deployed heavy bombers; (iii) 6750, for warheads attributed to deployed ICBMs and deployed SLBMs; (c) by the end of the third phase, that is, no later than 84 months after entry into force of this Treaty: the aggregate numbers provided for in paragraph 1 of this Article.START, Article II, Paragraph 2","START, Article II, Paragraph 2",0,0,0,0,0,0,0,0,0,0,0,0,0,1,0,0,0,2
2801,1.0,Warheads attributed to deployed icbms on mobile launchers of icbm,,,Seven years,,"START, Article II, Paragraph 2. Each Party shall reduce and limit its ICBMs andICBM launchers, SLBMs and SLBM launchers,heavy bombers, ICBM warheads, SLBM warheads,and heavy bomber armaments, so that seven yearsafter entry into force of this Treaty and thereafter, theaggregate numbers...",1.0,"Each Party shall implement the reductions pursuant to paragraph 1 of this Article in three phases, so that its strategic offensive arms do not exceed: (a) by the end of the first phase, that is, no later than 36 months after entry into force of this Treaty, and thereafter, the following aggregate numbers: (i) 2100, for deployed ICBMs and their associated launchers, deployed SLBMs and their associated launchers, and deployed heavy bombers; (ii) 9150, for warheads attributed to deployed ICBMs, deployed SLBMs, and deployed heavy bombers; (iii) 8050, for warheads attributed to deployed ICBMs and deployed SLBMs; (b) by the end of the second phase, that is, no later than 60 months after entry into force of this Treaty, and thereafter, the following aggregate numbers: (i) 1900, for deployed ICBMs and their associated launchers, deployed SLBMs and their associated launchers, and deployed heavy bombers; (ii) 7950, for warheads attributed to deployed ICBMs, deployed SLBMs, and deployed heavy bombers; (iii) 6750, for warheads attributed to deployed ICBMs and deployed SLBMs; (c) by the end of the third phase, that is, no later than 84 months after entry into force of this Treaty: the aggregate numbers provided for in paragraph 1 of this Article.START, Article II, Paragraph 2","START, Article II, Paragraph 2",0,0,0,0,0,0,0,0,0,0,0,0,0,1,0,0,0,2
2801,1.0,Warheads attributed to deployed heavy bomber,,,Seven years,,"START, Article II, Paragraph 2. Each Party shall reduce and limit its ICBMs andICBM launchers, SLBMs and SLBM launchers,heavy bombers, ICBM warheads, SLBM warheads,and heavy bomber armaments, so that seven yearsafter entry into force of this Treaty and thereafter, theaggregate numbers...",1.0,"Each Party shall implement the reductions pursuant to paragraph 1 of this Article in three phases, so that its strategic offensive arms do not exceed: (a) by the end of the first phase, that is, no later than 36 months after entry into force of this Treaty, and thereafter, the following aggregate numbers: (i) 2100, for deployed ICBMs and their associated launchers, deployed SLBMs and their associated launchers, and deployed heavy bombers; (ii) 9150, for warheads attributed to deployed ICBMs, deployed SLBMs, and deployed heavy bombers; (iii) 8050, for warheads attributed to deployed ICBMs and deployed SLBMs; (b) by the end of the second phase, that is, no later than 60 months after entry into force of this Treaty, and thereafter, the following aggregate numbers: (i) 1900, for deployed ICBMs and their associated launchers, deployed SLBMs and their associated launchers, and deployed heavy bombers; (ii) 7950, for warheads attributed to deployed ICBMs, deployed SLBMs, and deployed heavy bombers; (iii) 6750, for warheads attributed to deployed ICBMs and deployed SLBMs; (c) by the end of the third phase, that is, no later than 84 months after entry into force of this Treaty: the aggregate numbers provided for in paragraph 1 of this Article.START, Article II, Paragraph 2","START, Article II, Paragraph 2",0,0,0,0,0,0,0,0,0,0,0,0,0,1,0,0,0,2
2801,1.0,Mobile launchers of heavy icbm,,,,,Assumed directly upon force given no explicit indication otherwise,0.0,,,1,1,1,0,0,0,0,0,0,0,0,0,0,0,0,0,0,0
2801,1.0,Transporter loader,"A vehicle that is capable of transporting an assembled ICBM for mobile launchers of ICBMs and from which such an ICBM can be loaded directly onto a mobile launcher of ICBMs, or onto which such an ICBM can be unloaded directly from a mobile launcher of ICBMs, outside facilities where non deployed ICBMs may be located.","START: Definitions Annex', 1991. Term 120 (109). https://www.acq.osd.mil/asda/ssipm/sdc/tc/start1/START1 annex definitions.html.",,,Assumed directly upon force given no explicit indication otherwise,0.0,,,0,0,0,0,0,0,0,0,0,0,1,1,0,1,0,0,0,0
2801,1.0,Soft site launcher,Any land based fixed launcher of ICBMs or SLBMs other than a silo launcher..,"START: Definitions Annex', 1991. Term 102 (80) https://www.acq.osd.mil/asda/ssipm/sdc/tc/start1/START1 annex definitions.html.",,,Assumed directly upon force given no explicit indication otherwise,0.0,,,0,0,0,0,0,0,0,0,0,0,0,0,0,1,0,0,0,0
2801,1.0,Silos used as a launch control center,"A silo, other than a silo launcher of ICBMs, that is located at an ICBM base and that is used to control the launch of an ICBM.","START: Definitions Annex', 1991. Term 99 (119) https://www.acq.osd.mil/asda/ssipm/sdc/tc/start1/START1 annex definitions.html.",,,Assumed directly upon force given no explicit indication otherwise,0.0,,,0,0,0,0,0,0,0,0,0,1,0,0,0,0,0,0,0,0
2801,1.0,Rapid reload system,,,,,Assumed directly upon force given no explicit indication otherwise,0.0,,,1,1,1,0,0,0,0,0,0,0,0,0,0,0,0,0,0,0
2801 | 388 | 392,1.0,Ballistic missile,A missile that is a weapon delivery vehicle that has a ballistic trajectory over most of its flight path.,"START: Definitions Annex', 1991. Term 7 (5). https://www.acq.osd.mil/asda/ssipm/sdc/tc/start1/START1 annex definitions.html.",,,Assumed directly upon force given no explicit indication otherwise,2,,,0,0,1,0,0,0,0,0,0,1,1,1,0,1,0,1,0,0
2801,1.0,Launchers of ballistic missile,A missile that is a weapon delivery vehicle that has a ballistic trajectory over most of its flight path.,"START: Definitions Annex', 1991. Term 7 (5). https://www.acq.osd.mil/asda/ssipm/sdc/tc/start1/START1 annex definitions.html.",,,Assumed directly upon force given no explicit indication otherwise,0.0,,,0,0,0,0,0,0,0,0,0,0,1,1,0,1,0,0,0,0
2801,1.0,Systems for placing nuclear weapons into earth orbit,,"START: Definitions Annex', 1991. Term 40 (110). https://www.acq.osd.mil/asda/ssipm/sdc/tc/start1/START1 annex definitions.html.",,,Assumed directly upon force given no explicit indication otherwise,0.0,,,0,1,1,0,0,0,0,0,0,0,0,0,0,0,0,0,0,0
2801,1.0,Long-range nuclear alcm,,"START: Definitions Annex', 1991. Term 40 (110). https://www.acq.osd.mil/asda/ssipm/sdc/tc/start1/START1 annex definitions.html.",,,Assumed directly upon force given no explicit indication otherwise,0.0,,,0,0,0,0,0,0,0,0,0,0,1,1,0,1,0,0,0,0
2801,1.0,Aicrafts other than airplanes (8000 km+ range),,"START: Definitions Annex', 1991. Term 40 (110). https://www.acq.osd.mil/asda/ssipm/sdc/tc/start1/START1 annex definitions.html.",,,Assumed directly upon force given no explicit indication otherwise,0.0,,,0,0,0,0,0,0,0,0,0,0,1,0,0,0,0,0,0,0
2801,1.0,Aicrafts not intially constructed as bombers (8000 km+ range),,"START: Definitions Annex', 1991. Term 40 (110). https://www.acq.osd.mil/asda/ssipm/sdc/tc/start1/START1 annex definitions.html.",,,Assumed directly upon force given no explicit indication otherwise,0.0,,,0,0,0,0,0,0,0,0,0,0,1,0,0,1,0,0,0,0
2801,1.0,Training heavy bomber,"A heavy bomber used for training that is not equipped for nuclear armaments or non nuclear air to surface armaments, and that satisfies the requirements for conversion in accordance with the Protocol on Conversion or Elimination.","START: Definitions Annex', 1991. Term 116 (114). https://www.acq.osd.mil/asda/ssipm/sdc/tc/start1/START1 annex definitions.html.",,,Assumed directly upon force given no explicit indication otherwise,0.0,,,0,0,0,0,0,0,0,0,0,1,0,0,0,0,0,0,0,0
2801 | 3,1.0,Naval vessel,,,,,Assumed directly upon force given no explicit indication otherwise,2,,,0,0,0,0,0,0,0,0,0,0,0,0,0,1,0,1,0,0
2801,1.0,Fixed structures for rail mobile launchers of icbm,,,,,Assumed directly upon force given no explicit indication otherwise,0.0,,,0,0,0,0,0,0,0,0,0,0,0,0,0,1,0,0,0,0
2801,1.0,Test launcher,"An ICBM launcher or an SLBM launcher located within a test range, unless otherwise provided for in the Treaty.","START: Definitions Annex', 1991. Term 112 (81) https://www.acq.osd.mil/asda/ssipm/sdc/tc/start1/START1 annex definitions.html.",,,Assumed directly upon force given no explicit indication otherwise,0.0,,,1,0,0,0,0,0,0,0,0,0,0,0,0,1,0,0,0,0
375,0.0,Ammunition and component,,,,,,,,,0,0,1,1,0,0,1,0,0,0,0,0,0,0,0,0,0,0
282,0.0,Biological weapon,,,,,,,,,1,0,1,1,0,0,1,1,0,0,0,0,0,0,0,0,0,0
342,2.0,Dual-use goods and technologie,,,,,,,,,0,0,0,0,0,0,0,0,0,0,0,0,0,0,1,0,0,0
3622,2.0,Theater missile defence system,,,,,,,,,0,0,0,0,0,0,0,0,0,0,1,0,0,1,0,0,0,0
3622,2.0,Non-abm system,,,,,,,,,0,0,0,0,0,0,0,0,0,0,0,0,0,0,0,0,0,0
251,0.0,Bacteriological methods of warfare,,,,,,,,,0,0,0,0,0,0,0,1,0,0,0,0,0,0,0,0,0,0
25,0.0,"(category 1) arms, ammunition and implements of war exclusively designed and intended for land, sea and aerial warfare",,,,,,,,,0,0,0,0,0,0,0,0,0,0,0,1,0,0,1,0,0,0
25,0.0,(category 2) arms and ammunition capable of use both for military and other purpose,,,,,,,,,0,0,0,0,0,0,0,0,0,0,0,1,0,0,1,0,0,0
25,0.0,(category 3) vessels of war and their armament,,,,,,,,,0,0,0,0,0,0,0,0,0,0,0,0,0,0,1,0,0,0
25,0.0,Category iv(aircrafts and aircrafts compenents),,,,,,,,,0,0,0,0,0,0,0,0,0,0,0,1,0,0,1,0,0,0
25,0.0,"Category v(gunpowder and explosives, other)",,,,,,,,,0,0,0,0,0,0,0,0,0,0,0,1,0,0,1,0,0,0
382,0.0,Ballistic missile flight test,,,,,,,,,0,0,0,0,0,0,0,0,0,0,1,0,0,0,0,0,0,0
382,0.0,Nuclear test explosion,,,,,,,,,0,0,0,0,0,0,0,0,0,0,1,0,0,0,0,0,0,0
6,0.0,Explosive projectile,,,,,,,,,0,0,0,0,0,0,0,0,0,0,0,0,0,0,0,0,0,0
7,0.0,Arms of war,,,,,,,,,0,0,0,1,0,0,1,0,0,0,0,0,0,0,0,0,0,0
7,2.0,Parts of gun,,,,,,,,,0,0,0,1,0,0,1,0,0,0,0,0,0,0,0,0,0,0
7,0.0,Ammunition of any nature (loaded or unloaded),,,,,,,,,0,0,0,1,0,0,1,0,0,0,0,0,0,0,0,0,0,0
7,2.0,Powder,,,,,,,,,0,0,0,1,0,0,1,0,0,0,0,0,0,0,0,0,0,0
7,2.0,Saltpeter,,,,,,,,,0,0,0,1,0,0,1,0,0,0,0,0,0,0,0,0,0,0
7,2.0,Gun cotton,,,,,,,,,0,0,0,1,0,0,1,0,0,0,0,0,0,0,0,0,0,0
7,2.0,Nitroglycerin,,,,,,,,,0,0,0,1,0,0,1,0,0,0,0,0,0,0,0,0,0,0
7,2.0,Compositions destined exclusively for the manufacture of ammunition,,,,,,,,,0,0,0,1,0,0,1,0,0,0,0,0,0,0,0,0,0,0
7,0.0,Sporting arm,,,,,,,,,0,0,0,0,0,0,0,0,0,0,0,0,1,0,1,0,0,0
7,0.0,Sporting arms ammunition,,,,,,,,,0,0,0,0,0,0,0,0,0,0,0,0,1,0,1,0,0,0
7,0.0,High-priced arm,,,,,,,,,0,0,0,0,0,0,0,0,0,0,0,0,1,0,1,0,0,0
7,0.0,High-priced arms ammunition,,,,,,,,,0,0,0,0,0,0,0,0,0,0,0,0,1,0,1,0,0,0
8,3.0,German armed force,,,,,,,,,0,0,0,0,0,0,1,0,0,0,0,0,0,0,0,0,0,0
8,0.0,Rifle,,,,,,,,,0,0,0,1,0,0,0,0,0,0,0,1,0,0,0,0,0,0
8,0.0,Carbine,,,,,,,,,0,0,0,1,0,0,0,0,0,0,0,1,0,0,0,0,0,0
8,0.0,Rounds for rifles and carbine,,,,,,,,,0,0,0,1,0,0,0,0,0,0,0,1,0,0,0,0,0,0
8,0.0,Heavy machine gun,,,,,,,,,0,0,0,1,0,0,0,0,0,0,0,1,0,0,0,0,0,0
8,0.0,Light machine gun,,,,,,,,,0,0,0,1,0,0,0,0,0,0,0,1,0,0,0,0,0,0
8,0.0,Rounds for light and heavy machine gun,,,,,,,,,0,0,0,1,0,0,0,0,0,0,0,1,0,0,0,0,0,0
8,0.0,Medium trench mortar,,,,,,,,,0,0,0,1,0,0,0,0,0,0,0,1,0,0,0,0,0,0
8,0.0,Rounds for medium trench mortar,,,,,,,,,0,0,0,1,0,0,0,0,0,0,0,1,0,0,0,0,0,0
8,0.0,Light trench mortar,,,,,,,,,0,0,0,1,0,0,0,0,0,0,0,1,0,0,0,0,0,0
8,0.0,Rounds for light trench mortar,,,,,,,,,0,0,0,1,0,0,0,0,0,0,0,1,0,0,0,0,0,0
8,0.0,7.7 gun,,,,,,,,,0,0,0,1,0,0,0,0,0,0,0,1,0,0,0,0,0,0
8,0.0,Rounds for 7.7 gun,,,,,,,,,0,0,0,1,0,0,0,0,0,0,0,1,0,0,0,0,0,0
8,0.0,10.5 gun,,,,,,,,,0,0,0,1,0,0,0,0,0,0,0,1,0,0,0,0,0,0
8,0.0,Rounds for 10.5 gun,,,,,,,,,0,0,0,1,0,0,0,0,0,0,0,1,0,0,0,0,0,0
8,0.0,"Armoured cars, tanks and similiar construction",,,,,,,,,0,0,0,1,0,0,0,0,0,0,0,0,0,0,0,0,0,0
8,3.0,"Asphyxiating, poisonous or other gases and all analogous liquid",,,,,,,,,0,0,1,1,0,0,0,1,0,0,0,0,0,0,0,0,0,0
8,1.0,Fortification,,,,,,,,,0,0,0,0,0,0,0,0,0,0,0,0,1,0,0,0,0,0
8,0.0,Battleship,,,,,,,,,0,0,0,1,0,0,0,0,0,0,0,0,0,0,1,0,0,0
8,0.0,Torpedo boat,,,,,,,,,0,0,0,1,0,0,0,0,0,0,0,0,0,0,1,0,0,0
8,0.0,Other warship,,,,,,,,,0,0,0,1,0,0,0,0,0,0,0,0,0,0,1,0,0,0
8,0.0,Auxiliary cruisers and fleet auxiliarie,,,,,,,,,0,0,0,1,0,0,0,0,0,0,0,0,0,0,1,0,0,0
8,0.0,Submarines (and related vessels and docks),,,,,,,,,0,0,0,1,0,0,0,0,0,0,0,0,0,0,1,0,0,0
8,3.0,Minesweeping vessel,,,,,,,,,0,0,0,0,0,0,0,0,0,0,0,0,0,0,0,0,0,0
8,3.0,Air force,,,,,,,,,0,0,0,0,0,0,1,0,0,0,0,0,0,0,0,0,0,0
8,0.0,Dirigible,,,,,,,,,0,0,0,0,0,0,0,0,0,0,0,0,0,0,0,0,0,0
8,3.0,Aircrafts (incl. their parts and engines),,,,,,,,,0,0,0,0,0,0,0,0,0,0,0,1,1,0,0,0,0,0
8,2.0,Nacelles and fuselage,,,,,,,,,0,0,0,0,0,0,0,0,0,0,0,0,0,0,0,0,0,0
8,2.0,Instruments for use on aircraft (incl. wireless apparatus and photographic or cinematographic apparatus),,,,,,,,,0,0,0,0,0,0,0,0,0,0,0,0,0,0,0,0,0,0
8,3.0,Navy,,,,,,,,,0,0,0,0,0,0,1,0,0,0,0,0,0,0,0,0,0,0
264,0.0,Heavy bomber aircraft,,,,,,,,,0,0,0,0,0,0,0,0,0,0,0,0,0,0,0,0,0,0
272,0.0,"Chemical weapons munitions, devices and container",,,,,,,,,0,0,0,0,0,0,0,0,0,0,0,0,0,0,0,0,0,0
272,0.0,Chemical weapons storage facilitie,,,,,,,,,0,0,0,0,0,0,0,0,0,0,0,0,0,0,0,0,0,0
266,0.0,Laser,,,,,,,,,0,0,0,0,0,0,0,0,0,0,0,0,0,0,0,0,0,0
266,0.0,Personel/equipment of armed force,,,,,,,,,0,0,0,0,0,0,0,0,0,0,0,0,0,0,1,0,0,0
388,0.0,Space launch vehicle,,,,,,,,,0,0,0,0,0,0,0,0,0,0,0,0,0,0,0,1,0,0
