agreement_id,item_type,item,weapon_item_definition,c_weapon_item_definition,ban_development,ban_testing,ban_production,ban_acquisition,ban_possession,ban_station,ban_transfer,ban_use,ban_disposal,restriction_development,testing_restriction,restriction_production,restriction_acquisition,restriction_possession,restriction_transfer,restriction_use,restriction_disposal,obligations_timeframe_type,timeframe_set_time,timeframe_other,c_obligations_timeframe,timeframe_phases,c_timeframe_phases,c_phases,weapon_category,dual_use,rationale,year,title_full,title_short,description,agreement_nature,superseeded_agreement,region,region_specific,c_region_specific,laterality,format,agreement_date,status,adoption,adoption_date,signed_definitive_signature,signatory_states,entered_into_force,entry_into_force_date,agreement_participants_nr,agreement_participants,nr_states_parties_total,agreement_subject_to_reservations,Instrument_reservations_deposited,reservation_states_signature,amendment,c_amendment,amendment_decision,exit,exit_other,exit_notification,state_withdrawal_nr,state_withdrawal
150,1.0,weapons general,,,0,0,0,0,0,0,0,0,0,0,0,0,0,0,0,1,0,0.0,,,Assumed directly upon force given no explicit indication otherwise,0.0,,,weapons general,0,Purely military concept; not in dual-use list,1973,Agreement Between The United States of America and The Union of Soviet Socialist Republics on the Prevention of Nuclear War,Prevention of Nuclear War Agreement,"Bilateral, Nuclear Weapons",0.0,,0,,,1,2.0,1973-06-22,0,,,6/22/1973,"The Union of Soviet Socialist Republics(1973-06-22), The United States of America(1973-06-22)",1.0,1973-06-22,,,2.0,2,0.0,,2.0,,,3.0,,,0.0,
180,1.0,weapons general,,,0,0,0,0,0,0,0,0,0,0,0,0,0,0,0,1,0,0.0,,,Assumed directly upon force given no explicit indication otherwise,0.0,,,weapons general,0,Purely military concept; not in dual-use list,1977,Convention on the Prohibition of Military or Any Other Hostile Use of Environmental Modification Techniques,ENMOD,"Multilateral, Conventional Weapons",0.0,,0,,,2,3.0,1978-05-10,0,1.0,1976-12-10,,"Australia(1984-09-07), Belarus(1977-05-18), Belgium(1977-05-18), Benin(1977-06-10), Brazil(1977-11-09), Bulgaria(1977-05-18), Canada(1977-05-18), Cuba(1977-09-23), Cyprus(1977-10-07), The Democratic Republic of the Congo(1978-12-28), Denmark(1977-05-18), Ethiopia(1977-05-18), Finland(1977-05-18), Germany(1977-05-18), Ghana(1978-03-21), Holy See(1977-05-27), Hungary(1977-05-18), Iceland(1977-05-18), India(1977-12-15), Iraq(1977-08-15), Ireland(1977-05-18), Italy(1977-05-18), Lao People's Democratic Republic(1978-04-13), Lebanon(1977-05-18), Liberia(1977-05-18), Luxembourg(1977-05-18), Mongolia(1977-05-18), Morocco(1977-05-18), Netherlands(1977-05-18), Nicaragua(1977-08-11), Norway(1977-05-18), Poland(1977-05-18), Portugal(1977-05-18), Romania(1977-05-18), The Russian Federation(1977-05-18), Sierra Leone(1978-04-12), Spain(1977-05-18), Sri Lanka(1977-06-08), Syria(1977-08-04), Tunisia(1978-05-11), Türkiye(1977-05-18), Uganda(1977-05-18), Ukraine(1977-05-18), The United Kingdom of Great Britain and Northern Ireland(1977-05-18), The United States of America(1977-05-18), Yemen(1977-05-18)",1.0,1978-10-05,,,78.0,2,1.0,,0.0,Ibid. Article VI.1 Any State Party to this Convention may propose amendments to the Convention. The text of any proposed amendment shall be submitted to the Depositary who shall promptly circulate it to all States Parties.,3.0,3.0,,,0.0,
200,1.0,weapons general,,,0,0,0,0,0,0,0,0,0,0,0,0,0,0,0,1,0,0.0,,,Assumed directly upon force given no explicit indication otherwise,0.0,,,weapons general,0,Purely military concept; not in dual-use list,1984,Agreement Governing the Activities of States on the Moon and Other Celestial Bodies,Moon Agreement,"Multilateral, Nuclear Weapons",0.0,,0,,,2,3.0,1979-12-18,0,1.0,1979-12-05,,"Chile(1980-01-03), France(1980-01-29), Romania(1980-04-17), Philippines(1980-04-23), Austria(1980-05-21), Morocco(1980-07-25), Guatemala(1980-11-20), Netherlands(1981-01-27), Uruguay(1981-06-01), Peru(1981-06-23), India(1982-01-18)",1.0,1984-07-11,,,18.0,2,0.0,,0.0,ibid. Treaty. Article 17. Any State Party to this Agreement may propose amendments to the Agreement. Amendments shall enter into force for each State Party to the Agreement accepting the amendments upon their acceptance by a majority of the States Parties to the Agreement and thereafter for each remaining State Party to the Agreement on the date of acceptance by it.,1.0,0.0,,2,1.0,Saudi Arabia(2024-01-05)
220,1.0,weapons general,,,0,0,0,0,0,0,0,0,0,0,0,0,0,0,0,1,0,0.0,,,Assumed directly upon force given no explicit indication otherwise,0.0,,,weapons general,0,Purely military concept; not in dual-use list,1986,Document of the Stockholm Conference on Confidence and SecurityBuilding Measures and Disarmament in Europe convened in accordance with the relevant provisions of the Concluding Document of the Madrid Meeting of the Conference on Security and Cooperation in Europe,Stockholm Document,"Multilateral, Conventional Weapons",0.0,,1,2.0,"Ibid. Annex 1. Under the terms of the Madrid mandate, the zone of application for CSBMs is defined as follows.On the basis of equality of rights, balance and reciprocity, equal respect for the security interests of all CSCE participating States, and of their respective obligations concerning confidence and securitybuilding measures and disarmament in Europe, these confidence and securitybuilding measures will cover the whole of Europe as well as the adjoining sea area* and air space. They will be of military significance and politically binding and will be provided with adequate forms of verification which correspond to their content.",2,4.0,1986-09-19,0,-99.0,,,,0.0,1987-01-01,35.0,"Austria(1986-09-19), Belgium(1986-09-19), Bulgaria(1986-09-19), Canada(1986-09-19), Cyprus(1986-09-19), Czechoslovakia(1986-09-19), Denmark(1986-09-19), Finland(1986-09-19), France(1986-09-19), Germany(1986-09-19), Greece(1986-09-19), Holy See(1986-09-19), Hungary(1986-09-19), Iceland(1986-09-19), Ireland(1986-09-19), Italy(1986-09-19), Liechtenstein(1986-09-19), Luxembourg(1986-09-19), Malta(1986-09-19), Monaco(1986-09-19), Netherlands(1986-09-19), Norway(1986-09-19), Poland(1986-09-19), Portugal(1986-09-19), Romania(1986-09-19), San Marino(1986-09-19), Spain(1986-09-19), Sweden(1986-09-19), Switzerland(1986-09-19), Türkiye(1986-09-19), The Union of Soviet Socialist Republics(1986-09-19), The United Kingdom of Great Britain and Northern Ireland(1986-09-19), The United States of America(1986-09-19), Yugoslavia(1986-09-19)",35.0,2,0.0,,2.0,,,3.0,,,,
260,1.0,weapons general,,,0,0,0,0,0,0,0,0,0,0,0,0,0,0,0,1,0,0.0,,,Assumed directly upon force given no explicit indication otherwise,0.0,,,weapons general,0,Purely military concept; not in dual-use list,1988,India Pakistan Non-Attack Agreement,India Pakistan Non-Attack Agreement,"Bilateral, Nuclear Weapons",0.0,,0,,,1,3.0,1988-12-31,0,,,,"India(1988-12-31), Pakistan(1988-12-31)",1.0,1991-01-01,,,2.0,2,0.0,,2.0,,,3.0,,,0.0,
340,1.0,weapons general,,,0,0,0,0,0,0,0,0,0,0,0,0,0,0,0,1,0,0.0,,,Assumed directly upon force given no explicit indication otherwise,0.0,,,weapons general,0,Purely military concept; not in dual-use list,1996,African NuclearWeaponFree Zone Treaty,Pelindaba Treaty,"NFWZ, Nuclear Weapons",0.0,,1,0.0,"Ibid. Article 2.1. Except where otherwise specified, this Treaty and its Protocols shall apply to the territory within the African nuclearweaponfree zone, as illustrated in the map in annex I.",2,3.0,1996-11-04,0,1.0,1995-06-28,,"Algeria(1996-04-11), Angola(1996-04-11), Benin(1996-04-11), Botswana(1996-06-09), Burkina Faso(1996-04-11), Burundi(1996-04-11), Cabo Verde(1996-04-11), Cameroon(1996-04-11), Central African Republic(1996-04-11), Chad(1996-04-11), Comoros(1996-04-11), Congo(1997-01-27), Cote d'Ivoire(1996-04-11), The Democratic Republic of the Congo(1996-04-11), Djibouti(1996-04-11), Egypt(1996-04-11), Eritrea(1996-04-11), Eswatini(1996-04-11), Ethiopia(1996-04-11), Gabon(1996-04-11), Gambia(1996-04-11), Ghana(1996-04-11), Guinea(1996-04-11), Guinea Bissau(1996-04-11), Kenya(1996-04-11), Lesotho(1996-04-11), Liberia(1996-07-09), Libya(1996-04-11), Malawi(1996-04-11), Mali(1996-04-11), Mauritania(1996-04-11), Mauritius(1996-04-11), Marocco(1996-04-11), Mozambique(1996-04-11), Namibia(1996-04-11), Niger(1996-04-11), Nigeria(1996-04-11), Rwanda(1996-04-11), Sao Tome and Principe(1996-07-09), Senegal(1996-04-11), Seychelles(1996-07-09), Sierra Leone(1996-04-11), Somalia(2006-02-23), South Africa(1996-04-11), Sudan(1996-04-11), Togo(1996-04-11), Tunisia(1996-04-11), Uganda(1996-04-11), Tanzania(1996-04-11), Zambia(1996-04-11), Zimbabwe(1996-04-11)",1.0,2009-07-15,,,43.0,1,0.0,,0.0,"ibid. Article 19. Any amendments to the Treaty proposed by a Party shall be submitted to the Commission, which shall circulate it to all Parties.",2.0,0.0,,2,0.0,
40,1.0,weapons general,,,0,0,0,0,0,0,0,0,0,0,0,0,0,0,0,1,0,0.0,,,Assumed directly upon force given no explicit indication otherwise,0.0,,,weapons general,0,Purely military concept; not in dual-use list,1948,Convention on the Prevention and Punishment of the Crime of Genocide,Genocide Convention,"Multilateral, Weapons General",0.0,,0,,,2,3.0,1948-12-09,0,99.0,,,"Australia(1948-12-11), Belarus(1949-12-16), Belgium(1949-12-12), Bolivia(Plurinational State of)(1948-12-11), Brazil(1948-12-11), Canada(1949-10-28), Chile(1948-12-11), China(1949-07-20), Colombia(1949-08-12), Cuba(1949-12-28), Denmark(1949-09-28), Dominican Republic(1948-12-11), Ecuador(1948-12-11), Egypt(1948-12-12), El Salvador(1949-04-27), Ethiopia(1948-12-11), France(1948-12-11), Greece(1949-12-29), Guatemala(1949-06-22), Haiti(1948-12-11), Honduras(1949-04-22), Iceland(1949-05-14), India(1949-11-29), Iran(1949-12-08), Israel(1949-08-17), Lebanon(1949-12-30), Liberia(1948-12-11), Mexico(1948-12-14), Myanmar(1949-12-30), New Zealand(1949-11-25), Norway(1949-12-11), Pakistan(1948-12-11), Panama(1948-12-11), Paraguay(1948-12-11), Peru(1948-12-11), Philippines(1948-12-11), The Russian Federation(1949-12-16), Sweden(1949-12-30), Ukraine(1949-12-16), The United States of America(1948-12-11), Uruguay(1948-12-11)",1.0,1951-01-12,,,153.0,2,1.0,,2.0,,,4.0,Denounciation possible after ten years.,4,0.0,
50,1.0,weapons general,,,0,0,0,0,0,0,0,0,0,0,0,0,0,0,0,1,0,0.0,,,Assumed directly upon force given no explicit indication otherwise,0.0,,,weapons general,0,Purely military concept; not in dual-use list,1959,Antarctic Treaty,Antarctic Treaty,"Multilateral, Weapons General, Nuclear Weapons",0.0,,1,4.0,"Ibid. Article VI. The provisions of the present Treaty shall apply to the area south of 60o South Latitude, including all ice shelves, but nothing in the present Treaty shall prejudice or in any way affect the rights, or the exercise of the rights, of any State under international law with regard to the high seas within that area.",2,3.0,1959-12-01,0,1.0,1959-12-01,,"Argentina(1959-12-01), Australia(1959-12-01), Belgium(1959-12-01), Chile(1959-12-01), France(1959-12-01), Japan(1959-12-01), New Zealand(1959-12-01), Norway(1959-12-01), The Russian Federation(1959-12-01), South Africa(1959-12-01), The United Kingdom of Great Britain and Northern Ireland(1959-12-01), The United States of America(1959-12-01)",1.0,1961-06-23,,,56.0,2,0.0,,0.0,Ibid. Article XII. 1. The present Treaty may be modified or amended at any time by unanimous agreement of the Contracting Parties whose representatives are entitled to participate in the meetings provided for under Article IX. Any such modification or amendment shall enter into force when the depositary Government has received notice from all such Contracting Parties that they have ratified it.,5.0,4.0,No ratification of amendment is considered an act of withdrawal OR if an approved amendment has not entered into force after a period of two years a party may give notice of withdrawal. ,3,0.0,
80,1.0,weapons general,,,0,0,0,0,0,0,0,0,0,0,0,0,0,0,0,1,0,0.0,,,Assumed directly upon force given no explicit indication otherwise,0.0,,,weapons general,0,Purely military concept; not in dual-use list,1967,"Treaty on Principles Governing the Activities of States in the Exploration and Use of Outer Space, Including the Moon and Other Celestial Bodies",Outer Space Treaty,"Multilateral, Nuclear Weapons",0.0,,0,,,2,3.0,1967-01-27,0,1.0,1967-01-27,,"Afghanistan(1967-01-30), Argentina(1967-04-18), Australia(1967-01-27), Austria(1967-02-20), Belarus(1967-02-10), Belgium(1967-02-02), Bolivia(Plurinational State of)(1967-01-27), Botswana(1967-01-27), Brazil(1967-02-02), Bulgaria(1967-01-27), Burkina Faso(1967-03-03), Burundi(1967-01-27), Cameroon(1967-01-27), Canada(1967-01-27), Central African Republic(1967-01-27), Chile(1967-02-20), Colombia(1967-01-27), Cyprus(1967-02-16), The Democratic Republic of the Congo(1967-05-04), Denmark(1967-01-27), Dominican Republic(1967-01-27), Ecuador(1967-06-07), Egypt(1967-01-27), El Salvador(1967-01-27), Ethiopia(1967-02-10), Finland(1967), France(1967-09-25), Gambia(1967-06-02), Germany(1967-01-27), Ghana(1967-03-03), Greece(1967-01-27), Guyana(1967-02-03), Haiti(1967-01-27), Holy See(1967-04-05), Honduras(1967-01-27), Hungary(1967-01-27), Iceland(1967-01-27), India(1967-03-03), Indonesia(1967-02-14), Iran(1967-01-27), Iraq(1967-03-09), Ireland(1967-01-27), Israel(1967-01-27), Italy(1967-01-27), Jamaica(1967-06-29), Japan(1967-01-27), Jordan(1967-02-02), Lao People's Democratic Republic(1967-02-02), Lebanon(1967-02-23), Lesotho(1967-01-27), Luxembourg(1967-01-27), Malaysia(1967-05-03), Mexico(1967-01-27), Mongolia(1967-01-27), Montenegro(1967-01-27), Myanmar(1967-05-22), Nepal(1967-02-06), Netherlands(1967-02-10), New Zealand(1967-01-27), Nicaragua(1967-02-13), Niger(1967-02-01), Norway(1967-02-03), Pakistan(1967-09-12), Panama(1967-01-27), Peru(1967-05-30), Philippines(1967-04-29), Poland(1967-01-27), Republic of Korea(1967-01-27), Romania(1967-01-27), The Russian Federation(1967-01-27), Rwanda(1967-01-27), San Marino(1967-06-06), Serbia(1967-01-27), Sierra Leone(1967-05-16), Somalia(1967-02-02), South Africa(1967-03-01), Sri Lanka(1967-03-10), Sweden(1967-01-27), Switzerland(1967-01-30), Thailand(1967-01-27), Togo(1967-01-27), Trinidad and Tobago(1967-09-28), Tunisia(1967-02-15), Türkiye(1967-01-27), Ukraine(1967-02-10), The United Kingdom of Great Britain and Northern Ireland(1967-01-27), The United States of America(1967-01-27), Uruguay(1967-01-30), Venezuela(Bolivarian Republic of)(1967-01-27)",1.0,1967-10-10,,,114.0,2,0.0,,0.0,ibid. Treaty. Article XV. Any State Party to the Treaty may propose amendments to this Treaty. Amendments shall enter into force for each State Party to the Treaty accepting the amendments upon their acceptance by a majority of the States Parties to the Treaty and thereafter for each remaining State Party to the Treaty on the date of acceptance by it.,1.0,0.0,,2,0.0,
110,1.0,nuclear weapon,"A nuclear weapon is any device which is capable of releasing nuclear energy in an uncontrolled manner and which has a group of characteristics that are appropriate for use for warlike purposes. An instrument that may be used for the transport or propulsion of the device is not included in this definition if it is separable from the device and not an indivisible part thereof. | Nuclear Weapon means any explosive device capable of releasing nuclear energy in an uncontrolled manner but does not include the means of transport or delivery of such device if separable from and not an indivisible part thereof. | Nuclear Weapon or other Nuclear Explosive Devices means any weapon or other explosive device capable of releasing nuclear energy, irrespective of the military or civilian purpose for which the weapon or device could be used. The term includes such a weapon or device in unassembled or partly assembled forms, but does not include the means of transport or delivery of such a weapon or device if separable from and not an indivisible part of it. | Nuclear Weapons means any explosive device capable of releasing nuclear energy in an uncontrolled manner but does not include the means of transport or delivery of such device if separable from and not an indivisible part thereof. | Nuclear Weapons or other Nuclear Explosive Devices means any weapon or other explosive device capable of releasing nuclear energy, irrespective of the military or civilian purpose for which the weapon or device could be used. The term includes such a weapon or device in unassembled or partly assembled forms, but does not include the means of transport or delivery of such a weapon or device if separable from and not an indivisible part of it.","Bankok Treaty. Article 1: c: nuclear weapon means any explosive device capable of releasing nuclear energy in an uncontrolled manner but does not include the means of transport or delivery of such device if separable from and not an indivisible part thereof; | Ibid. Article 1: c: nuclear weapon means any explosive device capable of releasing nuclear energy in an uncontrolled manner but does not include the means of transport or delivery of such device if separable from and not an indivisible part thereof; | Ibid. Article 1:b: Nuclear weapon or other nuclear explosive device means any weapon or other explosive device capable of releasing nuclear energy, irrespective of the military or civilian purpose for which the weapon or device could be used. The term includes such a weapon or device in unassembled or partly assembled forms, but does not include the means of transport or delivery of such a weapon or device if separable from and not an indivisible part of it. | Ibid. Article 5: For the purposes of this Treaty, a nuclear weapon is any device which is capable of releasing nuclear energy in an uncontrolled manner and which has a group of characteristics that are appropriate for use for warlike purposes. An instrument that may be used for the transport or propulsion of the device is not included in this definition if it is separable from the device and not an indivisible part thereof. | Semipalatinsk Treaty. Ibid. Article 1:b: Nuclear weapon or other nuclear explosive device means any weapon or other explosive device capable of releasing nuclear energy, irrespective of the military or civilian purpose for which the weapon or device could be used. The term includes such a weapon or device in unassembled or partly assembled forms, but does not include the means of transport or delivery of such a weapon or device if separable from and not an indivisible part of it.",0,1,0,0,0,0,0,1,0,0,0,0,0,0,0,0,0,0.0,,,Assumed directly upon force given no explicit indication otherwise,0.0,,,nuclear weapon,0,Weapon system; nuclear MATERIALS are dual-use but the weapon itself is not,1971,Treaty on the Prohibition of the Emplacement of Nuclear Weapons and Other Weapons of Mass Destruction on the Seabed and Ocean Floor and in the Subsoil Thereof,Seabed Treaty,"Multilateral, Nuclear Weapons",0.0,,0,,,2,3.0,1971-05-18,0,1.0,1971-02-11,,"Afghanistan(1971-02-11), Argentina(1971-09-03), Australia(1971-02-11), Austria(1971-02-11), Belarus(1971-03-03), Belgium(1971-02-11), Benin(1971-03-18), Bolivia(Plurinational State of)(1971-02-11), Botswana(1971-02-11), Brazil(1971-09-03), Bulgaria(1971-02-11), Burundi(1971-02-11), Cambodia(1971-02-11), Cameroon(1971-11-11), Canada(1971-02-11), Central African Republic(1971-02-11), Colombia(1971-02-11), Costa Rica(1971-02-11), Cyprus(1971-02-11), Denmark(1971-02-11), Dominican Republic(1971-02-11), Equatorial Guinea(1971-06-04), Eswatini(1971-02-11), Ethiopia(1971-02-11), Finland(1971-02-11), Gambia(1971-10-29), Germany(1971-06-08), Ghana(1971-02-11), Greece(1971-02-11), Guatemala(1971-02-11), Guinea(1971-02-11), Honduras(1971-02-11), Hungary(1971-02-11), Iceland(1971-02-11), Iran(1971-02-11), Iraq(1971-02-22), Ireland(1971-02-11), Italy(1971-02-11), Jamaica(1971-10-14), Japan(1971-02-11), Jordan(1971-02-11), Lao People's Democratic Republic(1971-02-15), Lebanon(1971-02-11), Lesotho(1971-09-08), Liberia(1971-02-11), Luxembourg(1971-02-11), Madagascar(1971-09-14), Malaysia(1971-05-20), Mali(1971-02-15), Malta(1971-02-11), Mauritius(1971-02-11), Mongolia(1971-02-11), Morocco(1971-02-18), Myanmar(1971-02-11), Nepal(1971-02-24), Netherlands(1971-02-11), New Zealand(1971-02-11), Nicaragua(1971-02-11), Niger(1971-02-11), Norway(1971-02-11), Panama(1971-02-11), Paraguay(1971-02-23), Poland(1971-02-11), Republic of Korea(1971-02-11), Romania(1971-02-11), The Russian Federation(1971-02-11), Rwanda(1971-02-11), Saudi Arabia(1972-01-07), Senegal(1971-03-17), Sierra Leone(1971-02-24), Singapore(1971-05-05), South Africa(1971-02-11), Sudan(1971-02-12), Sweden(1971-02-11), Switzerland(1971-02-11), Togo(1971-04-02), Tunisia(1971-02-11), Türkiye(1971-02-25), Ukraine(1971-03-03), The United Kingdom of Great Britain and Northern Ireland(1971-02-11), Tanzania(1971-02-11), The United States of America(1971-02-11), Uruguay(1971-02-11), Yemen(1971-02-23)",1.0,1972-05-18,,,94.0,2,1.0,,0.0,"ibid. Treaty. Article VI. Any State Party may propose amendments to this Treaty. Amendments shall enter into force for each State Party accepting the amendments upon their acceptance by a majority of the States Parties to the Treaty and, thereafter, for each remaining State Party on the date of acceptance by it.",1.0,0.0,,0,0.0,
150,1.0,nuclear weapon,"A nuclear weapon is any device which is capable of releasing nuclear energy in an uncontrolled manner and which has a group of characteristics that are appropriate for use for warlike purposes. An instrument that may be used for the transport or propulsion of the device is not included in this definition if it is separable from the device and not an indivisible part thereof. | Nuclear Weapon means any explosive device capable of releasing nuclear energy in an uncontrolled manner but does not include the means of transport or delivery of such device if separable from and not an indivisible part thereof. | Nuclear Weapon or other Nuclear Explosive Devices means any weapon or other explosive device capable of releasing nuclear energy, irrespective of the military or civilian purpose for which the weapon or device could be used. The term includes such a weapon or device in unassembled or partly assembled forms, but does not include the means of transport or delivery of such a weapon or device if separable from and not an indivisible part of it. | Nuclear Weapons means any explosive device capable of releasing nuclear energy in an uncontrolled manner but does not include the means of transport or delivery of such device if separable from and not an indivisible part thereof. | Nuclear Weapons or other Nuclear Explosive Devices means any weapon or other explosive device capable of releasing nuclear energy, irrespective of the military or civilian purpose for which the weapon or device could be used. The term includes such a weapon or device in unassembled or partly assembled forms, but does not include the means of transport or delivery of such a weapon or device if separable from and not an indivisible part of it.","Bankok Treaty. Article 1: c: nuclear weapon means any explosive device capable of releasing nuclear energy in an uncontrolled manner but does not include the means of transport or delivery of such device if separable from and not an indivisible part thereof; | Ibid. Article 1: c: nuclear weapon means any explosive device capable of releasing nuclear energy in an uncontrolled manner but does not include the means of transport or delivery of such device if separable from and not an indivisible part thereof; | Ibid. Article 1:b: Nuclear weapon or other nuclear explosive device means any weapon or other explosive device capable of releasing nuclear energy, irrespective of the military or civilian purpose for which the weapon or device could be used. The term includes such a weapon or device in unassembled or partly assembled forms, but does not include the means of transport or delivery of such a weapon or device if separable from and not an indivisible part of it. | Ibid. Article 5: For the purposes of this Treaty, a nuclear weapon is any device which is capable of releasing nuclear energy in an uncontrolled manner and which has a group of characteristics that are appropriate for use for warlike purposes. An instrument that may be used for the transport or propulsion of the device is not included in this definition if it is separable from the device and not an indivisible part thereof. | Semipalatinsk Treaty. Ibid. Article 1:b: Nuclear weapon or other nuclear explosive device means any weapon or other explosive device capable of releasing nuclear energy, irrespective of the military or civilian purpose for which the weapon or device could be used. The term includes such a weapon or device in unassembled or partly assembled forms, but does not include the means of transport or delivery of such a weapon or device if separable from and not an indivisible part of it.",0,1,0,0,0,0,0,1,0,0,0,0,0,0,0,0,0,0.0,,,Assumed directly upon force given no explicit indication otherwise,0.0,,,nuclear weapon,0,Weapon system; nuclear MATERIALS are dual-use but the weapon itself is not,1973,Agreement Between The United States of America and The Union of Soviet Socialist Republics on the Prevention of Nuclear War,Prevention of Nuclear War Agreement,"Bilateral, Nuclear Weapons",0.0,,0,,,1,2.0,1973-06-22,0,,,6/22/1973,"The Union of Soviet Socialist Republics(1973-06-22), The United States of America(1973-06-22)",1.0,1973-06-22,,,2.0,2,0.0,,2.0,,,3.0,,,0.0,
160,1.0,nuclear weapon,"A nuclear weapon is any device which is capable of releasing nuclear energy in an uncontrolled manner and which has a group of characteristics that are appropriate for use for warlike purposes. An instrument that may be used for the transport or propulsion of the device is not included in this definition if it is separable from the device and not an indivisible part thereof. | Nuclear Weapon means any explosive device capable of releasing nuclear energy in an uncontrolled manner but does not include the means of transport or delivery of such device if separable from and not an indivisible part thereof. | Nuclear Weapon or other Nuclear Explosive Devices means any weapon or other explosive device capable of releasing nuclear energy, irrespective of the military or civilian purpose for which the weapon or device could be used. The term includes such a weapon or device in unassembled or partly assembled forms, but does not include the means of transport or delivery of such a weapon or device if separable from and not an indivisible part of it. | Nuclear Weapons means any explosive device capable of releasing nuclear energy in an uncontrolled manner but does not include the means of transport or delivery of such device if separable from and not an indivisible part thereof. | Nuclear Weapons or other Nuclear Explosive Devices means any weapon or other explosive device capable of releasing nuclear energy, irrespective of the military or civilian purpose for which the weapon or device could be used. The term includes such a weapon or device in unassembled or partly assembled forms, but does not include the means of transport or delivery of such a weapon or device if separable from and not an indivisible part of it.","Bankok Treaty. Article 1: c: nuclear weapon means any explosive device capable of releasing nuclear energy in an uncontrolled manner but does not include the means of transport or delivery of such device if separable from and not an indivisible part thereof; | Ibid. Article 1: c: nuclear weapon means any explosive device capable of releasing nuclear energy in an uncontrolled manner but does not include the means of transport or delivery of such device if separable from and not an indivisible part thereof; | Ibid. Article 1:b: Nuclear weapon or other nuclear explosive device means any weapon or other explosive device capable of releasing nuclear energy, irrespective of the military or civilian purpose for which the weapon or device could be used. The term includes such a weapon or device in unassembled or partly assembled forms, but does not include the means of transport or delivery of such a weapon or device if separable from and not an indivisible part of it. | Ibid. Article 5: For the purposes of this Treaty, a nuclear weapon is any device which is capable of releasing nuclear energy in an uncontrolled manner and which has a group of characteristics that are appropriate for use for warlike purposes. An instrument that may be used for the transport or propulsion of the device is not included in this definition if it is separable from the device and not an indivisible part thereof. | Semipalatinsk Treaty. Ibid. Article 1:b: Nuclear weapon or other nuclear explosive device means any weapon or other explosive device capable of releasing nuclear energy, irrespective of the military or civilian purpose for which the weapon or device could be used. The term includes such a weapon or device in unassembled or partly assembled forms, but does not include the means of transport or delivery of such a weapon or device if separable from and not an indivisible part of it.",0,1,0,0,0,0,0,1,0,0,0,0,0,0,0,0,0,0.0,,,Assumed directly upon force given no explicit indication otherwise,0.0,,,nuclear weapon,0,Weapon system; nuclear MATERIALS are dual-use but the weapon itself is not,1974,Treaty on the Limitation of Underground Nuclear Weapon Tests,"Threshold Test ban Treaty, TTBT","Bilateral, Nuclear Weapons Testing",0.0,,0,,,1,3.0,1974-07-03,0,,,,"The Union of Soviet Socialist Republics(1974-07-03), The United States of America(1974-07-03)",1.0,1990-12-11,,,2.0,2,0.0,,0.0,Ibid. Article V.,0.0,0.0,,1,0.0,
170,1.0,nuclear weapon,"A nuclear weapon is any device which is capable of releasing nuclear energy in an uncontrolled manner and which has a group of characteristics that are appropriate for use for warlike purposes. An instrument that may be used for the transport or propulsion of the device is not included in this definition if it is separable from the device and not an indivisible part thereof. | Nuclear Weapon means any explosive device capable of releasing nuclear energy in an uncontrolled manner but does not include the means of transport or delivery of such device if separable from and not an indivisible part thereof. | Nuclear Weapon or other Nuclear Explosive Devices means any weapon or other explosive device capable of releasing nuclear energy, irrespective of the military or civilian purpose for which the weapon or device could be used. The term includes such a weapon or device in unassembled or partly assembled forms, but does not include the means of transport or delivery of such a weapon or device if separable from and not an indivisible part of it. | Nuclear Weapons means any explosive device capable of releasing nuclear energy in an uncontrolled manner but does not include the means of transport or delivery of such device if separable from and not an indivisible part thereof. | Nuclear Weapons or other Nuclear Explosive Devices means any weapon or other explosive device capable of releasing nuclear energy, irrespective of the military or civilian purpose for which the weapon or device could be used. The term includes such a weapon or device in unassembled or partly assembled forms, but does not include the means of transport or delivery of such a weapon or device if separable from and not an indivisible part of it.","Bankok Treaty. Article 1: c: nuclear weapon means any explosive device capable of releasing nuclear energy in an uncontrolled manner but does not include the means of transport or delivery of such device if separable from and not an indivisible part thereof; | Ibid. Article 1: c: nuclear weapon means any explosive device capable of releasing nuclear energy in an uncontrolled manner but does not include the means of transport or delivery of such device if separable from and not an indivisible part thereof; | Ibid. Article 1:b: Nuclear weapon or other nuclear explosive device means any weapon or other explosive device capable of releasing nuclear energy, irrespective of the military or civilian purpose for which the weapon or device could be used. The term includes such a weapon or device in unassembled or partly assembled forms, but does not include the means of transport or delivery of such a weapon or device if separable from and not an indivisible part of it. | Ibid. Article 5: For the purposes of this Treaty, a nuclear weapon is any device which is capable of releasing nuclear energy in an uncontrolled manner and which has a group of characteristics that are appropriate for use for warlike purposes. An instrument that may be used for the transport or propulsion of the device is not included in this definition if it is separable from the device and not an indivisible part thereof. | Semipalatinsk Treaty. Ibid. Article 1:b: Nuclear weapon or other nuclear explosive device means any weapon or other explosive device capable of releasing nuclear energy, irrespective of the military or civilian purpose for which the weapon or device could be used. The term includes such a weapon or device in unassembled or partly assembled forms, but does not include the means of transport or delivery of such a weapon or device if separable from and not an indivisible part of it.",0,1,0,0,0,0,0,1,0,0,0,0,0,0,0,0,0,0.0,,,Assumed directly upon force given no explicit indication otherwise,0.0,,,nuclear weapon,0,Weapon system; nuclear MATERIALS are dual-use but the weapon itself is not,1976,Treaty Between The United States of America and The Union of Soviet Socialist Republics on Underground Nuclear Explosions For Peaceful Purposes,"Peaceful Nuclear Explosions, PNE","Bilateral, Nuclear Weapons Testing",0.0,,0,,,1,3.0,1976-05-28,0,,,,"The Union of Soviet Socialist Republics(1976-05-28), The United States of America(1976-05-28)",1.0,1990-12-11,,,2.0,2,0.0,,0.0,Ibid. Article VIII.3,0.0,1.0,,,0.0,
185,1.0,nuclear weapon,"A nuclear weapon is any device which is capable of releasing nuclear energy in an uncontrolled manner and which has a group of characteristics that are appropriate for use for warlike purposes. An instrument that may be used for the transport or propulsion of the device is not included in this definition if it is separable from the device and not an indivisible part thereof. | Nuclear Weapon means any explosive device capable of releasing nuclear energy in an uncontrolled manner but does not include the means of transport or delivery of such device if separable from and not an indivisible part thereof. | Nuclear Weapon or other Nuclear Explosive Devices means any weapon or other explosive device capable of releasing nuclear energy, irrespective of the military or civilian purpose for which the weapon or device could be used. The term includes such a weapon or device in unassembled or partly assembled forms, but does not include the means of transport or delivery of such a weapon or device if separable from and not an indivisible part of it. | Nuclear Weapons means any explosive device capable of releasing nuclear energy in an uncontrolled manner but does not include the means of transport or delivery of such device if separable from and not an indivisible part thereof. | Nuclear Weapons or other Nuclear Explosive Devices means any weapon or other explosive device capable of releasing nuclear energy, irrespective of the military or civilian purpose for which the weapon or device could be used. The term includes such a weapon or device in unassembled or partly assembled forms, but does not include the means of transport or delivery of such a weapon or device if separable from and not an indivisible part of it.","Bankok Treaty. Article 1: c: nuclear weapon means any explosive device capable of releasing nuclear energy in an uncontrolled manner but does not include the means of transport or delivery of such device if separable from and not an indivisible part thereof; | Ibid. Article 1: c: nuclear weapon means any explosive device capable of releasing nuclear energy in an uncontrolled manner but does not include the means of transport or delivery of such device if separable from and not an indivisible part thereof; | Ibid. Article 1:b: Nuclear weapon or other nuclear explosive device means any weapon or other explosive device capable of releasing nuclear energy, irrespective of the military or civilian purpose for which the weapon or device could be used. The term includes such a weapon or device in unassembled or partly assembled forms, but does not include the means of transport or delivery of such a weapon or device if separable from and not an indivisible part of it. | Ibid. Article 5: For the purposes of this Treaty, a nuclear weapon is any device which is capable of releasing nuclear energy in an uncontrolled manner and which has a group of characteristics that are appropriate for use for warlike purposes. An instrument that may be used for the transport or propulsion of the device is not included in this definition if it is separable from the device and not an indivisible part thereof. | Semipalatinsk Treaty. Ibid. Article 1:b: Nuclear weapon or other nuclear explosive device means any weapon or other explosive device capable of releasing nuclear energy, irrespective of the military or civilian purpose for which the weapon or device could be used. The term includes such a weapon or device in unassembled or partly assembled forms, but does not include the means of transport or delivery of such a weapon or device if separable from and not an indivisible part of it.",0,1,0,0,0,0,0,1,0,0,0,0,0,0,0,0,0,0.0,,,Assumed directly upon force given no explicit indication otherwise,0.0,,,nuclear weapon,0,Weapon system; nuclear MATERIALS are dual-use but the weapon itself is not,1980,Cooperation Agreement between Brazil and Argentina for the Development and Application of Peaceful Uses of Nuclear Energy,Cooperation Agreement between Brazil and Argentina for the Development and Application of Peaceful Uses of Nuclear Energy,"Bilateral, Fissile Material",0.0,,1,3.0,Assumed,1,3.0,1980-05-17,4,,,,"Brazil(1980-05-17), Argentina(1980-05-17)",1.0,1980-05-17,,,,2,,,2.0,,,4.0,"Withdrawal possible after ten years,  six months prior to a subsequent two-year renewal period.",Six months,0.0,
290,1.0,nuclear weapon,"A nuclear weapon is any device which is capable of releasing nuclear energy in an uncontrolled manner and which has a group of characteristics that are appropriate for use for warlike purposes. An instrument that may be used for the transport or propulsion of the device is not included in this definition if it is separable from the device and not an indivisible part thereof. | Nuclear Weapon means any explosive device capable of releasing nuclear energy in an uncontrolled manner but does not include the means of transport or delivery of such device if separable from and not an indivisible part thereof. | Nuclear Weapon or other Nuclear Explosive Devices means any weapon or other explosive device capable of releasing nuclear energy, irrespective of the military or civilian purpose for which the weapon or device could be used. The term includes such a weapon or device in unassembled or partly assembled forms, but does not include the means of transport or delivery of such a weapon or device if separable from and not an indivisible part of it. | Nuclear Weapons means any explosive device capable of releasing nuclear energy in an uncontrolled manner but does not include the means of transport or delivery of such device if separable from and not an indivisible part thereof. | Nuclear Weapons or other Nuclear Explosive Devices means any weapon or other explosive device capable of releasing nuclear energy, irrespective of the military or civilian purpose for which the weapon or device could be used. The term includes such a weapon or device in unassembled or partly assembled forms, but does not include the means of transport or delivery of such a weapon or device if separable from and not an indivisible part of it.","Bankok Treaty. Article 1: c: nuclear weapon means any explosive device capable of releasing nuclear energy in an uncontrolled manner but does not include the means of transport or delivery of such device if separable from and not an indivisible part thereof; | Ibid. Article 1: c: nuclear weapon means any explosive device capable of releasing nuclear energy in an uncontrolled manner but does not include the means of transport or delivery of such device if separable from and not an indivisible part thereof; | Ibid. Article 1:b: Nuclear weapon or other nuclear explosive device means any weapon or other explosive device capable of releasing nuclear energy, irrespective of the military or civilian purpose for which the weapon or device could be used. The term includes such a weapon or device in unassembled or partly assembled forms, but does not include the means of transport or delivery of such a weapon or device if separable from and not an indivisible part of it. | Ibid. Article 5: For the purposes of this Treaty, a nuclear weapon is any device which is capable of releasing nuclear energy in an uncontrolled manner and which has a group of characteristics that are appropriate for use for warlike purposes. An instrument that may be used for the transport or propulsion of the device is not included in this definition if it is separable from the device and not an indivisible part thereof. | Semipalatinsk Treaty. Ibid. Article 1:b: Nuclear weapon or other nuclear explosive device means any weapon or other explosive device capable of releasing nuclear energy, irrespective of the military or civilian purpose for which the weapon or device could be used. The term includes such a weapon or device in unassembled or partly assembled forms, but does not include the means of transport or delivery of such a weapon or device if separable from and not an indivisible part of it.",0,1,0,0,0,0,0,1,0,0,0,0,0,0,0,0,0,0.0,,,Assumed directly upon force given no explicit indication otherwise,0.0,,,nuclear weapon,0,Weapon system; nuclear MATERIALS are dual-use but the weapon itself is not,1992,Joint Declaration of South and Democratic People's Republic of Korea on the Denuclearization of the Korean Peninsula,Declaration of South and Democratic People's Republic of Korea on the Denuclearization of the Korean Peninsula,"Bilateral, Nuclear Weapons",0.0,,0,,,1,3.0,1992-01-20,2,-99.0,,,"Democratic People's Republic of Korea(1992-01-20), Republic of Korea(1992-01-20)",1.0,1992-02-19,,,2.0,2,0.0,,2.0,,,3.0,,,0.0,
320,1.0,nuclear weapon,"A nuclear weapon is any device which is capable of releasing nuclear energy in an uncontrolled manner and which has a group of characteristics that are appropriate for use for warlike purposes. An instrument that may be used for the transport or propulsion of the device is not included in this definition if it is separable from the device and not an indivisible part thereof. | Nuclear Weapon means any explosive device capable of releasing nuclear energy in an uncontrolled manner but does not include the means of transport or delivery of such device if separable from and not an indivisible part thereof. | Nuclear Weapon or other Nuclear Explosive Devices means any weapon or other explosive device capable of releasing nuclear energy, irrespective of the military or civilian purpose for which the weapon or device could be used. The term includes such a weapon or device in unassembled or partly assembled forms, but does not include the means of transport or delivery of such a weapon or device if separable from and not an indivisible part of it. | Nuclear Weapons means any explosive device capable of releasing nuclear energy in an uncontrolled manner but does not include the means of transport or delivery of such device if separable from and not an indivisible part thereof. | Nuclear Weapons or other Nuclear Explosive Devices means any weapon or other explosive device capable of releasing nuclear energy, irrespective of the military or civilian purpose for which the weapon or device could be used. The term includes such a weapon or device in unassembled or partly assembled forms, but does not include the means of transport or delivery of such a weapon or device if separable from and not an indivisible part of it.","Bankok Treaty. Article 1: c: nuclear weapon means any explosive device capable of releasing nuclear energy in an uncontrolled manner but does not include the means of transport or delivery of such device if separable from and not an indivisible part thereof; | Ibid. Article 1: c: nuclear weapon means any explosive device capable of releasing nuclear energy in an uncontrolled manner but does not include the means of transport or delivery of such device if separable from and not an indivisible part thereof; | Ibid. Article 1:b: Nuclear weapon or other nuclear explosive device means any weapon or other explosive device capable of releasing nuclear energy, irrespective of the military or civilian purpose for which the weapon or device could be used. The term includes such a weapon or device in unassembled or partly assembled forms, but does not include the means of transport or delivery of such a weapon or device if separable from and not an indivisible part of it. | Ibid. Article 5: For the purposes of this Treaty, a nuclear weapon is any device which is capable of releasing nuclear energy in an uncontrolled manner and which has a group of characteristics that are appropriate for use for warlike purposes. An instrument that may be used for the transport or propulsion of the device is not included in this definition if it is separable from the device and not an indivisible part thereof. | Semipalatinsk Treaty. Ibid. Article 1:b: Nuclear weapon or other nuclear explosive device means any weapon or other explosive device capable of releasing nuclear energy, irrespective of the military or civilian purpose for which the weapon or device could be used. The term includes such a weapon or device in unassembled or partly assembled forms, but does not include the means of transport or delivery of such a weapon or device if separable from and not an indivisible part of it.",0,1,0,0,0,0,0,1,0,0,0,0,0,0,0,0,0,0.0,,,Assumed directly upon force given no explicit indication otherwise,0.0,,,nuclear weapon,0,Weapon system; nuclear MATERIALS are dual-use but the weapon itself is not,1994,Agreed Framework Between The United States of America And The Democratic People's Republic of Korea,,"Bilateral, Nuclear Weapons",0.0,,0,,,1,0.0,1994-10-21,2,,,,,0.0,,2.0,"Democratic People's Republic of Korea(1994-10-21), The United States of America(1994-10-21)",,2,0.0,,2.0,,,3.0,,,0.0,
330,1.0,nuclear weapon,"A nuclear weapon is any device which is capable of releasing nuclear energy in an uncontrolled manner and which has a group of characteristics that are appropriate for use for warlike purposes. An instrument that may be used for the transport or propulsion of the device is not included in this definition if it is separable from the device and not an indivisible part thereof. | Nuclear Weapon means any explosive device capable of releasing nuclear energy in an uncontrolled manner but does not include the means of transport or delivery of such device if separable from and not an indivisible part thereof. | Nuclear Weapon or other Nuclear Explosive Devices means any weapon or other explosive device capable of releasing nuclear energy, irrespective of the military or civilian purpose for which the weapon or device could be used. The term includes such a weapon or device in unassembled or partly assembled forms, but does not include the means of transport or delivery of such a weapon or device if separable from and not an indivisible part of it. | Nuclear Weapons means any explosive device capable of releasing nuclear energy in an uncontrolled manner but does not include the means of transport or delivery of such device if separable from and not an indivisible part thereof. | Nuclear Weapons or other Nuclear Explosive Devices means any weapon or other explosive device capable of releasing nuclear energy, irrespective of the military or civilian purpose for which the weapon or device could be used. The term includes such a weapon or device in unassembled or partly assembled forms, but does not include the means of transport or delivery of such a weapon or device if separable from and not an indivisible part of it.","Bankok Treaty. Article 1: c: nuclear weapon means any explosive device capable of releasing nuclear energy in an uncontrolled manner but does not include the means of transport or delivery of such device if separable from and not an indivisible part thereof; | Ibid. Article 1: c: nuclear weapon means any explosive device capable of releasing nuclear energy in an uncontrolled manner but does not include the means of transport or delivery of such device if separable from and not an indivisible part thereof; | Ibid. Article 1:b: Nuclear weapon or other nuclear explosive device means any weapon or other explosive device capable of releasing nuclear energy, irrespective of the military or civilian purpose for which the weapon or device could be used. The term includes such a weapon or device in unassembled or partly assembled forms, but does not include the means of transport or delivery of such a weapon or device if separable from and not an indivisible part of it. | Ibid. Article 5: For the purposes of this Treaty, a nuclear weapon is any device which is capable of releasing nuclear energy in an uncontrolled manner and which has a group of characteristics that are appropriate for use for warlike purposes. An instrument that may be used for the transport or propulsion of the device is not included in this definition if it is separable from the device and not an indivisible part thereof. | Semipalatinsk Treaty. Ibid. Article 1:b: Nuclear weapon or other nuclear explosive device means any weapon or other explosive device capable of releasing nuclear energy, irrespective of the military or civilian purpose for which the weapon or device could be used. The term includes such a weapon or device in unassembled or partly assembled forms, but does not include the means of transport or delivery of such a weapon or device if separable from and not an indivisible part of it.",0,1,0,0,0,0,0,1,0,0,0,0,0,0,0,0,0,0.0,,,Assumed directly upon force given no explicit indication otherwise,0.0,,,nuclear weapon,0,Weapon system; nuclear MATERIALS are dual-use but the weapon itself is not,1995,Treaty on the Southeast Asia Nuclear WeaponFree Zone,Bangkok Treaty,"NFWZ, Nuclear Weapons",0.0,,1,1.0,"Ibid. Article 2. 1. This Treaty and its Protocol shall apply to the territories, continental shelves, and EEZ of the States Parties within the Zone in which this Treaty is in force.",2,3.0,1995-12-15,0,1.0,1959-12-15,,"Brunei Darussalam(1995-12-15), Cambodia(1995-12-15), Indonesia(1995-12-15), Lao People's Democratic Republic(1995-12-15), Malaysia(1995-12-15), Myanmar(1995-12-15), Philippines(1995-12-15), Singapore(1995-12-15), Thailand(1995-12-15), Viet Nam(1995-12-15)",1.0,1997-03-27,,,10.0,1,0.0,,0.0,"Ibid. Article 19. Any State Party may propose amendments to this Treaty and its Protocol and shall submit its proposals to the Executive Committee, which shall transmit them to all the other States Parties.",5.0,0.0,,2,0.0,
330001,1.0,nuclear weapon,"A nuclear weapon is any device which is capable of releasing nuclear energy in an uncontrolled manner and which has a group of characteristics that are appropriate for use for warlike purposes. An instrument that may be used for the transport or propulsion of the device is not included in this definition if it is separable from the device and not an indivisible part thereof. | Nuclear Weapon means any explosive device capable of releasing nuclear energy in an uncontrolled manner but does not include the means of transport or delivery of such device if separable from and not an indivisible part thereof. | Nuclear Weapon or other Nuclear Explosive Devices means any weapon or other explosive device capable of releasing nuclear energy, irrespective of the military or civilian purpose for which the weapon or device could be used. The term includes such a weapon or device in unassembled or partly assembled forms, but does not include the means of transport or delivery of such a weapon or device if separable from and not an indivisible part of it. | Nuclear Weapons means any explosive device capable of releasing nuclear energy in an uncontrolled manner but does not include the means of transport or delivery of such device if separable from and not an indivisible part thereof. | Nuclear Weapons or other Nuclear Explosive Devices means any weapon or other explosive device capable of releasing nuclear energy, irrespective of the military or civilian purpose for which the weapon or device could be used. The term includes such a weapon or device in unassembled or partly assembled forms, but does not include the means of transport or delivery of such a weapon or device if separable from and not an indivisible part of it.","Bankok Treaty. Article 1: c: nuclear weapon means any explosive device capable of releasing nuclear energy in an uncontrolled manner but does not include the means of transport or delivery of such device if separable from and not an indivisible part thereof; | Ibid. Article 1: c: nuclear weapon means any explosive device capable of releasing nuclear energy in an uncontrolled manner but does not include the means of transport or delivery of such device if separable from and not an indivisible part thereof; | Ibid. Article 1:b: Nuclear weapon or other nuclear explosive device means any weapon or other explosive device capable of releasing nuclear energy, irrespective of the military or civilian purpose for which the weapon or device could be used. The term includes such a weapon or device in unassembled or partly assembled forms, but does not include the means of transport or delivery of such a weapon or device if separable from and not an indivisible part of it. | Ibid. Article 5: For the purposes of this Treaty, a nuclear weapon is any device which is capable of releasing nuclear energy in an uncontrolled manner and which has a group of characteristics that are appropriate for use for warlike purposes. An instrument that may be used for the transport or propulsion of the device is not included in this definition if it is separable from the device and not an indivisible part thereof. | Semipalatinsk Treaty. Ibid. Article 1:b: Nuclear weapon or other nuclear explosive device means any weapon or other explosive device capable of releasing nuclear energy, irrespective of the military or civilian purpose for which the weapon or device could be used. The term includes such a weapon or device in unassembled or partly assembled forms, but does not include the means of transport or delivery of such a weapon or device if separable from and not an indivisible part of it.",0,1,0,0,0,0,0,1,0,0,0,0,0,0,0,0,0,0.0,,,Assumed directly upon force given no explicit indication otherwise,0.0,,,nuclear weapon,0,Weapon system; nuclear MATERIALS are dual-use but the weapon itself is not,1995,Protocol to The Treaty on Southeast Asia Nuclear WeaponFree Zone,Treaty Protocol I,"NFWZ, Nuclear Weapons",0.0,,1,1.0,Assumed same as primary.,2,3.0,1995-12-15,0,1.0,1959-12-15,,,0.0,,,,0.0,2,0.0,,2.0,,,2.0,,2,0.0,
350,1.0,nuclear weapon,"A nuclear weapon is any device which is capable of releasing nuclear energy in an uncontrolled manner and which has a group of characteristics that are appropriate for use for warlike purposes. An instrument that may be used for the transport or propulsion of the device is not included in this definition if it is separable from the device and not an indivisible part thereof. | Nuclear Weapon means any explosive device capable of releasing nuclear energy in an uncontrolled manner but does not include the means of transport or delivery of such device if separable from and not an indivisible part thereof. | Nuclear Weapon or other Nuclear Explosive Devices means any weapon or other explosive device capable of releasing nuclear energy, irrespective of the military or civilian purpose for which the weapon or device could be used. The term includes such a weapon or device in unassembled or partly assembled forms, but does not include the means of transport or delivery of such a weapon or device if separable from and not an indivisible part of it. | Nuclear Weapons means any explosive device capable of releasing nuclear energy in an uncontrolled manner but does not include the means of transport or delivery of such device if separable from and not an indivisible part thereof. | Nuclear Weapons or other Nuclear Explosive Devices means any weapon or other explosive device capable of releasing nuclear energy, irrespective of the military or civilian purpose for which the weapon or device could be used. The term includes such a weapon or device in unassembled or partly assembled forms, but does not include the means of transport or delivery of such a weapon or device if separable from and not an indivisible part of it.","Bankok Treaty. Article 1: c: nuclear weapon means any explosive device capable of releasing nuclear energy in an uncontrolled manner but does not include the means of transport or delivery of such device if separable from and not an indivisible part thereof; | Ibid. Article 1: c: nuclear weapon means any explosive device capable of releasing nuclear energy in an uncontrolled manner but does not include the means of transport or delivery of such device if separable from and not an indivisible part thereof; | Ibid. Article 1:b: Nuclear weapon or other nuclear explosive device means any weapon or other explosive device capable of releasing nuclear energy, irrespective of the military or civilian purpose for which the weapon or device could be used. The term includes such a weapon or device in unassembled or partly assembled forms, but does not include the means of transport or delivery of such a weapon or device if separable from and not an indivisible part of it. | Ibid. Article 5: For the purposes of this Treaty, a nuclear weapon is any device which is capable of releasing nuclear energy in an uncontrolled manner and which has a group of characteristics that are appropriate for use for warlike purposes. An instrument that may be used for the transport or propulsion of the device is not included in this definition if it is separable from the device and not an indivisible part thereof. | Semipalatinsk Treaty. Ibid. Article 1:b: Nuclear weapon or other nuclear explosive device means any weapon or other explosive device capable of releasing nuclear energy, irrespective of the military or civilian purpose for which the weapon or device could be used. The term includes such a weapon or device in unassembled or partly assembled forms, but does not include the means of transport or delivery of such a weapon or device if separable from and not an indivisible part of it.",0,1,0,0,0,0,0,1,0,0,0,0,0,0,0,0,0,0.0,,,Assumed directly upon force given no explicit indication otherwise,0.0,,,nuclear weapon,0,Weapon system; nuclear MATERIALS are dual-use but the weapon itself is not,1996,Comprehensive NuclearTestBan Treaty,"Comprehensive Test ban Treaty, CTBT","Multilateral, Nuclear Weapons Testing",0.0,,0,,,2,3.0,1996-09-24,5,1.0,1996-09-10,,"Afghanistan(2003-09-24), Albania(1996-09-27), Algeria(1996-10-15), Andorra(1996-09-24), Angola(1996-09-27), Antigua and Barbuda(1997-04-16), Argentina(1996-09-24), Armenia(1996-10-01), Australia(1996-09-24), Austria(1996-09-24), Azerbaijan(1997-07-28), Bahamas(2005-02-04), Bahrain(1996-09-24), Bangladesh(1996-10-24), Barbados(2008-01-14), Belarus(1996-09-24), Belgium(1996-09-24), Belize(2001-11-14), Benin(1996-09-27), Bolivia(Plurinational State of)(1996-09-24), Bosnia and Herzegovina(1996-09-24), Botswana(2002-09-16), Brazil(1996-09-24), Brunei Darussalam(1997-01-22), Bulgaria(1996-09-24), Burkina Faso(1996-09-27), Burundi(1996-09-24), Cabo Verde(1996-10-01), Cambodia(1996-09-26), Cameroon(2001-11-16), Canada(1996-09-24), Central African Republic(2001-12-19), Chad(1996-10-08), Chile(1996-09-24), China(1996-09-24), Colombia(1996-09-24), Comoros(1996-12-12), Congo(1997-02-11), Cook Islands(1997-12-05), Costa Rica(1996-09-24), Côte d'Ivoire(1996-09-25), Croatia(1996-09-24), Cuba(2021-02-04), Cyprus(1996-09-24), Czech Republic(1996-11-12), The Democratic Republic of the Congo(1996-10-04), Denmark(1996-09-24), Djibouti(1996-10-21), Dominica(2022-05-25), Dominican Republic(1996-10-03), Ecuador(1996-09-24), Egypt(1996-10-13), El Salvador(1996-09-24), Equatorial Guinea(1996-10-09), Eritrea(2003-11-11), Estonia(1996-11-20), Eswatini(1996-09-24), Ethiopia(1996-09-25), Fiji(1996-09-24), Finland(1996-09-24), France(1996-09-24), Gabon(1996-10-07), Gambia(2003-04-09), Georgia(1996-09-24), Germany(1996-09-24), Ghana(1996-10-03), Greece(1996-09-24), Grenada(1996-10-10), Guatemala(1999-09-20), Guinea(1996-10-03), Guinea Bissau(1997-04-11), Guyana(2000-09-07), Haiti(1996-09-24), Holy See(1996-09-24), Honduras(1996-09-25), Hungary(1996-09-25), Iceland(1996-09-24), Indonesia(1996-09-24), Iran(1996-09-24), Iraq(2008-08-19), Ireland(1996-09-24), Israel(1996-09-24), Italy(1996-09-24), Jamaica(1996-11-11), Japan(1996-09-24), Jordan(1996-09-26), Kazakhstan(1996-09-30), Kenya(1996-11-14), Kiribati(2000-09-07), Kuwait(1996-09-24), Kyrgyzstan(1996-10-08), Lao People's Democratic Republic(1997-07-30), Latvia(1996-09-24), Lebanon(2005-09-16), Lesotho(1996-09-30), Liberia(1996-10-01), Libya(2001-11-13), Liechtenstein(1996-09-27), Lithuania(1996-10-07), Luxembourg(1996-09-24), Madagascar(1996-10-09), Malawi(1996-10-09), Malaysia(1998-07-23), Maldives(1997-10-01), Mali(1997-02-18), Malta(1996-09-24), Marshall Islands(1996-09-24), Mauritania(1996-09-24), Mexico(1996-09-24), Micronesia(Federated States of)(1996-09-24), Monaco(1996-10-01), Mongolia(1996-10-01), Montenegro(2006-10-23), Morocco(1996-09-24), Mozambique(1996-09-26), Myanmar(1996-11-25), Namibia(1996-09-24), Nauru(2000-09-08), Nepal(1996-10-07), Netherlands(1996-09-24), New Zealand(1996-09-27), Nicaragua(1996-09-24), Niger(1996-10-03), Nigeria(2000-09-08), Niue(2012-04-09), North Macedonia(1998-10-29), Norway(1996-09-24), Oman(1999-09-23), Palau(2003-08-12), Panama(1996-09-24), Papua New Guinea(1996-09-24), Paraguay(1996-09-25), Peru(1996-09-25), Philippines(1996-09-24), Poland(1996-09-24), Portugal(1996-09-24), Qatar(1996-09-24), Republic of Korea(1996-09-24), Moldova(1997-09-24), Romania(1996-09-24), The Russian Federation(1996-09-24), Rwanda(2004-11-30), Saint Kitts and Nevis(2004-03-23), Saint Lucia(1996-10-04), Saint Vincent and the Grenadines(2009-07-02), Samoa(1996-10-09), San Marino(1996-10-07), Sao Tome and Principe(1996-09-26), Senegal(1996-09-26), Serbia(2001-06-08), Seychelles(1996-09-24), Sierra Leone(2000-09-08), Singapore(1999-01-14), Slovakia(1996-09-30), Slovenia(1996-09-24), Solomon Islands(1996-10-03), South Africa(1996-09-24), Spain(1996-09-24), Sri Lanka(1996-10-23), Sudan(2004-06-10), Suriname(1997-01-14), Sweden(1996-09-24), Switzerland(1996-09-24), Tajikistan(1996-10-07), Thailand(1996-11-12), Timor Leste(2008-09-25), Togo(1996-10-02), Trinidad and Tobago(2009-10-08), Tunisia(1996-10-16), Türkiye(1996-09-24), Turkmenistan(1996-09-24), Tuvalu(2018-09-25), Uganda(1996-11-07), Ukraine(1996-09-27), United Arab Emirates(1996-09-25), The United Kingdom of Great Britain and Northern Ireland(1996-09-24), The United States of America(1996-09-24), Uruguay(1996-09-24), Uzbekistan(1996-10-03), Vanuatu(1996-09-24), Venezuela(Bolivarian Republic of)(1996-10-03), Viet Nam(1996-09-24), Yemen(1996-09-29), Zambia(1996-12-03), Zimbabwe(1999-10-13)",0.0,,,,177.0,1,0.0,,0.0, bid. Article VII.,5.0,0.0,,1,1.0,The Russian Federation(2023-11-03)
410,1.0,nuclear weapon,"A nuclear weapon is any device which is capable of releasing nuclear energy in an uncontrolled manner and which has a group of characteristics that are appropriate for use for warlike purposes. An instrument that may be used for the transport or propulsion of the device is not included in this definition if it is separable from the device and not an indivisible part thereof. | Nuclear Weapon means any explosive device capable of releasing nuclear energy in an uncontrolled manner but does not include the means of transport or delivery of such device if separable from and not an indivisible part thereof. | Nuclear Weapon or other Nuclear Explosive Devices means any weapon or other explosive device capable of releasing nuclear energy, irrespective of the military or civilian purpose for which the weapon or device could be used. The term includes such a weapon or device in unassembled or partly assembled forms, but does not include the means of transport or delivery of such a weapon or device if separable from and not an indivisible part of it. | Nuclear Weapons means any explosive device capable of releasing nuclear energy in an uncontrolled manner but does not include the means of transport or delivery of such device if separable from and not an indivisible part thereof. | Nuclear Weapons or other Nuclear Explosive Devices means any weapon or other explosive device capable of releasing nuclear energy, irrespective of the military or civilian purpose for which the weapon or device could be used. The term includes such a weapon or device in unassembled or partly assembled forms, but does not include the means of transport or delivery of such a weapon or device if separable from and not an indivisible part of it.","Bankok Treaty. Article 1: c: nuclear weapon means any explosive device capable of releasing nuclear energy in an uncontrolled manner but does not include the means of transport or delivery of such device if separable from and not an indivisible part thereof; | Ibid. Article 1: c: nuclear weapon means any explosive device capable of releasing nuclear energy in an uncontrolled manner but does not include the means of transport or delivery of such device if separable from and not an indivisible part thereof; | Ibid. Article 1:b: Nuclear weapon or other nuclear explosive device means any weapon or other explosive device capable of releasing nuclear energy, irrespective of the military or civilian purpose for which the weapon or device could be used. The term includes such a weapon or device in unassembled or partly assembled forms, but does not include the means of transport or delivery of such a weapon or device if separable from and not an indivisible part of it. | Ibid. Article 5: For the purposes of this Treaty, a nuclear weapon is any device which is capable of releasing nuclear energy in an uncontrolled manner and which has a group of characteristics that are appropriate for use for warlike purposes. An instrument that may be used for the transport or propulsion of the device is not included in this definition if it is separable from the device and not an indivisible part thereof. | Semipalatinsk Treaty. Ibid. Article 1:b: Nuclear weapon or other nuclear explosive device means any weapon or other explosive device capable of releasing nuclear energy, irrespective of the military or civilian purpose for which the weapon or device could be used. The term includes such a weapon or device in unassembled or partly assembled forms, but does not include the means of transport or delivery of such a weapon or device if separable from and not an indivisible part of it.",0,1,0,0,0,0,0,1,0,0,0,0,0,0,0,0,0,0.0,,,Assumed directly upon force given no explicit indication otherwise,0.0,,,nuclear weapon,0,Weapon system; nuclear MATERIALS are dual-use but the weapon itself is not,2005,Joint Statement of the Fourth Round of the Six-Party Talks Beijing,Joint Statement of the Fourth Round of the Six-Party Talks Beijing,"Multilateral, Conventional Weapons",0.0,,0,,,2,0.0,2005-09-19,2,-99.0,,,,0.0,,6.0,"Democratic People's Republic of Korea(2005-09-19), Japan(2005-09-19), China(2005-09-19), Republic of Korea(2005-09-19), The Russian Federation(2005-09-19), The United States of America(2005-09-19)",,2,0.0,,2.0,,,3.0,,,0.0,
420,1.0,nuclear weapon,"A nuclear weapon is any device which is capable of releasing nuclear energy in an uncontrolled manner and which has a group of characteristics that are appropriate for use for warlike purposes. An instrument that may be used for the transport or propulsion of the device is not included in this definition if it is separable from the device and not an indivisible part thereof. | Nuclear Weapon means any explosive device capable of releasing nuclear energy in an uncontrolled manner but does not include the means of transport or delivery of such device if separable from and not an indivisible part thereof. | Nuclear Weapon or other Nuclear Explosive Devices means any weapon or other explosive device capable of releasing nuclear energy, irrespective of the military or civilian purpose for which the weapon or device could be used. The term includes such a weapon or device in unassembled or partly assembled forms, but does not include the means of transport or delivery of such a weapon or device if separable from and not an indivisible part of it. | Nuclear Weapons means any explosive device capable of releasing nuclear energy in an uncontrolled manner but does not include the means of transport or delivery of such device if separable from and not an indivisible part thereof. | Nuclear Weapons or other Nuclear Explosive Devices means any weapon or other explosive device capable of releasing nuclear energy, irrespective of the military or civilian purpose for which the weapon or device could be used. The term includes such a weapon or device in unassembled or partly assembled forms, but does not include the means of transport or delivery of such a weapon or device if separable from and not an indivisible part of it.","Bankok Treaty. Article 1: c: nuclear weapon means any explosive device capable of releasing nuclear energy in an uncontrolled manner but does not include the means of transport or delivery of such device if separable from and not an indivisible part thereof; | Ibid. Article 1: c: nuclear weapon means any explosive device capable of releasing nuclear energy in an uncontrolled manner but does not include the means of transport or delivery of such device if separable from and not an indivisible part thereof; | Ibid. Article 1:b: Nuclear weapon or other nuclear explosive device means any weapon or other explosive device capable of releasing nuclear energy, irrespective of the military or civilian purpose for which the weapon or device could be used. The term includes such a weapon or device in unassembled or partly assembled forms, but does not include the means of transport or delivery of such a weapon or device if separable from and not an indivisible part of it. | Ibid. Article 5: For the purposes of this Treaty, a nuclear weapon is any device which is capable of releasing nuclear energy in an uncontrolled manner and which has a group of characteristics that are appropriate for use for warlike purposes. An instrument that may be used for the transport or propulsion of the device is not included in this definition if it is separable from the device and not an indivisible part thereof. | Semipalatinsk Treaty. Ibid. Article 1:b: Nuclear weapon or other nuclear explosive device means any weapon or other explosive device capable of releasing nuclear energy, irrespective of the military or civilian purpose for which the weapon or device could be used. The term includes such a weapon or device in unassembled or partly assembled forms, but does not include the means of transport or delivery of such a weapon or device if separable from and not an indivisible part of it.",0,1,0,0,0,0,0,1,0,0,0,0,0,0,0,0,0,0.0,,,Assumed directly upon force given no explicit indication otherwise,0.0,,,nuclear weapon,0,Weapon system; nuclear MATERIALS are dual-use but the weapon itself is not,2006,Treaty on a NuclearWeaponFree Zone in Central Asia,Central Asian Nuclear Weapons Free Zones,"NFWZ, Nuclear Weapons",0.0,,1,3.0,"Ibid. Article 1.a),. For the purposes of this Treaty and its Protocol.(a),The Central Asian NuclearWeaponFree Zone includes. the Republic of Kazakhstan, the Kyrgyz Republic, the Republic of Tajikistan, Turkmenistan and the Republic of Uzbekistan.",2,3.0,2006-08-09,0,1.0,2006-09-08,,"Kazakhstan(2006-09-08), Kyrgyzstan(2006-09-08), Tajikistan(2006-09-08), Turkmenistan(2006-09-08), Uzbekistan(2006-09-08)",1.0,2009-03-21,,,5.0,1,0.0,,0.0,"Ibid. Article 17. b),. Decisions on the adoption of such an amendment shall be taken by consensus of the Parties.",0.0,2.0,,2,0.0,
420001,1.0,nuclear weapon,"A nuclear weapon is any device which is capable of releasing nuclear energy in an uncontrolled manner and which has a group of characteristics that are appropriate for use for warlike purposes. An instrument that may be used for the transport or propulsion of the device is not included in this definition if it is separable from the device and not an indivisible part thereof. | Nuclear Weapon means any explosive device capable of releasing nuclear energy in an uncontrolled manner but does not include the means of transport or delivery of such device if separable from and not an indivisible part thereof. | Nuclear Weapon or other Nuclear Explosive Devices means any weapon or other explosive device capable of releasing nuclear energy, irrespective of the military or civilian purpose for which the weapon or device could be used. The term includes such a weapon or device in unassembled or partly assembled forms, but does not include the means of transport or delivery of such a weapon or device if separable from and not an indivisible part of it. | Nuclear Weapons means any explosive device capable of releasing nuclear energy in an uncontrolled manner but does not include the means of transport or delivery of such device if separable from and not an indivisible part thereof. | Nuclear Weapons or other Nuclear Explosive Devices means any weapon or other explosive device capable of releasing nuclear energy, irrespective of the military or civilian purpose for which the weapon or device could be used. The term includes such a weapon or device in unassembled or partly assembled forms, but does not include the means of transport or delivery of such a weapon or device if separable from and not an indivisible part of it.","Bankok Treaty. Article 1: c: nuclear weapon means any explosive device capable of releasing nuclear energy in an uncontrolled manner but does not include the means of transport or delivery of such device if separable from and not an indivisible part thereof; | Ibid. Article 1: c: nuclear weapon means any explosive device capable of releasing nuclear energy in an uncontrolled manner but does not include the means of transport or delivery of such device if separable from and not an indivisible part thereof; | Ibid. Article 1:b: Nuclear weapon or other nuclear explosive device means any weapon or other explosive device capable of releasing nuclear energy, irrespective of the military or civilian purpose for which the weapon or device could be used. The term includes such a weapon or device in unassembled or partly assembled forms, but does not include the means of transport or delivery of such a weapon or device if separable from and not an indivisible part of it. | Ibid. Article 5: For the purposes of this Treaty, a nuclear weapon is any device which is capable of releasing nuclear energy in an uncontrolled manner and which has a group of characteristics that are appropriate for use for warlike purposes. An instrument that may be used for the transport or propulsion of the device is not included in this definition if it is separable from the device and not an indivisible part thereof. | Semipalatinsk Treaty. Ibid. Article 1:b: Nuclear weapon or other nuclear explosive device means any weapon or other explosive device capable of releasing nuclear energy, irrespective of the military or civilian purpose for which the weapon or device could be used. The term includes such a weapon or device in unassembled or partly assembled forms, but does not include the means of transport or delivery of such a weapon or device if separable from and not an indivisible part of it.",0,1,0,0,0,0,0,1,0,0,0,0,0,0,0,0,0,0.0,,,Assumed directly upon force given no explicit indication otherwise,0.0,,,nuclear weapon,0,Weapon system; nuclear MATERIALS are dual-use but the weapon itself is not,2014,Protocol to the Treaty on a NuclearWeaponFree Zone in Central Asia,(CANWFZ) Protocol I,"NFWZ, Nuclear Weapons",,,1,3.0,Assumed same as primary.,2,3.0,2014-06-05,0,1.0,2014-05-06,,"China(2014-05-06), France(2014-05-06), The Russian Federation(2014-05-06), The United Kingdom of Great Britain and Northern Ireland(2014-05-06), The United States of America(2014-05-06)",1.0,2014-11-21,,,4.0,2,1.0,"France(2014-05-06), The United Kingdom of Great Britain and Northern Ireland(2014-05-06)",0.0,"Ibid. Article 3. Each Party undertakes, by written notification to the Depositary, to indicate its acceptance or otherwise of any alteration to its obligations under this Protocol that may be brought about by the entry into force of amendments to the Treaty pursuant to Article 17 of the Treaty.",,2.0,,2,0.0,
50,1.0,nuclear weapon,"A nuclear weapon is any device which is capable of releasing nuclear energy in an uncontrolled manner and which has a group of characteristics that are appropriate for use for warlike purposes. An instrument that may be used for the transport or propulsion of the device is not included in this definition if it is separable from the device and not an indivisible part thereof. | Nuclear Weapon means any explosive device capable of releasing nuclear energy in an uncontrolled manner but does not include the means of transport or delivery of such device if separable from and not an indivisible part thereof. | Nuclear Weapon or other Nuclear Explosive Devices means any weapon or other explosive device capable of releasing nuclear energy, irrespective of the military or civilian purpose for which the weapon or device could be used. The term includes such a weapon or device in unassembled or partly assembled forms, but does not include the means of transport or delivery of such a weapon or device if separable from and not an indivisible part of it. | Nuclear Weapons means any explosive device capable of releasing nuclear energy in an uncontrolled manner but does not include the means of transport or delivery of such device if separable from and not an indivisible part thereof. | Nuclear Weapons or other Nuclear Explosive Devices means any weapon or other explosive device capable of releasing nuclear energy, irrespective of the military or civilian purpose for which the weapon or device could be used. The term includes such a weapon or device in unassembled or partly assembled forms, but does not include the means of transport or delivery of such a weapon or device if separable from and not an indivisible part of it.","Bankok Treaty. Article 1: c: nuclear weapon means any explosive device capable of releasing nuclear energy in an uncontrolled manner but does not include the means of transport or delivery of such device if separable from and not an indivisible part thereof; | Ibid. Article 1: c: nuclear weapon means any explosive device capable of releasing nuclear energy in an uncontrolled manner but does not include the means of transport or delivery of such device if separable from and not an indivisible part thereof; | Ibid. Article 1:b: Nuclear weapon or other nuclear explosive device means any weapon or other explosive device capable of releasing nuclear energy, irrespective of the military or civilian purpose for which the weapon or device could be used. The term includes such a weapon or device in unassembled or partly assembled forms, but does not include the means of transport or delivery of such a weapon or device if separable from and not an indivisible part of it. | Ibid. Article 5: For the purposes of this Treaty, a nuclear weapon is any device which is capable of releasing nuclear energy in an uncontrolled manner and which has a group of characteristics that are appropriate for use for warlike purposes. An instrument that may be used for the transport or propulsion of the device is not included in this definition if it is separable from the device and not an indivisible part thereof. | Semipalatinsk Treaty. Ibid. Article 1:b: Nuclear weapon or other nuclear explosive device means any weapon or other explosive device capable of releasing nuclear energy, irrespective of the military or civilian purpose for which the weapon or device could be used. The term includes such a weapon or device in unassembled or partly assembled forms, but does not include the means of transport or delivery of such a weapon or device if separable from and not an indivisible part of it.",0,1,0,0,0,0,0,1,0,0,0,0,0,0,0,0,0,0.0,,,Assumed directly upon force given no explicit indication otherwise,0.0,,,nuclear weapon,0,Weapon system; nuclear MATERIALS are dual-use but the weapon itself is not,1959,Antarctic Treaty,Antarctic Treaty,"Multilateral, Weapons General, Nuclear Weapons",0.0,,1,4.0,"Ibid. Article VI. The provisions of the present Treaty shall apply to the area south of 60o South Latitude, including all ice shelves, but nothing in the present Treaty shall prejudice or in any way affect the rights, or the exercise of the rights, of any State under international law with regard to the high seas within that area.",2,3.0,1959-12-01,0,1.0,1959-12-01,,"Argentina(1959-12-01), Australia(1959-12-01), Belgium(1959-12-01), Chile(1959-12-01), France(1959-12-01), Japan(1959-12-01), New Zealand(1959-12-01), Norway(1959-12-01), The Russian Federation(1959-12-01), South Africa(1959-12-01), The United Kingdom of Great Britain and Northern Ireland(1959-12-01), The United States of America(1959-12-01)",1.0,1961-06-23,,,56.0,2,0.0,,0.0,Ibid. Article XII. 1. The present Treaty may be modified or amended at any time by unanimous agreement of the Contracting Parties whose representatives are entitled to participate in the meetings provided for under Article IX. Any such modification or amendment shall enter into force when the depositary Government has received notice from all such Contracting Parties that they have ratified it.,5.0,4.0,No ratification of amendment is considered an act of withdrawal OR if an approved amendment has not entered into force after a period of two years a party may give notice of withdrawal. ,3,0.0,
62,1.0,nuclear weapon,"A nuclear weapon is any device which is capable of releasing nuclear energy in an uncontrolled manner and which has a group of characteristics that are appropriate for use for warlike purposes. An instrument that may be used for the transport or propulsion of the device is not included in this definition if it is separable from the device and not an indivisible part thereof. | Nuclear Weapon means any explosive device capable of releasing nuclear energy in an uncontrolled manner but does not include the means of transport or delivery of such device if separable from and not an indivisible part thereof. | Nuclear Weapon or other Nuclear Explosive Devices means any weapon or other explosive device capable of releasing nuclear energy, irrespective of the military or civilian purpose for which the weapon or device could be used. The term includes such a weapon or device in unassembled or partly assembled forms, but does not include the means of transport or delivery of such a weapon or device if separable from and not an indivisible part of it. | Nuclear Weapons means any explosive device capable of releasing nuclear energy in an uncontrolled manner but does not include the means of transport or delivery of such device if separable from and not an indivisible part thereof. | Nuclear Weapons or other Nuclear Explosive Devices means any weapon or other explosive device capable of releasing nuclear energy, irrespective of the military or civilian purpose for which the weapon or device could be used. The term includes such a weapon or device in unassembled or partly assembled forms, but does not include the means of transport or delivery of such a weapon or device if separable from and not an indivisible part of it.","Bankok Treaty. Article 1: c: nuclear weapon means any explosive device capable of releasing nuclear energy in an uncontrolled manner but does not include the means of transport or delivery of such device if separable from and not an indivisible part thereof; | Ibid. Article 1: c: nuclear weapon means any explosive device capable of releasing nuclear energy in an uncontrolled manner but does not include the means of transport or delivery of such device if separable from and not an indivisible part thereof; | Ibid. Article 1:b: Nuclear weapon or other nuclear explosive device means any weapon or other explosive device capable of releasing nuclear energy, irrespective of the military or civilian purpose for which the weapon or device could be used. The term includes such a weapon or device in unassembled or partly assembled forms, but does not include the means of transport or delivery of such a weapon or device if separable from and not an indivisible part of it. | Ibid. Article 5: For the purposes of this Treaty, a nuclear weapon is any device which is capable of releasing nuclear energy in an uncontrolled manner and which has a group of characteristics that are appropriate for use for warlike purposes. An instrument that may be used for the transport or propulsion of the device is not included in this definition if it is separable from the device and not an indivisible part thereof. | Semipalatinsk Treaty. Ibid. Article 1:b: Nuclear weapon or other nuclear explosive device means any weapon or other explosive device capable of releasing nuclear energy, irrespective of the military or civilian purpose for which the weapon or device could be used. The term includes such a weapon or device in unassembled or partly assembled forms, but does not include the means of transport or delivery of such a weapon or device if separable from and not an indivisible part of it.",0,1,0,0,0,0,0,1,0,0,0,0,0,0,0,0,0,0.0,,,Assumed directly upon force given no explicit indication otherwise,0.0,,,nuclear weapon,0,Weapon system; nuclear MATERIALS are dual-use but the weapon itself is not,1963,"Treaty Banning Nuclear Weapon Tests in the Atmosphere, in Outer Space, and Under Water",The Partial(Limited) Test Ban Treaty (PTBT/LTBT),"Bilateral, Nuclear Weapons Testing",0.0,,0,,,2,3.0,1963-08-05,0,0.0,,,"United States of America(1963-08-05), United Kingdom of Great Britain and Northern Ireland(1963-08-05), Russian Federation/Soviet Union(1963-08-05)",1.0,1963-10-10,,,3.0,2,,,0.0,"Article II. ""1. Any Party may propose amendments to this Treaty. The text of any proposed amendment shall be submitted to the Depositary Governments which shall circulate it to all Parties to this Treaty. Thereafter, if requested to do so by one-third or more of the Parties, the Depositary Governments shall convene a conference, to which they shall invite all the Parties, to consider such amendment. 2. Any amendment to this Treaty must be approved by a majority of the votes of all the Parties to this Treaty, including the votes of all of the Original Parties. The amendment shall enter into force for all Parties upon the deposit of instruments of ratification by a majority of all the Parties, including the instruments of ratification of all of the Original Parties.""",1.0,0.0,,3 months,0.0,
70,1.0,nuclear weapon,"A nuclear weapon is any device which is capable of releasing nuclear energy in an uncontrolled manner and which has a group of characteristics that are appropriate for use for warlike purposes. An instrument that may be used for the transport or propulsion of the device is not included in this definition if it is separable from the device and not an indivisible part thereof. | Nuclear Weapon means any explosive device capable of releasing nuclear energy in an uncontrolled manner but does not include the means of transport or delivery of such device if separable from and not an indivisible part thereof. | Nuclear Weapon or other Nuclear Explosive Devices means any weapon or other explosive device capable of releasing nuclear energy, irrespective of the military or civilian purpose for which the weapon or device could be used. The term includes such a weapon or device in unassembled or partly assembled forms, but does not include the means of transport or delivery of such a weapon or device if separable from and not an indivisible part of it. | Nuclear Weapons means any explosive device capable of releasing nuclear energy in an uncontrolled manner but does not include the means of transport or delivery of such device if separable from and not an indivisible part thereof. | Nuclear Weapons or other Nuclear Explosive Devices means any weapon or other explosive device capable of releasing nuclear energy, irrespective of the military or civilian purpose for which the weapon or device could be used. The term includes such a weapon or device in unassembled or partly assembled forms, but does not include the means of transport or delivery of such a weapon or device if separable from and not an indivisible part of it.","Bankok Treaty. Article 1: c: nuclear weapon means any explosive device capable of releasing nuclear energy in an uncontrolled manner but does not include the means of transport or delivery of such device if separable from and not an indivisible part thereof; | Ibid. Article 1: c: nuclear weapon means any explosive device capable of releasing nuclear energy in an uncontrolled manner but does not include the means of transport or delivery of such device if separable from and not an indivisible part thereof; | Ibid. Article 1:b: Nuclear weapon or other nuclear explosive device means any weapon or other explosive device capable of releasing nuclear energy, irrespective of the military or civilian purpose for which the weapon or device could be used. The term includes such a weapon or device in unassembled or partly assembled forms, but does not include the means of transport or delivery of such a weapon or device if separable from and not an indivisible part of it. | Ibid. Article 5: For the purposes of this Treaty, a nuclear weapon is any device which is capable of releasing nuclear energy in an uncontrolled manner and which has a group of characteristics that are appropriate for use for warlike purposes. An instrument that may be used for the transport or propulsion of the device is not included in this definition if it is separable from the device and not an indivisible part thereof. | Semipalatinsk Treaty. Ibid. Article 1:b: Nuclear weapon or other nuclear explosive device means any weapon or other explosive device capable of releasing nuclear energy, irrespective of the military or civilian purpose for which the weapon or device could be used. The term includes such a weapon or device in unassembled or partly assembled forms, but does not include the means of transport or delivery of such a weapon or device if separable from and not an indivisible part of it.",0,1,0,0,0,0,0,1,0,0,0,0,0,0,0,0,0,0.0,,,Assumed directly upon force given no explicit indication otherwise,0.0,,,nuclear weapon,0,Weapon system; nuclear MATERIALS are dual-use but the weapon itself is not,1967,Treaty for the Prohibition of Nuclear Weapons in Latin America and the Caribbean,Treaty of Tlatelolco,"NFWZ, Nuclear Weapons",0.0,,1,3.0,Ibid. Article 4.1. The zone of application of this Treaty is the whole of the territories for which the Treaty is in force.,2,3.0,1967-02-14,0,1.0,1967-02-14,,"Antigua and Barbuda(1983-10-11), Argentina(1967-09-27), Bahamas(1976-11-29), Barbados(1968-10-18), Belize(1992-02-14), Bolivia(Plurinational State of)(1967-02-14), Brazil(1967-05-09), Chile(1967-02-14), Colombia(1967-02-14), Costa Rica(1967-02-14), Cuba(1995-03-25), Dominica(1989-05-02), Dominican Republic(1967-07-28), Ecuador(1967-02-14), El Salvador(1967-02-14), Grenada(1975-04-29), Guatemala(1967-02-14), Guyana(1995-01-16), Haiti(1967-02-14), Honduras(1967-02-14), Jamaica(1967-10-26), Mexico(1967-02-14), Nicaragua(1967-02-15), Panama(1967-02-14), Paraguay(1967-04-26), Peru(1967-02-14), Saint Kitts and Nevis(1994-02-18), Saint Lucia(1992-08-25), Saint Vincent and the Grenadines(1992-02-14), Suriname(1976-02-13), Trinidad and Tobago(1967-06-27), Uruguay(1967-02-14), Venezuela(Bolivarian Republic of)(1967-02-14)",1.0,1967-09-20,,,33.0,1,0.0,,0.0,"Ibid. Article 29. Any Contracting Party may propose amendments to this Treaty and shall submit its proposals to the Council through the General Secretary, who shall transmit them to all the other Contracting Parties and, in addition, to all other signatories in accordance with article 6. The Council, through the General Secretary, shall immediately following the meeting of signatories convene a special session of the General Conference to examine the proposals made, for the adoption of which a twothirds majority of the Contracting Parties present and voting shall be required.",2.0,2.0,,0,0.0,
70001,1.0,nuclear weapon,"A nuclear weapon is any device which is capable of releasing nuclear energy in an uncontrolled manner and which has a group of characteristics that are appropriate for use for warlike purposes. An instrument that may be used for the transport or propulsion of the device is not included in this definition if it is separable from the device and not an indivisible part thereof. | Nuclear Weapon means any explosive device capable of releasing nuclear energy in an uncontrolled manner but does not include the means of transport or delivery of such device if separable from and not an indivisible part thereof. | Nuclear Weapon or other Nuclear Explosive Devices means any weapon or other explosive device capable of releasing nuclear energy, irrespective of the military or civilian purpose for which the weapon or device could be used. The term includes such a weapon or device in unassembled or partly assembled forms, but does not include the means of transport or delivery of such a weapon or device if separable from and not an indivisible part of it. | Nuclear Weapons means any explosive device capable of releasing nuclear energy in an uncontrolled manner but does not include the means of transport or delivery of such device if separable from and not an indivisible part thereof. | Nuclear Weapons or other Nuclear Explosive Devices means any weapon or other explosive device capable of releasing nuclear energy, irrespective of the military or civilian purpose for which the weapon or device could be used. The term includes such a weapon or device in unassembled or partly assembled forms, but does not include the means of transport or delivery of such a weapon or device if separable from and not an indivisible part of it.","Bankok Treaty. Article 1: c: nuclear weapon means any explosive device capable of releasing nuclear energy in an uncontrolled manner but does not include the means of transport or delivery of such device if separable from and not an indivisible part thereof; | Ibid. Article 1: c: nuclear weapon means any explosive device capable of releasing nuclear energy in an uncontrolled manner but does not include the means of transport or delivery of such device if separable from and not an indivisible part thereof; | Ibid. Article 1:b: Nuclear weapon or other nuclear explosive device means any weapon or other explosive device capable of releasing nuclear energy, irrespective of the military or civilian purpose for which the weapon or device could be used. The term includes such a weapon or device in unassembled or partly assembled forms, but does not include the means of transport or delivery of such a weapon or device if separable from and not an indivisible part of it. | Ibid. Article 5: For the purposes of this Treaty, a nuclear weapon is any device which is capable of releasing nuclear energy in an uncontrolled manner and which has a group of characteristics that are appropriate for use for warlike purposes. An instrument that may be used for the transport or propulsion of the device is not included in this definition if it is separable from the device and not an indivisible part thereof. | Semipalatinsk Treaty. Ibid. Article 1:b: Nuclear weapon or other nuclear explosive device means any weapon or other explosive device capable of releasing nuclear energy, irrespective of the military or civilian purpose for which the weapon or device could be used. The term includes such a weapon or device in unassembled or partly assembled forms, but does not include the means of transport or delivery of such a weapon or device if separable from and not an indivisible part of it.",0,1,0,0,0,0,0,1,0,0,0,0,0,0,0,0,0,0.0,,,Assumed directly upon force given no explicit indication otherwise,0.0,,,nuclear weapon,0,Weapon system; nuclear MATERIALS are dual-use but the weapon itself is not,1967,Additional Protocol I to the Treaty for the Prohibition of Nuclear Weapons in Latin America and the Caribbean,Protocol I to the Treaty of Tlatelolco,"NFWZ, Nuclear Weapons",,,1,3.0,Assumed same as primary.,2,3.0,1967-02-14,0,1.0,1967-02-14,,"France(1979-03-02), Netherlands(1968-03-15), The United Kingdom of Great Britain and Northern Ireland(1967-12-20), The United States of America(1977-05-26)",1.0,1969-12-11,,,4.0,2,1.0,France(1992-08-24),2.0,,,2.0,,0,0.0,
70002,1.0,nuclear weapon,"A nuclear weapon is any device which is capable of releasing nuclear energy in an uncontrolled manner and which has a group of characteristics that are appropriate for use for warlike purposes. An instrument that may be used for the transport or propulsion of the device is not included in this definition if it is separable from the device and not an indivisible part thereof. | Nuclear Weapon means any explosive device capable of releasing nuclear energy in an uncontrolled manner but does not include the means of transport or delivery of such device if separable from and not an indivisible part thereof. | Nuclear Weapon or other Nuclear Explosive Devices means any weapon or other explosive device capable of releasing nuclear energy, irrespective of the military or civilian purpose for which the weapon or device could be used. The term includes such a weapon or device in unassembled or partly assembled forms, but does not include the means of transport or delivery of such a weapon or device if separable from and not an indivisible part of it. | Nuclear Weapons means any explosive device capable of releasing nuclear energy in an uncontrolled manner but does not include the means of transport or delivery of such device if separable from and not an indivisible part thereof. | Nuclear Weapons or other Nuclear Explosive Devices means any weapon or other explosive device capable of releasing nuclear energy, irrespective of the military or civilian purpose for which the weapon or device could be used. The term includes such a weapon or device in unassembled or partly assembled forms, but does not include the means of transport or delivery of such a weapon or device if separable from and not an indivisible part of it.","Bankok Treaty. Article 1: c: nuclear weapon means any explosive device capable of releasing nuclear energy in an uncontrolled manner but does not include the means of transport or delivery of such device if separable from and not an indivisible part thereof; | Ibid. Article 1: c: nuclear weapon means any explosive device capable of releasing nuclear energy in an uncontrolled manner but does not include the means of transport or delivery of such device if separable from and not an indivisible part thereof; | Ibid. Article 1:b: Nuclear weapon or other nuclear explosive device means any weapon or other explosive device capable of releasing nuclear energy, irrespective of the military or civilian purpose for which the weapon or device could be used. The term includes such a weapon or device in unassembled or partly assembled forms, but does not include the means of transport or delivery of such a weapon or device if separable from and not an indivisible part of it. | Ibid. Article 5: For the purposes of this Treaty, a nuclear weapon is any device which is capable of releasing nuclear energy in an uncontrolled manner and which has a group of characteristics that are appropriate for use for warlike purposes. An instrument that may be used for the transport or propulsion of the device is not included in this definition if it is separable from the device and not an indivisible part thereof. | Semipalatinsk Treaty. Ibid. Article 1:b: Nuclear weapon or other nuclear explosive device means any weapon or other explosive device capable of releasing nuclear energy, irrespective of the military or civilian purpose for which the weapon or device could be used. The term includes such a weapon or device in unassembled or partly assembled forms, but does not include the means of transport or delivery of such a weapon or device if separable from and not an indivisible part of it.",0,1,0,0,0,0,0,1,0,0,0,0,0,0,0,0,0,0.0,,,Assumed directly upon force given no explicit indication otherwise,0.0,,,nuclear weapon,0,Weapon system; nuclear MATERIALS are dual-use but the weapon itself is not,1967,Additional Protocol II to the Treaty for the Prohibition of Nuclear Weapons in Latin America and the Caribbean,Protocol II to the Treaty of Tlatelolco,"NFWZ, Nuclear Weapons",,,1,3.0,Assumed same as primary.,2,3.0,1967-02-14,0,1.0,1967-02-14,,"China(1973-08-21), France(1973-07-18), The Russian Federation(1978-05-18), The United Kingdom of Great Britain and Northern Ireland(1976-12-20), The United States of America(1968-04-01)",1.0,1969-12-11,,,5.0,1,0.0,,2.0,,,2.0,,0,0.0,
90,1.0,nuclear weapon,"A nuclear weapon is any device which is capable of releasing nuclear energy in an uncontrolled manner and which has a group of characteristics that are appropriate for use for warlike purposes. An instrument that may be used for the transport or propulsion of the device is not included in this definition if it is separable from the device and not an indivisible part thereof. | Nuclear Weapon means any explosive device capable of releasing nuclear energy in an uncontrolled manner but does not include the means of transport or delivery of such device if separable from and not an indivisible part thereof. | Nuclear Weapon or other Nuclear Explosive Devices means any weapon or other explosive device capable of releasing nuclear energy, irrespective of the military or civilian purpose for which the weapon or device could be used. The term includes such a weapon or device in unassembled or partly assembled forms, but does not include the means of transport or delivery of such a weapon or device if separable from and not an indivisible part of it. | Nuclear Weapons means any explosive device capable of releasing nuclear energy in an uncontrolled manner but does not include the means of transport or delivery of such device if separable from and not an indivisible part thereof. | Nuclear Weapons or other Nuclear Explosive Devices means any weapon or other explosive device capable of releasing nuclear energy, irrespective of the military or civilian purpose for which the weapon or device could be used. The term includes such a weapon or device in unassembled or partly assembled forms, but does not include the means of transport or delivery of such a weapon or device if separable from and not an indivisible part of it.","Bankok Treaty. Article 1: c: nuclear weapon means any explosive device capable of releasing nuclear energy in an uncontrolled manner but does not include the means of transport or delivery of such device if separable from and not an indivisible part thereof; | Ibid. Article 1: c: nuclear weapon means any explosive device capable of releasing nuclear energy in an uncontrolled manner but does not include the means of transport or delivery of such device if separable from and not an indivisible part thereof; | Ibid. Article 1:b: Nuclear weapon or other nuclear explosive device means any weapon or other explosive device capable of releasing nuclear energy, irrespective of the military or civilian purpose for which the weapon or device could be used. The term includes such a weapon or device in unassembled or partly assembled forms, but does not include the means of transport or delivery of such a weapon or device if separable from and not an indivisible part of it. | Ibid. Article 5: For the purposes of this Treaty, a nuclear weapon is any device which is capable of releasing nuclear energy in an uncontrolled manner and which has a group of characteristics that are appropriate for use for warlike purposes. An instrument that may be used for the transport or propulsion of the device is not included in this definition if it is separable from the device and not an indivisible part thereof. | Semipalatinsk Treaty. Ibid. Article 1:b: Nuclear weapon or other nuclear explosive device means any weapon or other explosive device capable of releasing nuclear energy, irrespective of the military or civilian purpose for which the weapon or device could be used. The term includes such a weapon or device in unassembled or partly assembled forms, but does not include the means of transport or delivery of such a weapon or device if separable from and not an indivisible part of it.",0,1,0,0,0,0,0,1,0,0,0,0,0,0,0,0,0,0.0,,,Assumed directly upon force given no explicit indication otherwise,0.0,,,nuclear weapon,0,Weapon system; nuclear MATERIALS are dual-use but the weapon itself is not,1968,Treaty on the NonProliferation of Nuclear Weapons,NPT,"Multilateral, Nuclear Weapons",0.0,,0,,,2,3.0,1968-07-01,0,1.0,1968-07-01,,"Afghanistan(1968-07-01), Austria(1968-07-01), Barbados(1968-07-01), Benin(1968-07-01), Bolivia(Plurinational State of)(1968-07-01), Botswana(1968-07-01), Bulgaria(1968-07-01), Chad(1968-07-01), Colombia(1968-07-01), Costa Rica(1968-07-01), Côte d'Ivoire(1968-07-01), Cyprus(1968-07-01), Denmark(1968-07-01), Dominican Republic(1968-07-01), Egypt(1968-07-01), El Salvador(1968-07-01), Finland(1968-07-01), Ghana(1968-07-24), Greece(1968-07-01), Haiti(1968-07-01), Honduras(1968-07-01), Hungary(1968-07-01), Iceland(1968-07-01), Iran(1968-07-01), Iraq(1968-07-01), Kenya(1968-07-01), Lao People's Democratic Republic(1968-07-01), Lebanon(1968-07-01), Liberia(1968-07-01), Malaysia(1968-07-01), Mauritius(1968-07-01), Mongolia(1968-07-01), Morocco(1968-07-01), Nepal(1968-07-01), New Zealand(1968-07-01), Nicaragua(1968-07-01), Nigeria(1968-07-01), Norway(1968-07-01), Panama(1968-07-01), Paraguay(1968-07-01), Peru(1968-07-01), Philippines(1968-07-01), Poland(1968-07-01), Republic of Korea(1968-07-01), Romania(1968-07-01), The Russian Federation(1968-07-01), San Marino(1968-07-01), Senegal(1968-07-01), Somalia(1968-07-01), Sri Lanka(1968-07-01), Syria(1968-07-01), Togo(1968-07-01), Tunisia(1968-07-01), The United Kingdom of Great Britain and Northern Ireland(1968-07-01), The United States of America(1968-07-01), Uruguay(1968-07-01), Venezuela(Bolivarian Republic of)(1968-07-01), Ireland(1968-07-04), Ecuador(1968-07-09), Lesotho(1968-07-09), Jordan(1968-07-10), Cameroon(1968-07-18), Libya(1968-07-23), Canada(1968-07-29), Congo(1968-07-26), Guatemala(1968-07-26), Mexico(1968-07-26), Luxembourg(1968-08-14), Sweden(1968-08-19), Belgium(1968-08-20), Netherlands(1968-08-20), Trinidad and Tobago(1968-08-22), Kuwait(1968-08-22), Madagascar(1968-08-22), Ethiopia(1968-09-05), Maldives(1968-09-11), The Democratic Republic of the Congo(1968-09-17), Yemen(1968-09-23), Gambia(1968-09-24), Sudan(1968-12-24), Italy(1969-01-28), Türkiye(1969-01-28), Jamaica(1969-04-14), Malta(1969-04-17), Eswatini(1969-06-24), Mali(1969-07-15), Burkina Faso(1969-08-11), Switzerland(1969-11-27), Germany(1969-11-28), Japan(1970-02-03), Singapore(1970-02-05), Australia(1970-02-27), Indonesia(1970-03-02)",1.0,1970-03-05,,,191.0,2,1.0,,0.0,Ibid. Article VIII,1.0,0.0,,0,1.0,People's Democratic Republic of Korea(2003-01-11)
210,3.0,radioactive waste,Radioactive Wastes means material that contains or is contaminated with radionuclides at concentrations or activities greater than clearance levels recommended by the IAEA and for which no use is foreseen.,Ibid. Article 1:f: radioactive wastes means material that contains or is contaminated with radionuclides at concentrations or activities greater than clearance levels recommended by the IAEA and for which no use is foreseen.,0,0,0,0,0,0,0,0,1,0,0,0,0,0,0,0,0,0.0,,,Assumed directly upon force given no explicit indication otherwise,0.0,,,radioactive waste,0,Not a controlled category in the dual-use list,1985,South Pacific Nuclear Free Zone Treaty,Treaty of Rarotonga,"NFWZ, Nuclear Weapons",0.0,,1,1.0,"Ibid. Annex 1. The area bounded by a line (1),commencing at the point of intersection of the Equator by the maritime boundary between Indonesia and Papua New Guinea. (2),running thence northerly along that maritime boundary to its intersection by the outer limit of the Exclusive Economic Zone of Papua New Guinea. (3),thence generally northeasterly, easterly and southeasterly along that outer limit to its intersection by the Equator. (4),thence east along the Equator to its intersection by the meridian of Longitude 163 degrees East. (5),thence north along that meridian to its intersection by the parallel of Latitude 3 degrees North. (6),thence east along that parallel to its intersection by the meridian of Longitude 171 degrees East. (7),thence north along that meridian to its intersection by the parallel of Latitude 4 degrees North. (8),thence east along that parallel to its intersection by the meridian of Longitude 180 degrees East. (9),thence south along that meridian to its intersection by the Equator. (10),thence east along the Equator to its intersection by the meridian of Longitude 165 degrees West. (11),thence north along that meridian to its intersection by the parallel of Latitude 5 degrees 30 minutes North. (12),thence east along that parallel to its intersection by the meridian of Longitude 154 degrees West. (13),thence south along that meridian to its intersection by the Equator. (14),thence east along the Equator to its intersection by the meridian of Longitude 115 degrees West. (15),thence south along that meridian to its intersection by the parallel of Latitude 60 degrees South. (16),thence west along that parallel to its intersection by the meridian of Longitude 115 degrees East. (17),thence north along the meridian to its southernmost intersection by the outer limit of the territorial sea of Australia. (18),thence generally northerly and easterly along the outer limit of the territorial sea of Australia to its intersection by the meridian of Longitude 136 degrees 45 minutes East. (19),thence northeasterly along the geodesic to the point of Latitude 10 degrees 50 minutes South, Longitude 139 degrees 12 minutes East. (20),thence northeasterly along the maritime boundary between Indonesia and Papua New Guinea to where it joins the land border between those two countries. (21),thence generally northerly along the land border to where it joins the maritime boundary between Indonesia and Papua New Guinea, on the northern coastline of Papua New Guinea. and (22),thence generally northerly along that boundary to the point of commencement.",2,3.0,1985-08-06,0,1.0,1985-08-06,,"Australia(1985-08-06), Cook Islands(1985-08-06), Fiji(1985-08-06), Kiribati(1985-08-06), Nauru(1986-07-17), New Zealand(1985-08-06), Niue(1985-08-06), Papua New Guinea(1985-09-16), Samoa(1985-08-06), Solomon Islands(1985-08-06), Tonga(1996-08-02), Tuvalu(1985-08-06), Vanuatu(1995-09-16)",1.0,1986-12-11,,,13.0,1,0.0,,0.0,Ibid. Article 11. The Consultative Committee shall consider proposals for amendment of the provisions of this Treaty proposed by any Party and circulated by the Director to all Parties not less than three months prior to the convening of the Consultative Committee for this purpose. Any proposal agreed upon by consensus by the Consultative Committee shall be communicated to the Director who shall circulate it for acceptance to all Parties. An amendment shall enter into force thirty days after receipt by the depositary of acceptances from all Parties.,0.0,2.0,,2,0.0,
330,3.0,radioactive waste,Radioactive Wastes means material that contains or is contaminated with radionuclides at concentrations or activities greater than clearance levels recommended by the IAEA and for which no use is foreseen.,Ibid. Article 1:f: radioactive wastes means material that contains or is contaminated with radionuclides at concentrations or activities greater than clearance levels recommended by the IAEA and for which no use is foreseen.,0,0,0,0,0,0,0,0,1,0,0,0,0,0,0,0,0,0.0,,,Assumed directly upon force given no explicit indication otherwise,0.0,,,radioactive waste,0,Not a controlled category in the dual-use list,1995,Treaty on the Southeast Asia Nuclear WeaponFree Zone,Bangkok Treaty,"NFWZ, Nuclear Weapons",0.0,,1,1.0,"Ibid. Article 2. 1. This Treaty and its Protocol shall apply to the territories, continental shelves, and EEZ of the States Parties within the Zone in which this Treaty is in force.",2,3.0,1995-12-15,0,1.0,1959-12-15,,"Brunei Darussalam(1995-12-15), Cambodia(1995-12-15), Indonesia(1995-12-15), Lao People's Democratic Republic(1995-12-15), Malaysia(1995-12-15), Myanmar(1995-12-15), Philippines(1995-12-15), Singapore(1995-12-15), Thailand(1995-12-15), Viet Nam(1995-12-15)",1.0,1997-03-27,,,10.0,1,0.0,,0.0,"Ibid. Article 19. Any State Party may propose amendments to this Treaty and its Protocol and shall submit its proposals to the Executive Committee, which shall transmit them to all the other States Parties.",5.0,0.0,,2,0.0,
340,3.0,radioactive waste,Radioactive Wastes means material that contains or is contaminated with radionuclides at concentrations or activities greater than clearance levels recommended by the IAEA and for which no use is foreseen.,Ibid. Article 1:f: radioactive wastes means material that contains or is contaminated with radionuclides at concentrations or activities greater than clearance levels recommended by the IAEA and for which no use is foreseen.,0,0,0,0,0,0,0,0,1,0,0,0,0,0,0,0,0,0.0,,,Assumed directly upon force given no explicit indication otherwise,0.0,,,radioactive waste,0,Not a controlled category in the dual-use list,1996,African NuclearWeaponFree Zone Treaty,Pelindaba Treaty,"NFWZ, Nuclear Weapons",0.0,,1,0.0,"Ibid. Article 2.1. Except where otherwise specified, this Treaty and its Protocols shall apply to the territory within the African nuclearweaponfree zone, as illustrated in the map in annex I.",2,3.0,1996-11-04,0,1.0,1995-06-28,,"Algeria(1996-04-11), Angola(1996-04-11), Benin(1996-04-11), Botswana(1996-06-09), Burkina Faso(1996-04-11), Burundi(1996-04-11), Cabo Verde(1996-04-11), Cameroon(1996-04-11), Central African Republic(1996-04-11), Chad(1996-04-11), Comoros(1996-04-11), Congo(1997-01-27), Cote d'Ivoire(1996-04-11), The Democratic Republic of the Congo(1996-04-11), Djibouti(1996-04-11), Egypt(1996-04-11), Eritrea(1996-04-11), Eswatini(1996-04-11), Ethiopia(1996-04-11), Gabon(1996-04-11), Gambia(1996-04-11), Ghana(1996-04-11), Guinea(1996-04-11), Guinea Bissau(1996-04-11), Kenya(1996-04-11), Lesotho(1996-04-11), Liberia(1996-07-09), Libya(1996-04-11), Malawi(1996-04-11), Mali(1996-04-11), Mauritania(1996-04-11), Mauritius(1996-04-11), Marocco(1996-04-11), Mozambique(1996-04-11), Namibia(1996-04-11), Niger(1996-04-11), Nigeria(1996-04-11), Rwanda(1996-04-11), Sao Tome and Principe(1996-07-09), Senegal(1996-04-11), Seychelles(1996-07-09), Sierra Leone(1996-04-11), Somalia(2006-02-23), South Africa(1996-04-11), Sudan(1996-04-11), Togo(1996-04-11), Tunisia(1996-04-11), Uganda(1996-04-11), Tanzania(1996-04-11), Zambia(1996-04-11), Zimbabwe(1996-04-11)",1.0,2009-07-15,,,43.0,1,0.0,,0.0,"ibid. Article 19. Any amendments to the Treaty proposed by a Party shall be submitted to the Commission, which shall circulate it to all Parties.",2.0,0.0,,2,0.0,
340003,3.0,radioactive waste,Radioactive Wastes means material that contains or is contaminated with radionuclides at concentrations or activities greater than clearance levels recommended by the IAEA and for which no use is foreseen.,Ibid. Article 1:f: radioactive wastes means material that contains or is contaminated with radionuclides at concentrations or activities greater than clearance levels recommended by the IAEA and for which no use is foreseen.,0,0,0,0,0,0,0,0,1,0,0,0,0,0,0,0,0,0.0,,,Assumed directly upon force given no explicit indication otherwise,0.0,,,radioactive waste,0,Not a controlled category in the dual-use list,1996,Protocol III to the Pelindaba Treaty,Treaty Protocol III,"NFWZ, Nuclear Weapons",,,1,0.0,Assumed same as primary.,2,3.0,1996-11-04,0,1.0,1995-06-28,,France(1996-04-11),1.0,1996-09-20,,,1.0,2,1.0,France(1996-04-11),2.0,,,0.0,,2,0.0,
420,3.0,radioactive waste,Radioactive Wastes means material that contains or is contaminated with radionuclides at concentrations or activities greater than clearance levels recommended by the IAEA and for which no use is foreseen.,Ibid. Article 1:f: radioactive wastes means material that contains or is contaminated with radionuclides at concentrations or activities greater than clearance levels recommended by the IAEA and for which no use is foreseen.,0,0,0,0,0,0,0,0,1,0,0,0,0,0,0,0,0,0.0,,,Assumed directly upon force given no explicit indication otherwise,0.0,,,radioactive waste,0,Not a controlled category in the dual-use list,2006,Treaty on a NuclearWeaponFree Zone in Central Asia,Central Asian Nuclear Weapons Free Zones,"NFWZ, Nuclear Weapons",0.0,,1,3.0,"Ibid. Article 1.a),. For the purposes of this Treaty and its Protocol.(a),The Central Asian NuclearWeaponFree Zone includes. the Republic of Kazakhstan, the Kyrgyz Republic, the Republic of Tajikistan, Turkmenistan and the Republic of Uzbekistan.",2,3.0,2006-08-09,0,1.0,2006-09-08,,"Kazakhstan(2006-09-08), Kyrgyzstan(2006-09-08), Tajikistan(2006-09-08), Turkmenistan(2006-09-08), Uzbekistan(2006-09-08)",1.0,2009-03-21,,,5.0,1,0.0,,0.0,"Ibid. Article 17. b),. Decisions on the adoption of such an amendment shall be taken by consensus of the Parties.",0.0,2.0,,2,0.0,
50,3.0,radioactive waste,Radioactive Wastes means material that contains or is contaminated with radionuclides at concentrations or activities greater than clearance levels recommended by the IAEA and for which no use is foreseen.,Ibid. Article 1:f: radioactive wastes means material that contains or is contaminated with radionuclides at concentrations or activities greater than clearance levels recommended by the IAEA and for which no use is foreseen.,0,0,0,0,0,0,0,0,1,0,0,0,0,0,0,0,0,0.0,,,Assumed directly upon force given no explicit indication otherwise,0.0,,,radioactive waste,0,Not a controlled category in the dual-use list,1959,Antarctic Treaty,Antarctic Treaty,"Multilateral, Weapons General, Nuclear Weapons",0.0,,1,4.0,"Ibid. Article VI. The provisions of the present Treaty shall apply to the area south of 60o South Latitude, including all ice shelves, but nothing in the present Treaty shall prejudice or in any way affect the rights, or the exercise of the rights, of any State under international law with regard to the high seas within that area.",2,3.0,1959-12-01,0,1.0,1959-12-01,,"Argentina(1959-12-01), Australia(1959-12-01), Belgium(1959-12-01), Chile(1959-12-01), France(1959-12-01), Japan(1959-12-01), New Zealand(1959-12-01), Norway(1959-12-01), The Russian Federation(1959-12-01), South Africa(1959-12-01), The United Kingdom of Great Britain and Northern Ireland(1959-12-01), The United States of America(1959-12-01)",1.0,1961-06-23,,,56.0,2,0.0,,0.0,Ibid. Article XII. 1. The present Treaty may be modified or amended at any time by unanimous agreement of the Contracting Parties whose representatives are entitled to participate in the meetings provided for under Article IX. Any such modification or amendment shall enter into force when the depositary Government has received notice from all such Contracting Parties that they have ratified it.,5.0,4.0,No ratification of amendment is considered an act of withdrawal OR if an approved amendment has not entered into force after a period of two years a party may give notice of withdrawal. ,3,0.0,
210,3.0,fissile material,Nuclear Material means any source material or special fissionable material as defined in Article XX of the Statute of the International Atomic Energy Agency (IAEA) and as amended from time to time by the IAEA. | Radioactive Material means material that contains radionuclides above clearance or exemption levels recommended by the International Atomic Energy Agency (IAEA).,Ibid. Article 1:e: radioactive material means material that contains radionuclides above clearance or exemption levels recommended by the International Atomic Energy Agency (IAEA); | Ibid. Article 1:f: Nuclear material means any source material or special fissionable material as defined in Article XX of the Statute of the International Atomic Energy Agency (IAEA) and as amended from time to time by the IAEA. | Pelindaba Treaty. Ibid. Article 1:f: Nuclear material means any source material or special fissionable material as defined in Article XX of the Statute of the International Atomic Energy Agency (IAEA) and as amended from time to time by the IAEA.,0,0,0,0,0,0,0,0,0,0,0,1,0,0,1,1,0,0.0,,,Assumed directly upon force given no explicit indication otherwise,0.0,,,fissile material,1,0C002 (Special fissile materials) â explicitly listed in Category 0 of the dual-use list,1985,South Pacific Nuclear Free Zone Treaty,Treaty of Rarotonga,"NFWZ, Nuclear Weapons",0.0,,1,1.0,"Ibid. Annex 1. The area bounded by a line (1),commencing at the point of intersection of the Equator by the maritime boundary between Indonesia and Papua New Guinea. (2),running thence northerly along that maritime boundary to its intersection by the outer limit of the Exclusive Economic Zone of Papua New Guinea. (3),thence generally northeasterly, easterly and southeasterly along that outer limit to its intersection by the Equator. (4),thence east along the Equator to its intersection by the meridian of Longitude 163 degrees East. (5),thence north along that meridian to its intersection by the parallel of Latitude 3 degrees North. (6),thence east along that parallel to its intersection by the meridian of Longitude 171 degrees East. (7),thence north along that meridian to its intersection by the parallel of Latitude 4 degrees North. (8),thence east along that parallel to its intersection by the meridian of Longitude 180 degrees East. (9),thence south along that meridian to its intersection by the Equator. (10),thence east along the Equator to its intersection by the meridian of Longitude 165 degrees West. (11),thence north along that meridian to its intersection by the parallel of Latitude 5 degrees 30 minutes North. (12),thence east along that parallel to its intersection by the meridian of Longitude 154 degrees West. (13),thence south along that meridian to its intersection by the Equator. (14),thence east along the Equator to its intersection by the meridian of Longitude 115 degrees West. (15),thence south along that meridian to its intersection by the parallel of Latitude 60 degrees South. (16),thence west along that parallel to its intersection by the meridian of Longitude 115 degrees East. (17),thence north along the meridian to its southernmost intersection by the outer limit of the territorial sea of Australia. (18),thence generally northerly and easterly along the outer limit of the territorial sea of Australia to its intersection by the meridian of Longitude 136 degrees 45 minutes East. (19),thence northeasterly along the geodesic to the point of Latitude 10 degrees 50 minutes South, Longitude 139 degrees 12 minutes East. (20),thence northeasterly along the maritime boundary between Indonesia and Papua New Guinea to where it joins the land border between those two countries. (21),thence generally northerly along the land border to where it joins the maritime boundary between Indonesia and Papua New Guinea, on the northern coastline of Papua New Guinea. and (22),thence generally northerly along that boundary to the point of commencement.",2,3.0,1985-08-06,0,1.0,1985-08-06,,"Australia(1985-08-06), Cook Islands(1985-08-06), Fiji(1985-08-06), Kiribati(1985-08-06), Nauru(1986-07-17), New Zealand(1985-08-06), Niue(1985-08-06), Papua New Guinea(1985-09-16), Samoa(1985-08-06), Solomon Islands(1985-08-06), Tonga(1996-08-02), Tuvalu(1985-08-06), Vanuatu(1995-09-16)",1.0,1986-12-11,,,13.0,1,0.0,,0.0,Ibid. Article 11. The Consultative Committee shall consider proposals for amendment of the provisions of this Treaty proposed by any Party and circulated by the Director to all Parties not less than three months prior to the convening of the Consultative Committee for this purpose. Any proposal agreed upon by consensus by the Consultative Committee shall be communicated to the Director who shall circulate it for acceptance to all Parties. An amendment shall enter into force thirty days after receipt by the depositary of acceptances from all Parties.,0.0,2.0,,2,0.0,
210001,3.0,fissile material,Nuclear Material means any source material or special fissionable material as defined in Article XX of the Statute of the International Atomic Energy Agency (IAEA) and as amended from time to time by the IAEA. | Radioactive Material means material that contains radionuclides above clearance or exemption levels recommended by the International Atomic Energy Agency (IAEA).,Ibid. Article 1:e: radioactive material means material that contains radionuclides above clearance or exemption levels recommended by the International Atomic Energy Agency (IAEA); | Ibid. Article 1:f: Nuclear material means any source material or special fissionable material as defined in Article XX of the Statute of the International Atomic Energy Agency (IAEA) and as amended from time to time by the IAEA. | Pelindaba Treaty. Ibid. Article 1:f: Nuclear material means any source material or special fissionable material as defined in Article XX of the Statute of the International Atomic Energy Agency (IAEA) and as amended from time to time by the IAEA.,0,0,0,0,0,0,0,0,0,0,0,1,0,0,1,1,0,0.0,,,Assumed directly upon force given no explicit indication otherwise,0.0,,,fissile material,1,0C002 (Special fissile materials) â explicitly listed in Category 0 of the dual-use list,1986,Protocol 1 to the South Pacific Nuclear Free Zone Treaty,Protocol 1 to the South Pacific Nuclear-Weapon-Free Zone Treaty,"NFWZ, Nuclear Weapons",,,1,1.0,Assumed same as primary.,2,3.0,1986-08-08,0,1.0,1986-08-08,,"France(1996-03-25), The United Kingdom of Great Britain and Northern Ireland(1996-03-25), The United States of America(1996-03-25)",1.0,1996-09-20,,,2.0,2,1.0,France(1996-09-20),0.0,"Ibid. Article 2. Each Party may, by written notification to the depositary, indicate its acceptance from the date of such notification of any alteration to its obligation under this Protocol brought about by the entry into force of an amendment to the Treaty pursuant to Article 11 of the Treaty.",3.0,2.0,,0,0.0,
290,3.0,fissile material,Nuclear Material means any source material or special fissionable material as defined in Article XX of the Statute of the International Atomic Energy Agency (IAEA) and as amended from time to time by the IAEA. | Radioactive Material means material that contains radionuclides above clearance or exemption levels recommended by the International Atomic Energy Agency (IAEA).,Ibid. Article 1:e: radioactive material means material that contains radionuclides above clearance or exemption levels recommended by the International Atomic Energy Agency (IAEA); | Ibid. Article 1:f: Nuclear material means any source material or special fissionable material as defined in Article XX of the Statute of the International Atomic Energy Agency (IAEA) and as amended from time to time by the IAEA. | Pelindaba Treaty. Ibid. Article 1:f: Nuclear material means any source material or special fissionable material as defined in Article XX of the Statute of the International Atomic Energy Agency (IAEA) and as amended from time to time by the IAEA.,0,0,0,0,0,0,0,0,0,0,0,1,0,0,1,1,0,0.0,,,Assumed directly upon force given no explicit indication otherwise,0.0,,,fissile material,1,0C002 (Special fissile materials) â explicitly listed in Category 0 of the dual-use list,1992,Joint Declaration of South and Democratic People's Republic of Korea on the Denuclearization of the Korean Peninsula,Declaration of South and Democratic People's Republic of Korea on the Denuclearization of the Korean Peninsula,"Bilateral, Nuclear Weapons",0.0,,0,,,1,3.0,1992-01-20,2,-99.0,,,"Democratic People's Republic of Korea(1992-01-20), Republic of Korea(1992-01-20)",1.0,1992-02-19,,,2.0,2,0.0,,2.0,,,3.0,,,0.0,
330,3.0,fissile material,Nuclear Material means any source material or special fissionable material as defined in Article XX of the Statute of the International Atomic Energy Agency (IAEA) and as amended from time to time by the IAEA. | Radioactive Material means material that contains radionuclides above clearance or exemption levels recommended by the International Atomic Energy Agency (IAEA).,Ibid. Article 1:e: radioactive material means material that contains radionuclides above clearance or exemption levels recommended by the International Atomic Energy Agency (IAEA); | Ibid. Article 1:f: Nuclear material means any source material or special fissionable material as defined in Article XX of the Statute of the International Atomic Energy Agency (IAEA) and as amended from time to time by the IAEA. | Pelindaba Treaty. Ibid. Article 1:f: Nuclear material means any source material or special fissionable material as defined in Article XX of the Statute of the International Atomic Energy Agency (IAEA) and as amended from time to time by the IAEA.,0,0,0,0,0,0,0,0,0,0,0,1,0,0,1,1,0,0.0,,,Assumed directly upon force given no explicit indication otherwise,0.0,,,fissile material,1,0C002 (Special fissile materials) â explicitly listed in Category 0 of the dual-use list,1995,Treaty on the Southeast Asia Nuclear WeaponFree Zone,Bangkok Treaty,"NFWZ, Nuclear Weapons",0.0,,1,1.0,"Ibid. Article 2. 1. This Treaty and its Protocol shall apply to the territories, continental shelves, and EEZ of the States Parties within the Zone in which this Treaty is in force.",2,3.0,1995-12-15,0,1.0,1959-12-15,,"Brunei Darussalam(1995-12-15), Cambodia(1995-12-15), Indonesia(1995-12-15), Lao People's Democratic Republic(1995-12-15), Malaysia(1995-12-15), Myanmar(1995-12-15), Philippines(1995-12-15), Singapore(1995-12-15), Thailand(1995-12-15), Viet Nam(1995-12-15)",1.0,1997-03-27,,,10.0,1,0.0,,0.0,"Ibid. Article 19. Any State Party may propose amendments to this Treaty and its Protocol and shall submit its proposals to the Executive Committee, which shall transmit them to all the other States Parties.",5.0,0.0,,2,0.0,
340,3.0,fissile material,Nuclear Material means any source material or special fissionable material as defined in Article XX of the Statute of the International Atomic Energy Agency (IAEA) and as amended from time to time by the IAEA. | Radioactive Material means material that contains radionuclides above clearance or exemption levels recommended by the International Atomic Energy Agency (IAEA).,Ibid. Article 1:e: radioactive material means material that contains radionuclides above clearance or exemption levels recommended by the International Atomic Energy Agency (IAEA); | Ibid. Article 1:f: Nuclear material means any source material or special fissionable material as defined in Article XX of the Statute of the International Atomic Energy Agency (IAEA) and as amended from time to time by the IAEA. | Pelindaba Treaty. Ibid. Article 1:f: Nuclear material means any source material or special fissionable material as defined in Article XX of the Statute of the International Atomic Energy Agency (IAEA) and as amended from time to time by the IAEA.,0,0,0,0,0,0,0,0,0,0,0,1,0,0,1,1,0,0.0,,,Assumed directly upon force given no explicit indication otherwise,0.0,,,fissile material,1,0C002 (Special fissile materials) â explicitly listed in Category 0 of the dual-use list,1996,African NuclearWeaponFree Zone Treaty,Pelindaba Treaty,"NFWZ, Nuclear Weapons",0.0,,1,0.0,"Ibid. Article 2.1. Except where otherwise specified, this Treaty and its Protocols shall apply to the territory within the African nuclearweaponfree zone, as illustrated in the map in annex I.",2,3.0,1996-11-04,0,1.0,1995-06-28,,"Algeria(1996-04-11), Angola(1996-04-11), Benin(1996-04-11), Botswana(1996-06-09), Burkina Faso(1996-04-11), Burundi(1996-04-11), Cabo Verde(1996-04-11), Cameroon(1996-04-11), Central African Republic(1996-04-11), Chad(1996-04-11), Comoros(1996-04-11), Congo(1997-01-27), Cote d'Ivoire(1996-04-11), The Democratic Republic of the Congo(1996-04-11), Djibouti(1996-04-11), Egypt(1996-04-11), Eritrea(1996-04-11), Eswatini(1996-04-11), Ethiopia(1996-04-11), Gabon(1996-04-11), Gambia(1996-04-11), Ghana(1996-04-11), Guinea(1996-04-11), Guinea Bissau(1996-04-11), Kenya(1996-04-11), Lesotho(1996-04-11), Liberia(1996-07-09), Libya(1996-04-11), Malawi(1996-04-11), Mali(1996-04-11), Mauritania(1996-04-11), Mauritius(1996-04-11), Marocco(1996-04-11), Mozambique(1996-04-11), Namibia(1996-04-11), Niger(1996-04-11), Nigeria(1996-04-11), Rwanda(1996-04-11), Sao Tome and Principe(1996-07-09), Senegal(1996-04-11), Seychelles(1996-07-09), Sierra Leone(1996-04-11), Somalia(2006-02-23), South Africa(1996-04-11), Sudan(1996-04-11), Togo(1996-04-11), Tunisia(1996-04-11), Uganda(1996-04-11), Tanzania(1996-04-11), Zambia(1996-04-11), Zimbabwe(1996-04-11)",1.0,2009-07-15,,,43.0,1,0.0,,0.0,"ibid. Article 19. Any amendments to the Treaty proposed by a Party shall be submitted to the Commission, which shall circulate it to all Parties.",2.0,0.0,,2,0.0,
340003,3.0,fissile material,Nuclear Material means any source material or special fissionable material as defined in Article XX of the Statute of the International Atomic Energy Agency (IAEA) and as amended from time to time by the IAEA. | Radioactive Material means material that contains radionuclides above clearance or exemption levels recommended by the International Atomic Energy Agency (IAEA).,Ibid. Article 1:e: radioactive material means material that contains radionuclides above clearance or exemption levels recommended by the International Atomic Energy Agency (IAEA); | Ibid. Article 1:f: Nuclear material means any source material or special fissionable material as defined in Article XX of the Statute of the International Atomic Energy Agency (IAEA) and as amended from time to time by the IAEA. | Pelindaba Treaty. Ibid. Article 1:f: Nuclear material means any source material or special fissionable material as defined in Article XX of the Statute of the International Atomic Energy Agency (IAEA) and as amended from time to time by the IAEA.,0,0,0,0,0,0,0,0,0,0,0,1,0,0,1,1,0,0.0,,,Assumed directly upon force given no explicit indication otherwise,0.0,,,fissile material,1,0C002 (Special fissile materials) â explicitly listed in Category 0 of the dual-use list,1996,Protocol III to the Pelindaba Treaty,Treaty Protocol III,"NFWZ, Nuclear Weapons",,,1,0.0,Assumed same as primary.,2,3.0,1996-11-04,0,1.0,1995-06-28,,France(1996-04-11),1.0,1996-09-20,,,1.0,2,1.0,France(1996-04-11),2.0,,,0.0,,2,0.0,
90,3.0,fissile material,Nuclear Material means any source material or special fissionable material as defined in Article XX of the Statute of the International Atomic Energy Agency (IAEA) and as amended from time to time by the IAEA. | Radioactive Material means material that contains radionuclides above clearance or exemption levels recommended by the International Atomic Energy Agency (IAEA).,Ibid. Article 1:e: radioactive material means material that contains radionuclides above clearance or exemption levels recommended by the International Atomic Energy Agency (IAEA); | Ibid. Article 1:f: Nuclear material means any source material or special fissionable material as defined in Article XX of the Statute of the International Atomic Energy Agency (IAEA) and as amended from time to time by the IAEA. | Pelindaba Treaty. Ibid. Article 1:f: Nuclear material means any source material or special fissionable material as defined in Article XX of the Statute of the International Atomic Energy Agency (IAEA) and as amended from time to time by the IAEA.,0,0,0,0,0,0,0,0,0,0,0,1,0,0,1,1,0,0.0,,,Assumed directly upon force given no explicit indication otherwise,0.0,,,fissile material,1,0C002 (Special fissile materials) â explicitly listed in Category 0 of the dual-use list,1968,Treaty on the NonProliferation of Nuclear Weapons,NPT,"Multilateral, Nuclear Weapons",0.0,,0,,,2,3.0,1968-07-01,0,1.0,1968-07-01,,"Afghanistan(1968-07-01), Austria(1968-07-01), Barbados(1968-07-01), Benin(1968-07-01), Bolivia(Plurinational State of)(1968-07-01), Botswana(1968-07-01), Bulgaria(1968-07-01), Chad(1968-07-01), Colombia(1968-07-01), Costa Rica(1968-07-01), Côte d'Ivoire(1968-07-01), Cyprus(1968-07-01), Denmark(1968-07-01), Dominican Republic(1968-07-01), Egypt(1968-07-01), El Salvador(1968-07-01), Finland(1968-07-01), Ghana(1968-07-24), Greece(1968-07-01), Haiti(1968-07-01), Honduras(1968-07-01), Hungary(1968-07-01), Iceland(1968-07-01), Iran(1968-07-01), Iraq(1968-07-01), Kenya(1968-07-01), Lao People's Democratic Republic(1968-07-01), Lebanon(1968-07-01), Liberia(1968-07-01), Malaysia(1968-07-01), Mauritius(1968-07-01), Mongolia(1968-07-01), Morocco(1968-07-01), Nepal(1968-07-01), New Zealand(1968-07-01), Nicaragua(1968-07-01), Nigeria(1968-07-01), Norway(1968-07-01), Panama(1968-07-01), Paraguay(1968-07-01), Peru(1968-07-01), Philippines(1968-07-01), Poland(1968-07-01), Republic of Korea(1968-07-01), Romania(1968-07-01), The Russian Federation(1968-07-01), San Marino(1968-07-01), Senegal(1968-07-01), Somalia(1968-07-01), Sri Lanka(1968-07-01), Syria(1968-07-01), Togo(1968-07-01), Tunisia(1968-07-01), The United Kingdom of Great Britain and Northern Ireland(1968-07-01), The United States of America(1968-07-01), Uruguay(1968-07-01), Venezuela(Bolivarian Republic of)(1968-07-01), Ireland(1968-07-04), Ecuador(1968-07-09), Lesotho(1968-07-09), Jordan(1968-07-10), Cameroon(1968-07-18), Libya(1968-07-23), Canada(1968-07-29), Congo(1968-07-26), Guatemala(1968-07-26), Mexico(1968-07-26), Luxembourg(1968-08-14), Sweden(1968-08-19), Belgium(1968-08-20), Netherlands(1968-08-20), Trinidad and Tobago(1968-08-22), Kuwait(1968-08-22), Madagascar(1968-08-22), Ethiopia(1968-09-05), Maldives(1968-09-11), The Democratic Republic of the Congo(1968-09-17), Yemen(1968-09-23), Gambia(1968-09-24), Sudan(1968-12-24), Italy(1969-01-28), Türkiye(1969-01-28), Jamaica(1969-04-14), Malta(1969-04-17), Eswatini(1969-06-24), Mali(1969-07-15), Burkina Faso(1969-08-11), Switzerland(1969-11-27), Germany(1969-11-28), Japan(1970-02-03), Singapore(1970-02-05), Australia(1970-02-27), Indonesia(1970-03-02)",1.0,1970-03-05,,,191.0,2,1.0,,0.0,Ibid. Article VIII,1.0,0.0,,0,1.0,People's Democratic Republic of Korea(2003-01-11)
185,3.0,nuclear material,,,0,0,0,0,0,0,0,0,0,0,0,0,0,0,0,1,0,0.0,,,Assumed directly upon force given no explicit indication otherwise,0.0,,,nuclear material,1,Category 0 covers natural uranium / depleted uranium / special nuclear materials with civilian nuclear energy uses,1980,Cooperation Agreement between Brazil and Argentina for the Development and Application of Peaceful Uses of Nuclear Energy,Cooperation Agreement between Brazil and Argentina for the Development and Application of Peaceful Uses of Nuclear Energy,"Bilateral, Fissile Material",0.0,,1,3.0,Assumed,1,3.0,1980-05-17,4,,,,"Brazil(1980-05-17), Argentina(1980-05-17)",1.0,1980-05-17,,,,2,,,2.0,,,4.0,"Withdrawal possible after ten years,  six months prior to a subsequent two-year renewal period.",Six months,0.0,
420,3.0,nuclear material,,,0,0,0,0,0,0,0,0,0,0,0,0,0,0,0,1,0,0.0,,,Assumed directly upon force given no explicit indication otherwise,0.0,,,nuclear material,1,Category 0 covers natural uranium / depleted uranium / special nuclear materials with civilian nuclear energy uses,2006,Treaty on a NuclearWeaponFree Zone in Central Asia,Central Asian Nuclear Weapons Free Zones,"NFWZ, Nuclear Weapons",0.0,,1,3.0,"Ibid. Article 1.a),. For the purposes of this Treaty and its Protocol.(a),The Central Asian NuclearWeaponFree Zone includes. the Republic of Kazakhstan, the Kyrgyz Republic, the Republic of Tajikistan, Turkmenistan and the Republic of Uzbekistan.",2,3.0,2006-08-09,0,1.0,2006-09-08,,"Kazakhstan(2006-09-08), Kyrgyzstan(2006-09-08), Tajikistan(2006-09-08), Turkmenistan(2006-09-08), Uzbekistan(2006-09-08)",1.0,2009-03-21,,,5.0,1,0.0,,0.0,"Ibid. Article 17. b),. Decisions on the adoption of such an amendment shall be taken by consensus of the Parties.",0.0,2.0,,2,0.0,
70,3.0,nuclear material,,,0,0,0,0,0,0,0,0,0,0,0,0,0,0,0,1,0,0.0,,,Assumed directly upon force given no explicit indication otherwise,0.0,,,nuclear material,1,Category 0 covers natural uranium / depleted uranium / special nuclear materials with civilian nuclear energy uses,1967,Treaty for the Prohibition of Nuclear Weapons in Latin America and the Caribbean,Treaty of Tlatelolco,"NFWZ, Nuclear Weapons",0.0,,1,3.0,Ibid. Article 4.1. The zone of application of this Treaty is the whole of the territories for which the Treaty is in force.,2,3.0,1967-02-14,0,1.0,1967-02-14,,"Antigua and Barbuda(1983-10-11), Argentina(1967-09-27), Bahamas(1976-11-29), Barbados(1968-10-18), Belize(1992-02-14), Bolivia(Plurinational State of)(1967-02-14), Brazil(1967-05-09), Chile(1967-02-14), Colombia(1967-02-14), Costa Rica(1967-02-14), Cuba(1995-03-25), Dominica(1989-05-02), Dominican Republic(1967-07-28), Ecuador(1967-02-14), El Salvador(1967-02-14), Grenada(1975-04-29), Guatemala(1967-02-14), Guyana(1995-01-16), Haiti(1967-02-14), Honduras(1967-02-14), Jamaica(1967-10-26), Mexico(1967-02-14), Nicaragua(1967-02-15), Panama(1967-02-14), Paraguay(1967-04-26), Peru(1967-02-14), Saint Kitts and Nevis(1994-02-18), Saint Lucia(1992-08-25), Saint Vincent and the Grenadines(1992-02-14), Suriname(1976-02-13), Trinidad and Tobago(1967-06-27), Uruguay(1967-02-14), Venezuela(Bolivarian Republic of)(1967-02-14)",1.0,1967-09-20,,,33.0,1,0.0,,0.0,"Ibid. Article 29. Any Contracting Party may propose amendments to this Treaty and shall submit its proposals to the Council through the General Secretary, who shall transmit them to all the other Contracting Parties and, in addition, to all other signatories in accordance with article 6. The Council, through the General Secretary, shall immediately following the meeting of signatories convene a special session of the General Conference to examine the proposals made, for the adoption of which a twothirds majority of the Contracting Parties present and voting shall be required.",2.0,2.0,,0,0.0,
200,1.0,objects carrying nuclear weapon,,,0,0,0,0,0,1,0,0,0,0,0,0,0,0,0,0,0,0.0,,,Assumed directly upon force given no explicit indication otherwise,0.0,,,objects carrying nuclear weapon,0,Delivery vehicle for nuclear weapons; purely military,1984,Agreement Governing the Activities of States on the Moon and Other Celestial Bodies,Moon Agreement,"Multilateral, Nuclear Weapons",0.0,,0,,,2,3.0,1979-12-18,0,1.0,1979-12-05,,"Chile(1980-01-03), France(1980-01-29), Romania(1980-04-17), Philippines(1980-04-23), Austria(1980-05-21), Morocco(1980-07-25), Guatemala(1980-11-20), Netherlands(1981-01-27), Uruguay(1981-06-01), Peru(1981-06-23), India(1982-01-18)",1.0,1984-07-11,,,18.0,2,0.0,,0.0,ibid. Treaty. Article 17. Any State Party to this Agreement may propose amendments to the Agreement. Amendments shall enter into force for each State Party to the Agreement accepting the amendments upon their acceptance by a majority of the States Parties to the Agreement and thereafter for each remaining State Party to the Agreement on the date of acceptance by it.,1.0,0.0,,2,1.0,Saudi Arabia(2024-01-05)
80,1.0,objects carrying nuclear weapon,,,0,0,0,0,0,1,0,0,0,0,0,0,0,0,0,0,0,0.0,,,Assumed directly upon force given no explicit indication otherwise,0.0,,,objects carrying nuclear weapon,0,Delivery vehicle for nuclear weapons; purely military,1967,"Treaty on Principles Governing the Activities of States in the Exploration and Use of Outer Space, Including the Moon and Other Celestial Bodies",Outer Space Treaty,"Multilateral, Nuclear Weapons",0.0,,0,,,2,3.0,1967-01-27,0,1.0,1967-01-27,,"Afghanistan(1967-01-30), Argentina(1967-04-18), Australia(1967-01-27), Austria(1967-02-20), Belarus(1967-02-10), Belgium(1967-02-02), Bolivia(Plurinational State of)(1967-01-27), Botswana(1967-01-27), Brazil(1967-02-02), Bulgaria(1967-01-27), Burkina Faso(1967-03-03), Burundi(1967-01-27), Cameroon(1967-01-27), Canada(1967-01-27), Central African Republic(1967-01-27), Chile(1967-02-20), Colombia(1967-01-27), Cyprus(1967-02-16), The Democratic Republic of the Congo(1967-05-04), Denmark(1967-01-27), Dominican Republic(1967-01-27), Ecuador(1967-06-07), Egypt(1967-01-27), El Salvador(1967-01-27), Ethiopia(1967-02-10), Finland(1967), France(1967-09-25), Gambia(1967-06-02), Germany(1967-01-27), Ghana(1967-03-03), Greece(1967-01-27), Guyana(1967-02-03), Haiti(1967-01-27), Holy See(1967-04-05), Honduras(1967-01-27), Hungary(1967-01-27), Iceland(1967-01-27), India(1967-03-03), Indonesia(1967-02-14), Iran(1967-01-27), Iraq(1967-03-09), Ireland(1967-01-27), Israel(1967-01-27), Italy(1967-01-27), Jamaica(1967-06-29), Japan(1967-01-27), Jordan(1967-02-02), Lao People's Democratic Republic(1967-02-02), Lebanon(1967-02-23), Lesotho(1967-01-27), Luxembourg(1967-01-27), Malaysia(1967-05-03), Mexico(1967-01-27), Mongolia(1967-01-27), Montenegro(1967-01-27), Myanmar(1967-05-22), Nepal(1967-02-06), Netherlands(1967-02-10), New Zealand(1967-01-27), Nicaragua(1967-02-13), Niger(1967-02-01), Norway(1967-02-03), Pakistan(1967-09-12), Panama(1967-01-27), Peru(1967-05-30), Philippines(1967-04-29), Poland(1967-01-27), Republic of Korea(1967-01-27), Romania(1967-01-27), The Russian Federation(1967-01-27), Rwanda(1967-01-27), San Marino(1967-06-06), Serbia(1967-01-27), Sierra Leone(1967-05-16), Somalia(1967-02-02), South Africa(1967-03-01), Sri Lanka(1967-03-10), Sweden(1967-01-27), Switzerland(1967-01-30), Thailand(1967-01-27), Togo(1967-01-27), Trinidad and Tobago(1967-09-28), Tunisia(1967-02-15), Türkiye(1967-01-27), Ukraine(1967-02-10), The United Kingdom of Great Britain and Northern Ireland(1967-01-27), The United States of America(1967-01-27), Uruguay(1967-01-30), Venezuela(Bolivarian Republic of)(1967-01-27)",1.0,1967-10-10,,,114.0,2,0.0,,0.0,ibid. Treaty. Article XV. Any State Party to the Treaty may propose amendments to this Treaty. Amendments shall enter into force for each State Party to the Treaty accepting the amendments upon their acceptance by a majority of the States Parties to the Treaty and thereafter for each remaining State Party to the Treaty on the date of acceptance by it.,1.0,0.0,,2,0.0,
200,1.0,weapons of mass destruction,,,0,0,0,0,0,1,0,0,0,0,0,0,0,0,0,0,0,0.0,,,Assumed directly upon force given no explicit indication otherwise,0.0,,,weapons of mass destruction,0,Military umbrella term; not a dual-use category,1984,Agreement Governing the Activities of States on the Moon and Other Celestial Bodies,Moon Agreement,"Multilateral, Nuclear Weapons",0.0,,0,,,2,3.0,1979-12-18,0,1.0,1979-12-05,,"Chile(1980-01-03), France(1980-01-29), Romania(1980-04-17), Philippines(1980-04-23), Austria(1980-05-21), Morocco(1980-07-25), Guatemala(1980-11-20), Netherlands(1981-01-27), Uruguay(1981-06-01), Peru(1981-06-23), India(1982-01-18)",1.0,1984-07-11,,,18.0,2,0.0,,0.0,ibid. Treaty. Article 17. Any State Party to this Agreement may propose amendments to the Agreement. Amendments shall enter into force for each State Party to the Agreement accepting the amendments upon their acceptance by a majority of the States Parties to the Agreement and thereafter for each remaining State Party to the Agreement on the date of acceptance by it.,1.0,0.0,,2,1.0,Saudi Arabia(2024-01-05)
80,1.0,weapons of mass destruction,,,0,0,0,0,0,1,0,0,0,0,0,0,0,0,0,0,0,0.0,,,Assumed directly upon force given no explicit indication otherwise,0.0,,,weapons of mass destruction,0,Military umbrella term; not a dual-use category,1967,"Treaty on Principles Governing the Activities of States in the Exploration and Use of Outer Space, Including the Moon and Other Celestial Bodies",Outer Space Treaty,"Multilateral, Nuclear Weapons",0.0,,0,,,2,3.0,1967-01-27,0,1.0,1967-01-27,,"Afghanistan(1967-01-30), Argentina(1967-04-18), Australia(1967-01-27), Austria(1967-02-20), Belarus(1967-02-10), Belgium(1967-02-02), Bolivia(Plurinational State of)(1967-01-27), Botswana(1967-01-27), Brazil(1967-02-02), Bulgaria(1967-01-27), Burkina Faso(1967-03-03), Burundi(1967-01-27), Cameroon(1967-01-27), Canada(1967-01-27), Central African Republic(1967-01-27), Chile(1967-02-20), Colombia(1967-01-27), Cyprus(1967-02-16), The Democratic Republic of the Congo(1967-05-04), Denmark(1967-01-27), Dominican Republic(1967-01-27), Ecuador(1967-06-07), Egypt(1967-01-27), El Salvador(1967-01-27), Ethiopia(1967-02-10), Finland(1967), France(1967-09-25), Gambia(1967-06-02), Germany(1967-01-27), Ghana(1967-03-03), Greece(1967-01-27), Guyana(1967-02-03), Haiti(1967-01-27), Holy See(1967-04-05), Honduras(1967-01-27), Hungary(1967-01-27), Iceland(1967-01-27), India(1967-03-03), Indonesia(1967-02-14), Iran(1967-01-27), Iraq(1967-03-09), Ireland(1967-01-27), Israel(1967-01-27), Italy(1967-01-27), Jamaica(1967-06-29), Japan(1967-01-27), Jordan(1967-02-02), Lao People's Democratic Republic(1967-02-02), Lebanon(1967-02-23), Lesotho(1967-01-27), Luxembourg(1967-01-27), Malaysia(1967-05-03), Mexico(1967-01-27), Mongolia(1967-01-27), Montenegro(1967-01-27), Myanmar(1967-05-22), Nepal(1967-02-06), Netherlands(1967-02-10), New Zealand(1967-01-27), Nicaragua(1967-02-13), Niger(1967-02-01), Norway(1967-02-03), Pakistan(1967-09-12), Panama(1967-01-27), Peru(1967-05-30), Philippines(1967-04-29), Poland(1967-01-27), Republic of Korea(1967-01-27), Romania(1967-01-27), The Russian Federation(1967-01-27), Rwanda(1967-01-27), San Marino(1967-06-06), Serbia(1967-01-27), Sierra Leone(1967-05-16), Somalia(1967-02-02), South Africa(1967-03-01), Sri Lanka(1967-03-10), Sweden(1967-01-27), Switzerland(1967-01-30), Thailand(1967-01-27), Togo(1967-01-27), Trinidad and Tobago(1967-09-28), Tunisia(1967-02-15), Türkiye(1967-01-27), Ukraine(1967-02-10), The United Kingdom of Great Britain and Northern Ireland(1967-01-27), The United States of America(1967-01-27), Uruguay(1967-01-30), Venezuela(Bolivarian Republic of)(1967-01-27)",1.0,1967-10-10,,,114.0,2,0.0,,0.0,ibid. Treaty. Article XV. Any State Party to the Treaty may propose amendments to this Treaty. Amendments shall enter into force for each State Party to the Treaty accepting the amendments upon their acceptance by a majority of the States Parties to the Treaty and thereafter for each remaining State Party to the Treaty on the date of acceptance by it.,1.0,0.0,,2,0.0,
100,1.0,summary category a (nuclear weapons),,,0,0,0,0,0,0,0,0,0,0,0,0,0,1,0,1,0,,,,,,,,summary category a (nuclear weapons),0,Nuclear weapons classification; not dual-use,1971,Agreement on Measures to Reduce the Risk of Outbreak of Nuclear War Between The United States of America and The Union of Soviet Socialist Republics,Accidents Measures Agreement,"Bilateral, Nuclear Weapons",0.0,,0,,,1,2.0,1971-09-30,0,,,9/30/1971,"The Union of Soviet Socialist Republics(1971-09-30), The United States of America(1971-09-30)",1.0,1971-09-30,,,2.0,2,0.0,,2.0,,,3.0,,,0.0,
420001,1.0,summary category a (nuclear weapons),,,0,0,0,0,0,0,0,0,0,0,0,0,0,1,0,1,0,,,,,,,,summary category a (nuclear weapons),0,Nuclear weapons classification; not dual-use,2014,Protocol to the Treaty on a NuclearWeaponFree Zone in Central Asia,(CANWFZ) Protocol I,"NFWZ, Nuclear Weapons",,,1,3.0,Assumed same as primary.,2,3.0,2014-06-05,0,1.0,2014-05-06,,"China(2014-05-06), France(2014-05-06), The Russian Federation(2014-05-06), The United Kingdom of Great Britain and Northern Ireland(2014-05-06), The United States of America(2014-05-06)",1.0,2014-11-21,,,4.0,2,1.0,"France(2014-05-06), The United Kingdom of Great Britain and Northern Ireland(2014-05-06)",0.0,"Ibid. Article 3. Each Party undertakes, by written notification to the Depositary, to indicate its acceptance or otherwise of any alteration to its obligations under this Protocol that may be brought about by the entry into force of amendments to the Treaty pursuant to Article 17 of the Treaty.",,2.0,,2,0.0,
470,1.0,summary category a (nuclear weapons),,,0,0,0,0,0,0,0,0,0,0,0,0,0,1,0,1,0,,,,,,,,summary category a (nuclear weapons),0,Nuclear weapons classification; not dual-use,2017,Treaty on the Prohibition of Nuclear Weapons,TPNW,"Multilateral, Nuclear Weapons",0.0,,0,,,2,3.0,2017-09-20,0,1.0,2017-07-07,,"Algeria(2017-09-20), Angola(2018-09-27), Antigua and Barbuda(2018-09-26), Austria(2017-09-20), Bangladesh(2017-09-20), Barbados(2022-09-22), Belize(2020-02-06), Benin(2018-09-26), Bolivia(Plurinational State of)(2018-04-16), Botswana(2019-09-26), Brazil(2017-09-20), Brunei Darussalam(2018-09-26), Burkina Faso(2022-09-22), Cabo Verde(2017-09-20), Cambodia(2019-01-09), Central African Republic(2017-09-20), Chile(2017-09-20), Colombia(2018-08-03), Comoros(2017-09-20), Congo(2017-09-20), Costa Rica(2017-09-20), Côte d'Ivoire(2017-09-20), Cuba(2017-09-20), The Democratic Republic of the Congo(2017-09-20), Djibouti(2023-01-09), Dominica(2019-09-26), Dominican Republic(2018-06-07), Ecuador(2017-09-20), El Salvador(2017-09-20), Equatorial Guinea(2022-09-22), Fiji(2017-09-20), Gambia(2017-09-20), Ghana(2017-09-20), Grenada(2019-09-26), Guatemala(2017-09-20), Guinea Bissau(2018-09-26), Guyana(2017-09-20), Haiti(2022-09-22), Holy See(2017-09-20), Honduras(2017-09-20), Indonesia(2017-09-20), Ireland(2017-09-20), Jamaica(2017-12-08), Kazakhstan(2018-03-02), Kiribati(2017-09-20), Lao People's Democratic Republic(2017-09-21), Lesotho(2019-09-26), Libya(2017-09-20), Liechtenstein(2017-09-20), Madagascar(2017-09-20), Malawi(2017-09-20), Malaysia(2017-09-20), Maldives(2019-09-26), Malta(2020-08-25), Mexico(2017-09-20), Mozambique(2020-08-18), Myanmar(2018-09-26), Namibia(2017-12-08), Nauru(2019-11-22), Nepal(2017-09-20), New Zealand(2017-09-20), Nicaragua(2017-09-22), Niger(2020-12-09), Nigeria(2017-09-20), Palau(2017-09-20), Panama(2017-09-20), Paraguay(2017-09-20), Peru(2017-09-20), Philippines(2017-09-20), Samoa(2017-09-20), San Marino(2017-09-20), Sao Tome and Principe(2017-09-20), Seychelles(2018-09-26), Sierra Leone(2022-09-22), South Africa(2017-09-20), Saint Kitts and Nevis(2019-09-26), Saint Lucia(2018-09-27), Saint Vincent and the Grenadines(2017-12-08), State of Palestine(2017-09-20), Sudan(2020-07-22), Thailand(2017-09-20), Timor Leste(2018-09-26), Togo(2017-09-20), Trinidad and Tobago(2019-09-26), Tuvalu(2017-09-20), Tanzania(2019-09-26), Uruguay(2017-09-20), Vanuatu(2017-09-20), Venezuela(Bolivarian Republic of)(2017-09-20), Viet Nam(2017-09-22), Zambia(2019-09-26), Zimbabwe(2020-12-04)",1.0,2021-01-22,,,70.0,0,0.0,,0.0,"At any time after the entry into force of this Treaty, any State Party may propose amendments to the Treaty. United Nations General Assembly. Treaty on the Prohibition of Nuclear Weapons (2017),. Article 10. https.//documentsddsny.un.org/doc/UNDOC/GEN/N17/209/73/PDF/N1720973.pdf?OpenElement.",2.0,0.0,,1,0.0,
110,1.0,other weapons of mass destruction,,,0,0,0,0,0,0,0,0,0,0,0,0,0,0,0,0,0,0.0,,,Assumed directly upon force given no explicit indication otherwise,0.0,,,other weapons of mass destruction,0,Military classification; not dual-use,1971,Treaty on the Prohibition of the Emplacement of Nuclear Weapons and Other Weapons of Mass Destruction on the Seabed and Ocean Floor and in the Subsoil Thereof,Seabed Treaty,"Multilateral, Nuclear Weapons",0.0,,0,,,2,3.0,1971-05-18,0,1.0,1971-02-11,,"Afghanistan(1971-02-11), Argentina(1971-09-03), Australia(1971-02-11), Austria(1971-02-11), Belarus(1971-03-03), Belgium(1971-02-11), Benin(1971-03-18), Bolivia(Plurinational State of)(1971-02-11), Botswana(1971-02-11), Brazil(1971-09-03), Bulgaria(1971-02-11), Burundi(1971-02-11), Cambodia(1971-02-11), Cameroon(1971-11-11), Canada(1971-02-11), Central African Republic(1971-02-11), Colombia(1971-02-11), Costa Rica(1971-02-11), Cyprus(1971-02-11), Denmark(1971-02-11), Dominican Republic(1971-02-11), Equatorial Guinea(1971-06-04), Eswatini(1971-02-11), Ethiopia(1971-02-11), Finland(1971-02-11), Gambia(1971-10-29), Germany(1971-06-08), Ghana(1971-02-11), Greece(1971-02-11), Guatemala(1971-02-11), Guinea(1971-02-11), Honduras(1971-02-11), Hungary(1971-02-11), Iceland(1971-02-11), Iran(1971-02-11), Iraq(1971-02-22), Ireland(1971-02-11), Italy(1971-02-11), Jamaica(1971-10-14), Japan(1971-02-11), Jordan(1971-02-11), Lao People's Democratic Republic(1971-02-15), Lebanon(1971-02-11), Lesotho(1971-09-08), Liberia(1971-02-11), Luxembourg(1971-02-11), Madagascar(1971-09-14), Malaysia(1971-05-20), Mali(1971-02-15), Malta(1971-02-11), Mauritius(1971-02-11), Mongolia(1971-02-11), Morocco(1971-02-18), Myanmar(1971-02-11), Nepal(1971-02-24), Netherlands(1971-02-11), New Zealand(1971-02-11), Nicaragua(1971-02-11), Niger(1971-02-11), Norway(1971-02-11), Panama(1971-02-11), Paraguay(1971-02-23), Poland(1971-02-11), Republic of Korea(1971-02-11), Romania(1971-02-11), The Russian Federation(1971-02-11), Rwanda(1971-02-11), Saudi Arabia(1972-01-07), Senegal(1971-03-17), Sierra Leone(1971-02-24), Singapore(1971-05-05), South Africa(1971-02-11), Sudan(1971-02-12), Sweden(1971-02-11), Switzerland(1971-02-11), Togo(1971-04-02), Tunisia(1971-02-11), Türkiye(1971-02-25), Ukraine(1971-03-03), The United Kingdom of Great Britain and Northern Ireland(1971-02-11), Tanzania(1971-02-11), The United States of America(1971-02-11), Uruguay(1971-02-11), Yemen(1971-02-23)",1.0,1972-05-18,,,94.0,2,1.0,,0.0,"ibid. Treaty. Article VI. Any State Party may propose amendments to this Treaty. Amendments shall enter into force for each State Party accepting the amendments upon their acceptance by a majority of the States Parties to the Treaty and, thereafter, for each remaining State Party on the date of acceptance by it.",1.0,0.0,,0,0.0,
120,1.0,ship,"Naval auxiliaries of the Parties, which include all naval ships authorized to fly the naval auxiliary flag where such a flag has been established by either Party. | Ship means Naval auxiliaries of the Parties, which include all naval ships authorized to fly the naval auxiliary flag where such a flag has been established by either Party.","Agreement Between the Government of The United States of America and the Government of The Union of Soviet Socialist Republics on the Prevention of Incidents On and Over the High Seas. Article 1:1: Ship means:(b) Naval auxiliaries of the Parties, which include all naval ships authorized to fly the naval auxiliary flag where such a flag has been established by either Party. | Ibid. Article 1:1: Ship means:(b) Naval auxiliaries of the Parties, which include all naval ships authorized to fly the naval auxiliary flag where such a flag has been established by either Party.",0,0,0,0,0,0,0,0,0,0,0,0,0,0,0,1,0,0.0,,,Assumed directly upon force given no explicit indication otherwise,0.0,,,ship,0,General ships not in dual-use list; specialized marine systems are but not this category,1972,Agreement Between the Government of The United States of America and the Government of The Union of Soviet Socialist Republics on the Prevention of Incidents On and Over the High Seas,Incidents at Sea Agreement,"Multilateral, Conventional Weapons",0.0,,0,,,1,2.0,1972-05-25,0,,,5/25/1972,"The Union of Soviet Socialist Republics(1972-05-25), The United States of America(1972-05-25)",1.0,1972-05-25,,,2.0,2,0.0,,2.0,,,0.0,,1,0.0,
120001,1.0,ship,"Naval auxiliaries of the Parties, which include all naval ships authorized to fly the naval auxiliary flag where such a flag has been established by either Party. | Ship means Naval auxiliaries of the Parties, which include all naval ships authorized to fly the naval auxiliary flag where such a flag has been established by either Party.","Agreement Between the Government of The United States of America and the Government of The Union of Soviet Socialist Republics on the Prevention of Incidents On and Over the High Seas. Article 1:1: Ship means:(b) Naval auxiliaries of the Parties, which include all naval ships authorized to fly the naval auxiliary flag where such a flag has been established by either Party. | Ibid. Article 1:1: Ship means:(b) Naval auxiliaries of the Parties, which include all naval ships authorized to fly the naval auxiliary flag where such a flag has been established by either Party.",0,0,0,0,0,0,0,0,0,0,0,0,0,0,0,1,0,0.0,,,Assumed directly upon force given no explicit indication otherwise,0.0,,,ship,0,General ships not in dual-use list; specialized marine systems are but not this category,1973,"Protocol to the Agreement Between the Government of The United States of America and the Government of The Union of Soviet Socialist Republics on the Prevention of Incidents On and Over the High Seas Signed May 25, 1972",High Seas Protocol I,"Multilateral, Conventional Weapons",,,0,,,1,2.0,1973-05-22,0,,,5/22/1973,"The Union of Soviet Socialist Republics(1973-05-22), The United States of America(1973-05-22)",1.0,1973-05-22,,,2.0,2,0.0,,2.0,,,0.0,,1,0.0,
120,1.0,submarine,Submarines are all vessels designed to operate below the surface of the sea.,Ibid. Article I:B:4: Submarines are all vessels designed to operate below the surface of the sea.,0,0,0,0,0,0,0,0,0,0,0,0,0,0,0,1,0,0.0,,,Assumed directly upon force given no explicit indication otherwise,0.0,,,submarine,0,Military submarines are on military goods list; civilian research submersibles are separate,1972,Agreement Between the Government of The United States of America and the Government of The Union of Soviet Socialist Republics on the Prevention of Incidents On and Over the High Seas,Incidents at Sea Agreement,"Multilateral, Conventional Weapons",0.0,,0,,,1,2.0,1972-05-25,0,,,5/25/1972,"The Union of Soviet Socialist Republics(1972-05-25), The United States of America(1972-05-25)",1.0,1972-05-25,,,2.0,2,0.0,,2.0,,,0.0,,1,0.0,
301,1.0,submarine,Submarines are all vessels designed to operate below the surface of the sea.,Ibid. Article I:B:4: Submarines are all vessels designed to operate below the surface of the sea.,0,0,0,0,0,0,0,0,0,0,0,0,0,0,0,1,0,0.0,,,Assumed directly upon force given no explicit indication otherwise,0.0,,,submarine,0,Military submarines are on military goods list; civilian research submersibles are separate,1930,Treaty for the Limitation and Reduction of Naval Armament,London Naval Treaty,"Multilateral, Conventional Weapons",0.0,,0,,,2,3.0,1930-04-22,3,99.0,,,"Commonwealth of Australia(1930-04-22), Dominion of Canada(1930-04-22), Dominion of New Zealand(1930-04-22), India(1930-04-22), Irish Free State(1930-04-22), Japan(1930-04-22), South Africa(1930-04-22), The United Kingdom of Great Britain and Northern Ireland(1930-04-22), The United States of America(1930-04-22)",1.0,1930-10-27,,,9.0,2,0.0,,2.0,,,3.0,,,0.0,
302,1.0,submarine,Submarines are all vessels designed to operate below the surface of the sea.,Ibid. Article I:B:4: Submarines are all vessels designed to operate below the surface of the sea.,0,0,0,0,0,0,0,0,0,0,0,0,0,0,0,1,0,0.0,,,Assumed directly upon force given no explicit indication otherwise,0.0,,,submarine,0,Military submarines are on military goods list; civilian research submersibles are separate,1936,"Treaty betweenThe British Empire, The United States of America, and France, for the Limitation of Naval Armaments","Second London Naval Treaty, The 1936 London Naval Treaty","Multilateral, Conventional Weapons",0.0,,0,,,2,3.0,1936-05-25,5,99.0,,,"France(1936-03-25),The United Kingdom of Great Britain and Northern Ireland(1936-03-25), The United States of America(1936-03-25)",0.0,,,,,2,0.0,,0.0,"Ibid. Article XXIV. On the cessation of hostilities, the High Contracting Parties shall consult together with a view to fixing a date upon which the obligations of the Treaty which have been suspended shall again become operative, and to agreeing upon any amendments in the present Treaty which may be considered necessary.",5.0,3.0,,,0.0,
120,1.0,aircraft,"Aircraft means all military manned heavier than air and lighter than air craft, excluding space craft | All military manned heavier than air and lighter than air craft, excluding space craft.","Agreement Between the Government of The United States of America and the Government of The Union of Soviet Socialist Republics on the Prevention of Incidents On and Over the High Seas. Article 1:2: Aircraft means all military manned heavier than air and lighter than air craft, excluding space craft. | Ibid. Article 1:2: Aircraft means all military manned heavier than air and lighter than air craft, excluding space craft.",0,0,0,0,0,0,0,0,0,0,0,0,0,0,0,1,0,0.0,,,Assumed directly upon force given no explicit indication otherwise,0.0,,,aircraft,0,Combat aircraft are on military goods list; dual-use list covers specific aerospace technology not this category,1972,Agreement Between the Government of The United States of America and the Government of The Union of Soviet Socialist Republics on the Prevention of Incidents On and Over the High Seas,Incidents at Sea Agreement,"Multilateral, Conventional Weapons",0.0,,0,,,1,2.0,1972-05-25,0,,,5/25/1972,"The Union of Soviet Socialist Republics(1972-05-25), The United States of America(1972-05-25)",1.0,1972-05-25,,,2.0,2,0.0,,2.0,,,0.0,,1,0.0,
120001,1.0,aircraft,"Aircraft means all military manned heavier than air and lighter than air craft, excluding space craft | All military manned heavier than air and lighter than air craft, excluding space craft.","Agreement Between the Government of The United States of America and the Government of The Union of Soviet Socialist Republics on the Prevention of Incidents On and Over the High Seas. Article 1:2: Aircraft means all military manned heavier than air and lighter than air craft, excluding space craft. | Ibid. Article 1:2: Aircraft means all military manned heavier than air and lighter than air craft, excluding space craft.",0,0,0,0,0,0,0,0,0,0,0,0,0,0,0,1,0,0.0,,,Assumed directly upon force given no explicit indication otherwise,0.0,,,aircraft,0,Combat aircraft are on military goods list; dual-use list covers specific aerospace technology not this category,1973,"Protocol to the Agreement Between the Government of The United States of America and the Government of The Union of Soviet Socialist Republics on the Prevention of Incidents On and Over the High Seas Signed May 25, 1972",High Seas Protocol I,"Multilateral, Conventional Weapons",,,0,,,1,2.0,1973-05-22,0,,,5/22/1973,"The Union of Soviet Socialist Republics(1973-05-22), The United States of America(1973-05-22)",1.0,1973-05-22,,,2.0,2,0.0,,2.0,,,0.0,,1,0.0,
130,3.0,microbial/other biological agent,,,0,0,0,0,0,0,0,0,0,1,1,1,0,1,1,0,0,1.0,Nine months,,"Ibid. Article II. Each State Party to this Convention undertakes to destroy, or to divert to peaceful purposes, as soon as possible but not later than nine months after the entry into force of the Convention, all agents, toxins, weapons, equipment and means of delivery specified in Article I of the Convention, which are in its possession or under its jurisdiction or control. In implementing the provisions of this Article all necessary safety precautions shall be observed to protect populations and the environment.",0.0,,,microbial/other biological agent,1,1C351 â biological agents (pathogens) controlled as dual-use due to research/medical applications,1972,"Convention on the Prohibition of the Development, Production, and Stockpiling of Bacteriological (Biological),and Toxin Weapons and on Their Destruction (BTWC),",BWC,"Multilateral, Biological Weapons",0.0,,0,,,2,3.0,1972-04-10,0,1.0,1972-04-10,,"Afghanistan(1972-04-10), Argentina(1972-08-07), Australia(1972-04-10), Austria(1972-04-10), Belarus(1972-04-10), Belgium(1972-04-10), Benin(1972-04-10), Bolivia(Plurinational State of)(1972-04-10), Botswana(1972-04-10), Brazil(1972-04-10), Chile(1972-04-10), Colombia(1972-04-10), Costa Rica(1972-04-10), Côte d'Ivoire(1972-05-23), Cuba(1972-04-12), Cyprus(1972-04-10), The Democratic Republic of the Congo(1972-04-10), Denmark(1972-04-10), Dominican Republic(1972-04-10), Ecuador(1972-06-14), Egypt(1972-04-10), El Salvador(1972-04-10), Ethiopia(1972-04-10), Fiji(1973-02-22), Finland(1972-04-10), Gabon(1972-04-10), Gambia(1972-11-09), Germany(1972-04-10), Ghana(1972-04-10), Greece(1972-04-14), Guatemala(1972-05-09), Hungary(1972-04-10), Iceland(1972-04-10), India(1973-01-15), Indonesia(1972-06-21), Iran(1972-11-16), Iraq(1972-05-11), Ireland(1972-04-10), Italy(1972-04-10), Japan(1972-04-10), Jordan(1972-04-24), Netherlands(1972-04-10), Kuwait(1972-04-27), Lao People's Democratic Republic(1972-04-10), Lebanon(1972-04-21), Lesotho(1972-04-10), Liberia(1972-04-14), Libya(1972-04-10), Luxembourg(1972-04-12), Madagascar(1972-10-13), Malawi(1972-04-10), Malaysia(1972-04-10), Mauritius(1972-04-10), Mexico(1972-04-10), Mongolia(1972-04-10), Myanmar(1972-04-10), Nepal(1972-04-10), New Zealand(1972-04-10), Nicaragua(1972-04-10), Niger(1972-04-21), Nigeria(1972-12-06), Norway(1972-04-10), Pakistan(1972-04-10), Panama(1972-05-02), Peru(1972-04-10), Philippines(1972-06-21), Poland(1972-04-10), Portugal(1972-06-29), Qatar(1972-11-14), Romania(1972-04-10), The Russian Federation(1972-04-10), Rwanda(1972-04-10), San Marino(1973-03-21), Saudi Arabia(1972-04-12), Senegal(1972-04-10), Sierra Leone(1972-11-24), Singapore(1972-06-19), Somalia(1972-07-03), South Africa(1972-04-10), Republic of Korea(1972-04-10), Spain(1972-04-10), Sri Lanka(1972-04-10), Sweden(1975-02-27), Switzerland(1972-04-10), Syria(1972-04-14), Tanzania(1972-08-16), Thailand(1973-01-17), Togo(1972-04-10), Tunisia(1972-04-10), Türkiye (1972-04-10), Ukraine(1972-04-10), United Arab Emirates(1972-09-28), The United Kingdom of Great Britain and Northern Ireland(1972-04-10), The United States of America(1972-04-10), Venezuela(Bolivarian Republic of)(1972-04-10), Viet Nam(1972-04-10), Yemen(1972-05-10)",1.0,1975-03-26,,,185.0,2,1.0,,0.0,Ibid. Article XI.,1.0,2.0,,0,0.0,
130,3.0,toxin,,,0,0,0,0,0,0,0,0,0,1,1,1,0,1,1,0,0,1.0,Nine months,,"Ibid. Article II. Each State Party to this Convention undertakes to destroy, or to divert to peaceful purposes, as soon as possible but not later than nine months after the entry into force of the Convention, all agents, toxins, weapons, equipment and means of delivery specified in Article I of the Convention, which are in its possession or under its jurisdiction or control. In implementing the provisions of this Article all necessary safety precautions shall be observed to protect populations and the environment.",0.0,,,toxin,1,1C351.d and 1C350 â toxins controlled as dual-use; many have legitimate medical/research uses,1972,"Convention on the Prohibition of the Development, Production, and Stockpiling of Bacteriological (Biological),and Toxin Weapons and on Their Destruction (BTWC),",BWC,"Multilateral, Biological Weapons",0.0,,0,,,2,3.0,1972-04-10,0,1.0,1972-04-10,,"Afghanistan(1972-04-10), Argentina(1972-08-07), Australia(1972-04-10), Austria(1972-04-10), Belarus(1972-04-10), Belgium(1972-04-10), Benin(1972-04-10), Bolivia(Plurinational State of)(1972-04-10), Botswana(1972-04-10), Brazil(1972-04-10), Chile(1972-04-10), Colombia(1972-04-10), Costa Rica(1972-04-10), Côte d'Ivoire(1972-05-23), Cuba(1972-04-12), Cyprus(1972-04-10), The Democratic Republic of the Congo(1972-04-10), Denmark(1972-04-10), Dominican Republic(1972-04-10), Ecuador(1972-06-14), Egypt(1972-04-10), El Salvador(1972-04-10), Ethiopia(1972-04-10), Fiji(1973-02-22), Finland(1972-04-10), Gabon(1972-04-10), Gambia(1972-11-09), Germany(1972-04-10), Ghana(1972-04-10), Greece(1972-04-14), Guatemala(1972-05-09), Hungary(1972-04-10), Iceland(1972-04-10), India(1973-01-15), Indonesia(1972-06-21), Iran(1972-11-16), Iraq(1972-05-11), Ireland(1972-04-10), Italy(1972-04-10), Japan(1972-04-10), Jordan(1972-04-24), Netherlands(1972-04-10), Kuwait(1972-04-27), Lao People's Democratic Republic(1972-04-10), Lebanon(1972-04-21), Lesotho(1972-04-10), Liberia(1972-04-14), Libya(1972-04-10), Luxembourg(1972-04-12), Madagascar(1972-10-13), Malawi(1972-04-10), Malaysia(1972-04-10), Mauritius(1972-04-10), Mexico(1972-04-10), Mongolia(1972-04-10), Myanmar(1972-04-10), Nepal(1972-04-10), New Zealand(1972-04-10), Nicaragua(1972-04-10), Niger(1972-04-21), Nigeria(1972-12-06), Norway(1972-04-10), Pakistan(1972-04-10), Panama(1972-05-02), Peru(1972-04-10), Philippines(1972-06-21), Poland(1972-04-10), Portugal(1972-06-29), Qatar(1972-11-14), Romania(1972-04-10), The Russian Federation(1972-04-10), Rwanda(1972-04-10), San Marino(1973-03-21), Saudi Arabia(1972-04-12), Senegal(1972-04-10), Sierra Leone(1972-11-24), Singapore(1972-06-19), Somalia(1972-07-03), South Africa(1972-04-10), Republic of Korea(1972-04-10), Spain(1972-04-10), Sri Lanka(1972-04-10), Sweden(1975-02-27), Switzerland(1972-04-10), Syria(1972-04-14), Tanzania(1972-08-16), Thailand(1973-01-17), Togo(1972-04-10), Tunisia(1972-04-10), Türkiye (1972-04-10), Ukraine(1972-04-10), United Arab Emirates(1972-09-28), The United Kingdom of Great Britain and Northern Ireland(1972-04-10), The United States of America(1972-04-10), Venezuela(Bolivarian Republic of)(1972-04-10), Viet Nam(1972-04-10), Yemen(1972-05-10)",1.0,1975-03-26,,,185.0,2,1.0,,0.0,Ibid. Article XI.,1.0,2.0,,0,0.0,
130,1.0,weapons and equipment and means of delivery for agreement-restricted toxins and agent,,,0,0,0,0,0,0,0,0,0,1,1,1,0,1,1,0,0,1.0,Nine months,,"Ibid. Article II. Each State Party to this Convention undertakes to destroy, or to divert to peaceful purposes, as soon as possible but not later than nine months after the entry into force of the Convention, all agents, toxins, weapons, equipment and means of delivery specified in Article I of the Convention, which are in its possession or under its jurisdiction or control. In implementing the provisions of this Article all necessary safety precautions shall be observed to protect populations and the environment.",0.0,,,weapons and equipment and means of delivery for agreement-restricted toxins and agent,0,Weapons delivery category; the weapons/delivery aspect is military not dual-use,1972,"Convention on the Prohibition of the Development, Production, and Stockpiling of Bacteriological (Biological),and Toxin Weapons and on Their Destruction (BTWC),",BWC,"Multilateral, Biological Weapons",0.0,,0,,,2,3.0,1972-04-10,0,1.0,1972-04-10,,"Afghanistan(1972-04-10), Argentina(1972-08-07), Australia(1972-04-10), Austria(1972-04-10), Belarus(1972-04-10), Belgium(1972-04-10), Benin(1972-04-10), Bolivia(Plurinational State of)(1972-04-10), Botswana(1972-04-10), Brazil(1972-04-10), Chile(1972-04-10), Colombia(1972-04-10), Costa Rica(1972-04-10), Côte d'Ivoire(1972-05-23), Cuba(1972-04-12), Cyprus(1972-04-10), The Democratic Republic of the Congo(1972-04-10), Denmark(1972-04-10), Dominican Republic(1972-04-10), Ecuador(1972-06-14), Egypt(1972-04-10), El Salvador(1972-04-10), Ethiopia(1972-04-10), Fiji(1973-02-22), Finland(1972-04-10), Gabon(1972-04-10), Gambia(1972-11-09), Germany(1972-04-10), Ghana(1972-04-10), Greece(1972-04-14), Guatemala(1972-05-09), Hungary(1972-04-10), Iceland(1972-04-10), India(1973-01-15), Indonesia(1972-06-21), Iran(1972-11-16), Iraq(1972-05-11), Ireland(1972-04-10), Italy(1972-04-10), Japan(1972-04-10), Jordan(1972-04-24), Netherlands(1972-04-10), Kuwait(1972-04-27), Lao People's Democratic Republic(1972-04-10), Lebanon(1972-04-21), Lesotho(1972-04-10), Liberia(1972-04-14), Libya(1972-04-10), Luxembourg(1972-04-12), Madagascar(1972-10-13), Malawi(1972-04-10), Malaysia(1972-04-10), Mauritius(1972-04-10), Mexico(1972-04-10), Mongolia(1972-04-10), Myanmar(1972-04-10), Nepal(1972-04-10), New Zealand(1972-04-10), Nicaragua(1972-04-10), Niger(1972-04-21), Nigeria(1972-12-06), Norway(1972-04-10), Pakistan(1972-04-10), Panama(1972-05-02), Peru(1972-04-10), Philippines(1972-06-21), Poland(1972-04-10), Portugal(1972-06-29), Qatar(1972-11-14), Romania(1972-04-10), The Russian Federation(1972-04-10), Rwanda(1972-04-10), San Marino(1973-03-21), Saudi Arabia(1972-04-12), Senegal(1972-04-10), Sierra Leone(1972-11-24), Singapore(1972-06-19), Somalia(1972-07-03), South Africa(1972-04-10), Republic of Korea(1972-04-10), Spain(1972-04-10), Sri Lanka(1972-04-10), Sweden(1975-02-27), Switzerland(1972-04-10), Syria(1972-04-14), Tanzania(1972-08-16), Thailand(1973-01-17), Togo(1972-04-10), Tunisia(1972-04-10), Türkiye (1972-04-10), Ukraine(1972-04-10), United Arab Emirates(1972-09-28), The United Kingdom of Great Britain and Northern Ireland(1972-04-10), The United States of America(1972-04-10), Venezuela(Bolivarian Republic of)(1972-04-10), Viet Nam(1972-04-10), Yemen(1972-05-10)",1.0,1975-03-26,,,185.0,2,1.0,,0.0,Ibid. Article XI.,1.0,2.0,,0,0.0,
430,1.0,cluster munition,,,1,0,1,0,0,0,1,1,0,0,0,0,0,0,0,0,0,0.0,,,Assumed directly upon force given no explicit indication otherwise,0.0,,,cluster munition,0,Prohibited weapon; no civilian use; not in dual-use list,2008,Convention on Cluster Munitions,CCM,"Multilateral, Conventional Weapons",0.0,,0,,,2,3.0,2008-12-03,0,1.0,2008-05-30,,"Afghanistan(2008-12-03), Albania(2008-12-03), Angola(2008-12-03), Antigua and Barbuda(2010-07-16), Australia(2008-12-03), Austria(2008-12-03), Belgium(2008-12-03), Benin(2008-12-03), Bolivia(Plurinational State of)(2008-12-03), Bosnia and Herzegovina(2008-12-03), Botswana(2008-12-03), Bulgaria(2008-12-03), Burkina Faso(2008-12-03), Burundi(2008-12-03), Cabo Verde(2008-12-03), Cameroon(2009-12-15), Canada(2008-12-03), Central African Republic(2008-12-03), Chad(2008-12-03), Chile(2008-12-03), Colombia(2008-12-03), Comoros(2008-12-03), Congo(2008-12-03), Cook Islands(2008-12-03), Costa Rica(2008-12-03), Cote d'Ivoire(2008-12-04), Croatia(2008-12-03), Cyprus(2009-09-23), Czech Republic(2008-12-03), The Democratic Republic of the Congo(2009-03-18), Denmark(2008-12-03), Djibouti(2010-07-30), Dominican Republic(2009-11-10), Ecuador(2008-12-03), El Salvador(2008-12-03), Fiji(2008-12-03), France(2008-12-03), Gambia(2008-12-03), Germany(2008-12-03), Ghana(2008-12-03), Guatemala(2008-12-03), Guinea(2008-12-03), Guinea Bissau(2008-12-04), Haiti(2009-10-28), Holy See(2008-12-03), Honduras(2008-12-03), Hungary(2008-12-03), Iceland(2008-12-03), Indonesia(2008-12-03), Iraq(2009-11-12), Ireland(2008-12-03), Italy(2008-12-03), Jamaica(2009-06-12), Japan(2008-12-03), Kenya(2008-12-03), Lao People's Democratic Republic (2008-12-03), Lebanon (2008-12-03), Lesotho (2008-12-03), Liberia(2008-12-03), Liechtenstein(2008-12-03), Lithuania(2008-12-03), Luxembourg(2008-12-03), Madagascar(2008-12-03), Malawi(2008-12-03), Mali(2008-12-03), Malta(2008-12-03), Mauritania(2010-04-19), Mexico(2008-12-03), Monaco(2008-12-03), Montenegro(2008-12-03), Mozambique(2008-12-03), Namibia(2008-12-03), Nauru(2008-12-03), Netherlands(2008-12-03), New Zealand(2008-12-03), Nicaragua(2008-12-03), Niger(2008-12-03), Nigeria(2009-06-12), North Macedonia(2008-12-03), Norway(2008-12-03), Palau(2008-12-03), Panama(2008-12-03), Paraguay(2008-12-03), Peru(2008-12-03), Philippines(2008-12-03), Portugal(2008-12-03), Moldova(2008-12-03), Rwanda(2008-12-03), Saint Vincent and the Grenadines(2009-09-23), Samoa(2008-12-03), San Marino(2008-12-03), Sao Tome and Principe(2008-12-03), Senegal(2008-12-03), Seychelles(2010-04-13), Sierra Leone(2008-12-03), Slovenia(2008-12-03), Somalia(2008-12-03), South Africa(2008-12-03), Spain(2008-12-03), Sweden(2008-12-03), Switzerland(2008-12-03), Togo(2008-12-03), Tunisia(2009-01-12), Uganda(2008-12-03), The United Kingdom of Great Britain and Northern Ireland(2008-12-03), Tanzania(2008-12-03), Uruguay(2008-12-03), Zambia(2008-12-03)",1.0,2010-08-01,,,111.0,0,0.0,,0.0,"At any time after its entry into force any State Party may propose amendmentsto this ConventionConvention on Cluster Munitions, 30 May 2008. Article 13, Paragraph 1. https.//www.clusterconvention.org/files/convention_text/ConventionENG.pdf.",1.0,0.0,,1,0.0,
1403,1.0,icbm,"ICBMs which have a launch weight greater or a throw weight greater than that of the heaviest, in terms of either launch weight or throw weight, respectively, of the light ICBMs deployed by either Party as of the date of signature of this Treaty(The launch weight of an ICBM is the weight of the fully loaded missile itself at the time of launch). 2) The throw weight of an ICBM is the sum of the weight of:(a) its reentry vehicle or reentry vehicles;(b) any self contained dispensing mechanisms or other appropriate devices for targeting one reentry vehicle, or for releasing or for dispensing and targeting two or more reentry vehicles; and (c) its penetration aids, including devices for their release. 3) The term other appropriate devices, as used in the definition of the throw weight of an ICBM in the Second Agreed Statement to paragraph 7 of Article II of the Treaty, means any devices for dispensing and targeting two or more reentry vehicles; and any devices for releasing two or more reentry vehicles or for targeting one reentry vehicle, which cannot provide their reentry vehicles or reentry vehicle with additional velocity of more than 1,000 meters per second. | The term deployed ICBM means an ICBM that is contained in or on a deployed launcher of ICBMs. The term intercontinental ballistic missile or ICBM means a land based ballistic missile with a range in excess of 5500 kilometers. The term non deployed ICBM means an ICBM not contained in a deployed launcher of ICBMs or on a deployed launcher of ICBMs. | The term intercontinental ballistic missile (ICBM) means a land based ballistic missile with a range in excess of 5,500 kilometers","Definitions for START I. ASD(a). Definitions Annex  Strategic Arms Reduction Talks (START) Treaty. Acquisition Office of the Assistant Secretary of Defense. Accessed September 8, 2023. https://www.acq.osd.mil/asda/ssipm/sdc/tc/start1/START1 annex definitions.html. Paragraph 54. | Ibid. Article II:7: Heavy ICBMs are ICBMs which have a launch weight greater or a throw weight greater than that of the heaviest, in terms of either launch weight or throw weight, respectively, of the light ICBMs deployed by either Party as of the date of signature of this Treaty. First Agreed Statement: The launch weight of an ICBM is the weight of the fully loaded missile itself at the time of launch. Second Agreed Sattement: The throw weight of an ICBM is the sum of the weight of:(a) its reentry vehicle or reentry vehicles;(b) any self contained dispensing mechanisms or other appropriate devices for targeting one reentry vehicle, or for releasing or for dispensing and targeting two or more reentry vehicles; and (c) its penetration aids, including devices for their release. Common Understanding: The term other appropriate devices, as used in the definition of the throw weight of an ICBM in the Second Agreed Statement to paragraph 7 of Article II of the Treaty, means any devices for dispensing and targeting two or more reentry vehicles; and any devices for releasing two or more reentry vehicles or for targeting one reentry vehicle, which cannot provide their reentry vehicles or reentry vehicle with additional velocity of more than 1,000 meters per second. | ibid.   Protocol: Part One, 13 The term deployed ICBM means an ICBM that is contained in or on a deployed launcher of ICBMs., 37 The term intercontinental ballistic missile or ICBM means a land based ballistic missile with a range in excess of 5500 kilometers., 48 The term non deployed ICBM means an ICBM not contained in a deployed launcher of ICBMs or on a deployed launcher of ICBMs.",0,0,0,0,0,0,0,0,0,0,0,0,0,0,0,1,0,0.0,,,Assumed directly upon force given no explicit indication otherwise,0.0,,,icbm,0,Strategic nuclear delivery system; purely military,1979,Treaty Between The United States of America and The Union of Soviet Socialist Republics on the Limitation of Strategic Offensive Arms,SALT II,"Bilateral, Nuclear Weapons",0.0,,0,,,1,3.0,1979-06-18,4,,,,"The Union of Soviet Socialist Republics(1979-06-18), The United States of America(1979-06-18)",0.0,,,,,2,0.0,,0.0,Ibid. Article XVIII. Each Party may propose amendments to this Treaty. Agreed amendments shall enter into force in accordance with the procedures governing the entry into force of this Treaty.,0.0,2.0,,1,,
250,1.0,icbm,"ICBMs which have a launch weight greater or a throw weight greater than that of the heaviest, in terms of either launch weight or throw weight, respectively, of the light ICBMs deployed by either Party as of the date of signature of this Treaty(The launch weight of an ICBM is the weight of the fully loaded missile itself at the time of launch). 2) The throw weight of an ICBM is the sum of the weight of:(a) its reentry vehicle or reentry vehicles;(b) any self contained dispensing mechanisms or other appropriate devices for targeting one reentry vehicle, or for releasing or for dispensing and targeting two or more reentry vehicles; and (c) its penetration aids, including devices for their release. 3) The term other appropriate devices, as used in the definition of the throw weight of an ICBM in the Second Agreed Statement to paragraph 7 of Article II of the Treaty, means any devices for dispensing and targeting two or more reentry vehicles; and any devices for releasing two or more reentry vehicles or for targeting one reentry vehicle, which cannot provide their reentry vehicles or reentry vehicle with additional velocity of more than 1,000 meters per second. | The term deployed ICBM means an ICBM that is contained in or on a deployed launcher of ICBMs. The term intercontinental ballistic missile or ICBM means a land based ballistic missile with a range in excess of 5500 kilometers. The term non deployed ICBM means an ICBM not contained in a deployed launcher of ICBMs or on a deployed launcher of ICBMs. | The term intercontinental ballistic missile (ICBM) means a land based ballistic missile with a range in excess of 5,500 kilometers","Definitions for START I. ASD(a). Definitions Annex  Strategic Arms Reduction Talks (START) Treaty. Acquisition Office of the Assistant Secretary of Defense. Accessed September 8, 2023. https://www.acq.osd.mil/asda/ssipm/sdc/tc/start1/START1 annex definitions.html. Paragraph 54. | Ibid. Article II:7: Heavy ICBMs are ICBMs which have a launch weight greater or a throw weight greater than that of the heaviest, in terms of either launch weight or throw weight, respectively, of the light ICBMs deployed by either Party as of the date of signature of this Treaty. First Agreed Statement: The launch weight of an ICBM is the weight of the fully loaded missile itself at the time of launch. Second Agreed Sattement: The throw weight of an ICBM is the sum of the weight of:(a) its reentry vehicle or reentry vehicles;(b) any self contained dispensing mechanisms or other appropriate devices for targeting one reentry vehicle, or for releasing or for dispensing and targeting two or more reentry vehicles; and (c) its penetration aids, including devices for their release. Common Understanding: The term other appropriate devices, as used in the definition of the throw weight of an ICBM in the Second Agreed Statement to paragraph 7 of Article II of the Treaty, means any devices for dispensing and targeting two or more reentry vehicles; and any devices for releasing two or more reentry vehicles or for targeting one reentry vehicle, which cannot provide their reentry vehicles or reentry vehicle with additional velocity of more than 1,000 meters per second. | ibid.   Protocol: Part One, 13 The term deployed ICBM means an ICBM that is contained in or on a deployed launcher of ICBMs., 37 The term intercontinental ballistic missile or ICBM means a land based ballistic missile with a range in excess of 5500 kilometers., 48 The term non deployed ICBM means an ICBM not contained in a deployed launcher of ICBMs or on a deployed launcher of ICBMs.",0,0,0,0,0,0,0,0,0,0,0,0,0,0,0,1,0,0.0,,,Assumed directly upon force given no explicit indication otherwise,0.0,,,icbm,0,Strategic nuclear delivery system; purely military,1988,Agreement Between The United States of America and The Union of Soviet Socialist Republics on Notifications of Launches of Intercontinental Ballistic Missiles and SubmarineLaunched Ballistic Missiles,Ballistic Missile Launch Notification Agreement,"Bilateral, Nuclear Weapons",0.0,,0,,,1,2.0,1988-05-31,0,,,5/31/1988,"The Union of Soviet Socialist Republics(1988-05-31), The United States of America(1988-05-31)",1.0,1988-05-31,,,2.0,2,0.0,,0.0,"Ibid. Article IV. The Parties undertake to hold consultations, as mutually agreed, to consider questions relating to implementation of the provisions of this Agreement, as well as to discuss possible amendments thereto aimed at furthering the implementation of the objectives of this Agreement. Amendments shall enter into force in accordance with procedures to be agreed upon.",,0.0,,2,0.0,
2801,1.0,icbm,"ICBMs which have a launch weight greater or a throw weight greater than that of the heaviest, in terms of either launch weight or throw weight, respectively, of the light ICBMs deployed by either Party as of the date of signature of this Treaty(The launch weight of an ICBM is the weight of the fully loaded missile itself at the time of launch). 2) The throw weight of an ICBM is the sum of the weight of:(a) its reentry vehicle or reentry vehicles;(b) any self contained dispensing mechanisms or other appropriate devices for targeting one reentry vehicle, or for releasing or for dispensing and targeting two or more reentry vehicles; and (c) its penetration aids, including devices for their release. 3) The term other appropriate devices, as used in the definition of the throw weight of an ICBM in the Second Agreed Statement to paragraph 7 of Article II of the Treaty, means any devices for dispensing and targeting two or more reentry vehicles; and any devices for releasing two or more reentry vehicles or for targeting one reentry vehicle, which cannot provide their reentry vehicles or reentry vehicle with additional velocity of more than 1,000 meters per second. | The term deployed ICBM means an ICBM that is contained in or on a deployed launcher of ICBMs. The term intercontinental ballistic missile or ICBM means a land based ballistic missile with a range in excess of 5500 kilometers. The term non deployed ICBM means an ICBM not contained in a deployed launcher of ICBMs or on a deployed launcher of ICBMs. | The term intercontinental ballistic missile (ICBM) means a land based ballistic missile with a range in excess of 5,500 kilometers","Definitions for START I. ASD(a). Definitions Annex  Strategic Arms Reduction Talks (START) Treaty. Acquisition Office of the Assistant Secretary of Defense. Accessed September 8, 2023. https://www.acq.osd.mil/asda/ssipm/sdc/tc/start1/START1 annex definitions.html. Paragraph 54. | Ibid. Article II:7: Heavy ICBMs are ICBMs which have a launch weight greater or a throw weight greater than that of the heaviest, in terms of either launch weight or throw weight, respectively, of the light ICBMs deployed by either Party as of the date of signature of this Treaty. First Agreed Statement: The launch weight of an ICBM is the weight of the fully loaded missile itself at the time of launch. Second Agreed Sattement: The throw weight of an ICBM is the sum of the weight of:(a) its reentry vehicle or reentry vehicles;(b) any self contained dispensing mechanisms or other appropriate devices for targeting one reentry vehicle, or for releasing or for dispensing and targeting two or more reentry vehicles; and (c) its penetration aids, including devices for their release. Common Understanding: The term other appropriate devices, as used in the definition of the throw weight of an ICBM in the Second Agreed Statement to paragraph 7 of Article II of the Treaty, means any devices for dispensing and targeting two or more reentry vehicles; and any devices for releasing two or more reentry vehicles or for targeting one reentry vehicle, which cannot provide their reentry vehicles or reentry vehicle with additional velocity of more than 1,000 meters per second. | ibid.   Protocol: Part One, 13 The term deployed ICBM means an ICBM that is contained in or on a deployed launcher of ICBMs., 37 The term intercontinental ballistic missile or ICBM means a land based ballistic missile with a range in excess of 5500 kilometers., 48 The term non deployed ICBM means an ICBM not contained in a deployed launcher of ICBMs or on a deployed launcher of ICBMs.",0,0,0,0,0,0,0,0,0,0,0,0,0,0,0,1,0,0.0,,,Assumed directly upon force given no explicit indication otherwise,0.0,,,icbm,0,Strategic nuclear delivery system; purely military,1991,"Strategic Arms Reduction Talks (START),Treaty",START I,"Bilateral, Nuclear Weapons",0.0,,0,,,1,3.0,1991-07-31,2,,,,"The Union of Soviet Socialist Republics(1991-07-31), The United States of America(1991-07-31)",1.0,1994-12-05,,,2.0,2,0.0,,0.0,Each Party may propose amendments to this Treaty. Agreed amendments shall enter into force in accordance with the procedures governing entry into force of this Treaty. Ibid Article XVIII,4.0,0.0,,1,0.0,
2802,1.0,icbm,"ICBMs which have a launch weight greater or a throw weight greater than that of the heaviest, in terms of either launch weight or throw weight, respectively, of the light ICBMs deployed by either Party as of the date of signature of this Treaty(The launch weight of an ICBM is the weight of the fully loaded missile itself at the time of launch). 2) The throw weight of an ICBM is the sum of the weight of:(a) its reentry vehicle or reentry vehicles;(b) any self contained dispensing mechanisms or other appropriate devices for targeting one reentry vehicle, or for releasing or for dispensing and targeting two or more reentry vehicles; and (c) its penetration aids, including devices for their release. 3) The term other appropriate devices, as used in the definition of the throw weight of an ICBM in the Second Agreed Statement to paragraph 7 of Article II of the Treaty, means any devices for dispensing and targeting two or more reentry vehicles; and any devices for releasing two or more reentry vehicles or for targeting one reentry vehicle, which cannot provide their reentry vehicles or reentry vehicle with additional velocity of more than 1,000 meters per second. | The term deployed ICBM means an ICBM that is contained in or on a deployed launcher of ICBMs. The term intercontinental ballistic missile or ICBM means a land based ballistic missile with a range in excess of 5500 kilometers. The term non deployed ICBM means an ICBM not contained in a deployed launcher of ICBMs or on a deployed launcher of ICBMs. | The term intercontinental ballistic missile (ICBM) means a land based ballistic missile with a range in excess of 5,500 kilometers","Definitions for START I. ASD(a). Definitions Annex  Strategic Arms Reduction Talks (START) Treaty. Acquisition Office of the Assistant Secretary of Defense. Accessed September 8, 2023. https://www.acq.osd.mil/asda/ssipm/sdc/tc/start1/START1 annex definitions.html. Paragraph 54. | Ibid. Article II:7: Heavy ICBMs are ICBMs which have a launch weight greater or a throw weight greater than that of the heaviest, in terms of either launch weight or throw weight, respectively, of the light ICBMs deployed by either Party as of the date of signature of this Treaty. First Agreed Statement: The launch weight of an ICBM is the weight of the fully loaded missile itself at the time of launch. Second Agreed Sattement: The throw weight of an ICBM is the sum of the weight of:(a) its reentry vehicle or reentry vehicles;(b) any self contained dispensing mechanisms or other appropriate devices for targeting one reentry vehicle, or for releasing or for dispensing and targeting two or more reentry vehicles; and (c) its penetration aids, including devices for their release. Common Understanding: The term other appropriate devices, as used in the definition of the throw weight of an ICBM in the Second Agreed Statement to paragraph 7 of Article II of the Treaty, means any devices for dispensing and targeting two or more reentry vehicles; and any devices for releasing two or more reentry vehicles or for targeting one reentry vehicle, which cannot provide their reentry vehicles or reentry vehicle with additional velocity of more than 1,000 meters per second. | ibid.   Protocol: Part One, 13 The term deployed ICBM means an ICBM that is contained in or on a deployed launcher of ICBMs., 37 The term intercontinental ballistic missile or ICBM means a land based ballistic missile with a range in excess of 5500 kilometers., 48 The term non deployed ICBM means an ICBM not contained in a deployed launcher of ICBMs or on a deployed launcher of ICBMs.",0,0,0,0,0,0,0,0,0,0,0,0,0,0,0,1,0,0.0,,,Assumed directly upon force given no explicit indication otherwise,0.0,,,icbm,0,Strategic nuclear delivery system; purely military,1993,Treaty Between The United States of America and The Union of Soviet Socialist Republics on the Reduction and Limitation of Strategic Offensive Arms,START II,"Bilateral, Nuclear Weapons",0.0,,0,,,1,3.0,1993-01-03,4,,,,"The Russian Federation(1993-01-03), The United States of America(1993-01-03)",0.0,,,,2.0,2,0.0,,0.0,Ibid. Article VII.,0.0,0.0,,1,,
2803,1.0,icbm,"ICBMs which have a launch weight greater or a throw weight greater than that of the heaviest, in terms of either launch weight or throw weight, respectively, of the light ICBMs deployed by either Party as of the date of signature of this Treaty(The launch weight of an ICBM is the weight of the fully loaded missile itself at the time of launch). 2) The throw weight of an ICBM is the sum of the weight of:(a) its reentry vehicle or reentry vehicles;(b) any self contained dispensing mechanisms or other appropriate devices for targeting one reentry vehicle, or for releasing or for dispensing and targeting two or more reentry vehicles; and (c) its penetration aids, including devices for their release. 3) The term other appropriate devices, as used in the definition of the throw weight of an ICBM in the Second Agreed Statement to paragraph 7 of Article II of the Treaty, means any devices for dispensing and targeting two or more reentry vehicles; and any devices for releasing two or more reentry vehicles or for targeting one reentry vehicle, which cannot provide their reentry vehicles or reentry vehicle with additional velocity of more than 1,000 meters per second. | The term deployed ICBM means an ICBM that is contained in or on a deployed launcher of ICBMs. The term intercontinental ballistic missile or ICBM means a land based ballistic missile with a range in excess of 5500 kilometers. The term non deployed ICBM means an ICBM not contained in a deployed launcher of ICBMs or on a deployed launcher of ICBMs. | The term intercontinental ballistic missile (ICBM) means a land based ballistic missile with a range in excess of 5,500 kilometers","Definitions for START I. ASD(a). Definitions Annex  Strategic Arms Reduction Talks (START) Treaty. Acquisition Office of the Assistant Secretary of Defense. Accessed September 8, 2023. https://www.acq.osd.mil/asda/ssipm/sdc/tc/start1/START1 annex definitions.html. Paragraph 54. | Ibid. Article II:7: Heavy ICBMs are ICBMs which have a launch weight greater or a throw weight greater than that of the heaviest, in terms of either launch weight or throw weight, respectively, of the light ICBMs deployed by either Party as of the date of signature of this Treaty. First Agreed Statement: The launch weight of an ICBM is the weight of the fully loaded missile itself at the time of launch. Second Agreed Sattement: The throw weight of an ICBM is the sum of the weight of:(a) its reentry vehicle or reentry vehicles;(b) any self contained dispensing mechanisms or other appropriate devices for targeting one reentry vehicle, or for releasing or for dispensing and targeting two or more reentry vehicles; and (c) its penetration aids, including devices for their release. Common Understanding: The term other appropriate devices, as used in the definition of the throw weight of an ICBM in the Second Agreed Statement to paragraph 7 of Article II of the Treaty, means any devices for dispensing and targeting two or more reentry vehicles; and any devices for releasing two or more reentry vehicles or for targeting one reentry vehicle, which cannot provide their reentry vehicles or reentry vehicle with additional velocity of more than 1,000 meters per second. | ibid.   Protocol: Part One, 13 The term deployed ICBM means an ICBM that is contained in or on a deployed launcher of ICBMs., 37 The term intercontinental ballistic missile or ICBM means a land based ballistic missile with a range in excess of 5500 kilometers., 48 The term non deployed ICBM means an ICBM not contained in a deployed launcher of ICBMs or on a deployed launcher of ICBMs.",0,0,0,0,0,0,0,0,0,0,0,0,0,0,0,1,0,0.0,,,Assumed directly upon force given no explicit indication otherwise,0.0,,,icbm,0,Strategic nuclear delivery system; purely military,2010,Treaty between The United States of America and The The Russian Federation on Measures for the Further Reduction and Limitation of Strategic Offensive Arms,New START Treaty,"Bilateral, Nuclear Weapons",1.0,Treaty between The United States of America and The The Russian Federation on Strategic Offensive Reductions Treaty (SORT)(2002).,0,,,1,3.0,2010-04-08,0,,,,"The Russian Federation(2010-04-08), The United States of America(2010-04-08)",1.0,2011-02-05,,,2.0,2,0.0,,0.0,ibid. Treaty. Article XV. 1 Each Party may propose amendments to this Treaty.,0.0,0.0,,0,0.0,
250,1.0,slbm,"The term deployed SLBM means an SLBM that is contained in a deployed launcher of SLBMs. The term non deployed SLBM means an SLBM not contained in a deployed launcher of SLBMs. The term submarine launched ballistic missile or SLBM means a ballistic missile with a range in excess of 600 kilometers of a type, any one of which has been contained in, or launched from, a submarine. | The term submarine launched ballistic missile (SLBM) means a ballistic missile with a range in excess of 600 kilometers of a type, any one of which has been contained in or launched from a submarine."," ibid.   Protocol: Part One, 17 The term deployed SLBM means an SLBM that is contained in a deployed launcher of SLBMs., 52 The term non deployed SLBM means an SLBM not contained in a deployed launcher of SLBMs., 77 The term submarine launched ballistic missile or SLBM means a ballistic missile with a range in excess of 600 kilometers of a type, any one of which has been contained in, or launched from, a submarine. | Definitions for START I. ASD(a). Definitions Annex  Strategic Arms Reduction Talks (START) Treaty. Acquisition Office of the Assistant Secretary of Defense. Accessed September 8, 2023. https://www.acq.osd.mil/asda/ssipm/sdc/tc/start1/START1 annex definitions.html. Paragraph 109.",0,0,0,0,0,0,0,0,0,0,0,0,0,0,0,1,0,0.0,,,Assumed directly upon force given no explicit indication otherwise,0.0,,,slbm,0,Strategic nuclear delivery system; purely military,1988,Agreement Between The United States of America and The Union of Soviet Socialist Republics on Notifications of Launches of Intercontinental Ballistic Missiles and SubmarineLaunched Ballistic Missiles,Ballistic Missile Launch Notification Agreement,"Bilateral, Nuclear Weapons",0.0,,0,,,1,2.0,1988-05-31,0,,,5/31/1988,"The Union of Soviet Socialist Republics(1988-05-31), The United States of America(1988-05-31)",1.0,1988-05-31,,,2.0,2,0.0,,0.0,"Ibid. Article IV. The Parties undertake to hold consultations, as mutually agreed, to consider questions relating to implementation of the provisions of this Agreement, as well as to discuss possible amendments thereto aimed at furthering the implementation of the objectives of this Agreement. Amendments shall enter into force in accordance with procedures to be agreed upon.",,0.0,,2,0.0,
2801,1.0,slbm,"The term deployed SLBM means an SLBM that is contained in a deployed launcher of SLBMs. The term non deployed SLBM means an SLBM not contained in a deployed launcher of SLBMs. The term submarine launched ballistic missile or SLBM means a ballistic missile with a range in excess of 600 kilometers of a type, any one of which has been contained in, or launched from, a submarine. | The term submarine launched ballistic missile (SLBM) means a ballistic missile with a range in excess of 600 kilometers of a type, any one of which has been contained in or launched from a submarine."," ibid.   Protocol: Part One, 17 The term deployed SLBM means an SLBM that is contained in a deployed launcher of SLBMs., 52 The term non deployed SLBM means an SLBM not contained in a deployed launcher of SLBMs., 77 The term submarine launched ballistic missile or SLBM means a ballistic missile with a range in excess of 600 kilometers of a type, any one of which has been contained in, or launched from, a submarine. | Definitions for START I. ASD(a). Definitions Annex  Strategic Arms Reduction Talks (START) Treaty. Acquisition Office of the Assistant Secretary of Defense. Accessed September 8, 2023. https://www.acq.osd.mil/asda/ssipm/sdc/tc/start1/START1 annex definitions.html. Paragraph 109.",0,0,0,0,0,0,0,0,0,0,0,0,0,0,0,1,0,0.0,,,Assumed directly upon force given no explicit indication otherwise,0.0,,,slbm,0,Strategic nuclear delivery system; purely military,1991,"Strategic Arms Reduction Talks (START),Treaty",START I,"Bilateral, Nuclear Weapons",0.0,,0,,,1,3.0,1991-07-31,2,,,,"The Union of Soviet Socialist Republics(1991-07-31), The United States of America(1991-07-31)",1.0,1994-12-05,,,2.0,2,0.0,,0.0,Each Party may propose amendments to this Treaty. Agreed amendments shall enter into force in accordance with the procedures governing entry into force of this Treaty. Ibid Article XVIII,4.0,0.0,,1,0.0,
2802,1.0,slbm,"The term deployed SLBM means an SLBM that is contained in a deployed launcher of SLBMs. The term non deployed SLBM means an SLBM not contained in a deployed launcher of SLBMs. The term submarine launched ballistic missile or SLBM means a ballistic missile with a range in excess of 600 kilometers of a type, any one of which has been contained in, or launched from, a submarine. | The term submarine launched ballistic missile (SLBM) means a ballistic missile with a range in excess of 600 kilometers of a type, any one of which has been contained in or launched from a submarine."," ibid.   Protocol: Part One, 17 The term deployed SLBM means an SLBM that is contained in a deployed launcher of SLBMs., 52 The term non deployed SLBM means an SLBM not contained in a deployed launcher of SLBMs., 77 The term submarine launched ballistic missile or SLBM means a ballistic missile with a range in excess of 600 kilometers of a type, any one of which has been contained in, or launched from, a submarine. | Definitions for START I. ASD(a). Definitions Annex  Strategic Arms Reduction Talks (START) Treaty. Acquisition Office of the Assistant Secretary of Defense. Accessed September 8, 2023. https://www.acq.osd.mil/asda/ssipm/sdc/tc/start1/START1 annex definitions.html. Paragraph 109.",0,0,0,0,0,0,0,0,0,0,0,0,0,0,0,1,0,0.0,,,Assumed directly upon force given no explicit indication otherwise,0.0,,,slbm,0,Strategic nuclear delivery system; purely military,1993,Treaty Between The United States of America and The Union of Soviet Socialist Republics on the Reduction and Limitation of Strategic Offensive Arms,START II,"Bilateral, Nuclear Weapons",0.0,,0,,,1,3.0,1993-01-03,4,,,,"The Russian Federation(1993-01-03), The United States of America(1993-01-03)",0.0,,,,2.0,2,0.0,,0.0,Ibid. Article VII.,0.0,0.0,,1,,
2803,1.0,slbm,"The term deployed SLBM means an SLBM that is contained in a deployed launcher of SLBMs. The term non deployed SLBM means an SLBM not contained in a deployed launcher of SLBMs. The term submarine launched ballistic missile or SLBM means a ballistic missile with a range in excess of 600 kilometers of a type, any one of which has been contained in, or launched from, a submarine. | The term submarine launched ballistic missile (SLBM) means a ballistic missile with a range in excess of 600 kilometers of a type, any one of which has been contained in or launched from a submarine."," ibid.   Protocol: Part One, 17 The term deployed SLBM means an SLBM that is contained in a deployed launcher of SLBMs., 52 The term non deployed SLBM means an SLBM not contained in a deployed launcher of SLBMs., 77 The term submarine launched ballistic missile or SLBM means a ballistic missile with a range in excess of 600 kilometers of a type, any one of which has been contained in, or launched from, a submarine. | Definitions for START I. ASD(a). Definitions Annex  Strategic Arms Reduction Talks (START) Treaty. Acquisition Office of the Assistant Secretary of Defense. Accessed September 8, 2023. https://www.acq.osd.mil/asda/ssipm/sdc/tc/start1/START1 annex definitions.html. Paragraph 109.",0,0,0,0,0,0,0,0,0,0,0,0,0,0,0,1,0,0.0,,,Assumed directly upon force given no explicit indication otherwise,0.0,,,slbm,0,Strategic nuclear delivery system; purely military,2010,Treaty between The United States of America and The The Russian Federation on Measures for the Further Reduction and Limitation of Strategic Offensive Arms,New START Treaty,"Bilateral, Nuclear Weapons",1.0,Treaty between The United States of America and The The Russian Federation on Strategic Offensive Reductions Treaty (SORT)(2002).,0,,,1,3.0,2010-04-08,0,,,,"The Russian Federation(2010-04-08), The United States of America(2010-04-08)",1.0,2011-02-05,,,2.0,2,0.0,,0.0,ibid. Treaty. Article XV. 1 Each Party may propose amendments to this Treaty.,0.0,0.0,,0,0.0,
390,1.0,strategic nuclear warhead,,,0,0,0,0,0,0,0,0,0,0,0,0,0,1,0,0,0,1.0,Ten years(2012 12 31),,"ibid.   Treaty. Article I: Each Party shall reduce and limit strategic nuclear warheads, [...], so that by December 31, 2012 the aggregate number of such warheads does not exceed 1700 2200 for each Party..",0.0,,,strategic nuclear warhead,0,Nuclear weapon component; purely military,2002,Treaty between The United States of America and The The Russian Federation on Strategic Offensive Reductions,SORT/Treaty of Moscow,"Bilateral, Nuclear Weapons",0.0,,0,,,1,3.0,2002-05-24,2,,,,"The Russian Federation(2002-05-24), The United States of America(2002-05-24)",1.0,2003-06-01,,,2.0,2,0.0,,2.0,,,0.0,,0,0.0,
360,1.0,anti-personnel mine,"Anti personnel mine means a mine designed to be exploded by the presence, proximity or contact of a person and that will incapacitate, injure or kill one or more persons. Mines designed to be detonated by the presence, proximity or contact of a vehicle as opposed to a person, that are equipped with anti handling devices, are not considered anti personnel mines as a result of being so equipped. 2) Mine means a munition designed to be placed under, on or near the ground or other surface area and to be exploded by the presence, proximity or contact of a person or a vehicle.","Ibid. Article 2: 1 2: 1.  Anti personnel mine means a mine designed to be exploded by the presence, proximity or contact of a person and that will incapacitate, injure or kill one or more persons. Mines designed to be detonated by the presence, proximity or contact of a vehicle as opposed to a person, that are equipped with anti handling devices, are not considered anti personnel mines as a result of being so equipped.2.  Mine means a munition designed to be placed under, on or near the ground or other surface area and to be exploded by the presence, proximity or contact of a person or a vehicle.",1,0,1,1,0,0,1,1,0,0,0,0,0,0,0,0,0,1.0,1) Stockpiled mines eliminated after four years. 2) Mines in mined areas after ten years. ,,"Ibid: Article 4: Except as provided for in Article 3, each State Party undertakes to destroy or ensure the destruction of all stockpiled anti personnel mines it owns or possesses, or that are under its jurisdiction or control, as soon as possible but not later than four years after the entry into force of this Convention for that State Party. Article 5:1: Each State Party undertakes to destroy or ensure the destruction of all anti personnel mines in mined areas under its jurisdiction or control, as soon as possible but not later than ten years after the entry into force of this Convention for that State Party.",0.0,,,anti-personnel mine,0,Prohibited weapon (Ottawa Treaty); purely military,1997,"Convention on the Prohibition of the Use, Stockpiling, Production and Transfer of AntiPersonnel Mines and on Their Destruction","Mine ban Treaty, Ottowa Treaty, Ottawa Convention","Multilateral, Conventional Weapons",0.0,,0,,,2,3.0,1997-12-03,0,1.0,1997-09-18,,"Albania(1998-09-08), Algeria(1997-12-03), Andorra(1997-12-03), Angola(1997-12-04), Antigua and Barbuda(1997-12-03), Argentina(1997-12-04), Australia(1997-12-03), Austria(1997-12-03), Bahamas(1997-12-03), Bangladesh(1998-05-07), Barbados(1997-12-03), Belgium(1997-12-03), Belize(1998-02-27), Benin(1997-12-03), Bolivia(Plurinational State of)(1997-12-03), Bosnia and Herzegovina(1997-12-03), Botswana(1997-12-03), Brazil(1997-12-03), Brunei Darussalam(1997-12-04), Bulgaria(1997-12-03), Burkina Faso(1997-12-03), Burundi(1997-12-03), Cabo Verde(1997-12-04), Cambodia(1997-12-03), Cameroon(1997-12-03), Canada(1997-12-03), Chad(1998-07-06), Chile(1997-12-03), Colombia(1997-12-03), Cook Islands(1997-12-03), Costa Rica(1997-12-03), Cote d'Ivoire(1997-12-03), Croatia(1997-12-04), Cyprus(1997-12-04), Czech Republic(1997-12-03), Denmark(1997-12-04), Djibouti(1997-12-03), Dominica(1997-12-03), Dominican Republic(1997-12-03), Ecuador(1997-12-04), El Salvador(1997-12-04), Eswatini(1997-12-04), Ethiopia(1997-12-03), Fiji(1997-12-03), France(1997-12-03), Gabon(1997-12-03), Gambia(1997-12-04), Germany(1997-12-03), Ghana(1997-12-04), Greece(1997-12-03), Grenada(1997-12-03), Guatemala(1997-12-03), Guinea(1997-12-04), Guinea Bissau(1997-12-03), Guyana(1997-12-04), Haiti(1997-12-03), Holy See(1997-12-04), Honduras(1997-12-03), Hungary(1997-12-03), Iceland(1997-12-04), Indonesia(1997-12-04), Ireland(1997-12-03), Italy(1997-12-03), Jamaica(1997-12-03), Japan(1997-12-03), Jordan(1998-08-11), Kenya(1997-12-05), Lesotho(1997-12-04), Liechtenstein(1997-12-03), Lithuania(1999-02-26), Luxembourg(1997-12-04), Madagascar(1997-12-04), Malawi(1997-12-04), Malaysia(1997-12-03), Maldives(1998-10-01), Mali(1997-12-03), Malta(1997-12-04), Marshall Islands(1997-12-04), Mauritania(1997-12-03), Mauritius(1997-12-03), Mexico(1997-12-03), Monaco(1997-12-04), Mozambique(1997-12-03), Namibia(1997-12-03), Netherlands(1997-12-03), New Zealand(1997-12-03), Nicaragua(1997-12-04), Niger(1997-12-04), Niue(1997-12-03), Norway(1997-12-03), Panama(1997-12-04), Paraguay(1997-12-03), Peru(1997-12-03), Philippines(1997-12-03), Poland(1997-12-04), Portugal(1997-12-03), Qatar(1997-12-04), Moldova(1997-12-03), Romania(1997-12-03), Rwanda(1997-12-03), Saint Kitts and Nevis(1997-12-03), Saint Lucia(1997-12-03), Saint Vincent and the Grenadines(1997-12-03), Samoa(1997-12-03), San Marino(1997-12-03), Sao Tome and Principe(1998-04-30), Senegal(1997-12-03), Seychelles(1997-12-04), Sierra Leone(1997-07-29), Slovakia(1997-12-03), Slovenia(1997-12-03), Solomon Islands(1997-12-04), South Africa(1997-12-03), Spain(1997-12-03), Sudan(1997-12-04), Suriname(1997-12-04), Sweden(1997-12-04), Switzerland(1997-12-03), Thailand(1997-12-03), Togo(1997-12-04), Trinidad and Tobago(1997-12-04), Tunisia(1997-12-04), Turkmenistan(1997-12-03), Uganda(1997-12-03), Ukraine(1999-02-24), The United Kingdom of Great Britain and Northern Ireland(1997-12-03), Tanzania(1997-12-03), Uruguay(1997-12-03), Vanuatu(1997-12-04), Venezuela(Bolivarian Republic of)(1997-12-03), Yemen(1997-12-04), Zambia(1997-12-12), Zimbabwe(1997-12-03)",1.0,1999-03-01,,,164.0,1,0.0,,0.0,"Ibid. Article 18, paragraph 1. At any time after the entry into force of this Convention any State Party may propose amendments to this Convention. Any proposal for an amendment shall be communicated to the Depositary, who shall circulate it to all States Parties and shall seek their views on whether an Amendment Conference should be convened to consider the proposal. If a majority of the States Parties notify the Depositary no later than 30 days after its circulation that they support further consideration of the proposal, the Depositary shall convene an Amendment Conference to which all States Parties shall be invited.",2.0,0.0,,1,0.0,
240,1.0,intermediate-range missile,,,0,1,1,0,0,0,0,0,0,0,0,0,0,0,0,0,0,2.0,"1) Posession: Three years, Production/Testing: directly upon entry into force",,"Ibid. Article IV.1.Each Party shall eliminate all its intermediate range missiles and launchers of such missiles, and all support structures and support equipment of the categories listed in the Memorandum of Understanding associated with such missiles and launchers, so that no later than three years after entry into force of this Treaty and thereafter no such missiles, launchers, support structures or support equipment shall be possessed by either Party.",1.0,"Ibid. Article IV, Paragraph 1.2. To implement paragraph 1 of this Article, upon entry into force of this Treaty, both Parties shall begin and continue throughout the duration of each phase, the reduction of all types of their deployed and non deployed intermediate range missiles and deployed and non deployed launchers of such missiles and support structures and support equipment associated with such missiles and launchers in accordance with the provisions of this Treaty. These reductions shall be implemented in two phases so that:(a) by the end of the first phase, that is, no later than 29 months after entry into force of this Treaty:(i) the number of deployed launchers of intermediate range missiles for each Party shall not exceed the number of launchers that are capable of carrying or containing at one time missiles considered by the Parties to carry 171 warheads;(ii) the number of deployed intermediate range missiles for each Party shall not exceed the number of such missiles considered by the Parties to carry 180 warheads;(iii) the aggregate number of deployed and non deployed launchers of intermediate range missiles for each Party shall not exceed the number of launchers that are capable of carrying or containing at one time missiles considered by the Parties to carry 200 warheads;(iv) the aggregate number of deployed and non deployed intermediate range missiles for each Party shall not exceed the number of such missiles considered by the Parties to carry 200 warheads; and(v) the ratio of the aggregate number of deployed and non deployed intermediate range GLBMs of existing types for each Party to the aggregate number of deployed and non deployed intermediate range missiles of existing types possessed by that Party shall not exceed the ratio of such intermediate range GLBMs to such intermediate range missiles for that Party as of November 1, 1987, as set forth in the Memorandum of Understanding; and(b) by the end of the second phase, that is, no later than three years after entry into force of this Treaty, all intermediate range missiles of each Party, launchers of such missiles and all support structures and support equipment of the categories listed in the Memorandum of Understanding associated with such missiles and launchers, shall be eliminated.","Ibid. Article IV, Paragraph 1.2. To implement paragraph 1 of this Article, upon entry into force of this Treaty, both Parties shall begin and continue throughout the duration of each phase, the reduction of all types of their deployed and non deployed intermediate range missiles and deployed and non deployed launchers of such missiles and support structures and support equipment associated with such missiles and launchers in accordance with the provisions of this Treaty. These reductions shall be implemented in two phases so that:(a) by the end of the first phase, that is, no later than 29 months after entry into force of this Treaty:(i) the number of deployed launchers of intermediate range missiles for each Party shall not exceed the number of launchers that are capable of carrying or containing at one time missiles considered by the Parties to carry 171 warheads;(ii) the number of deployed intermediate range missiles for each Party shall not exceed the number of such missiles considered by the Parties to carry 180 warheads;(iii) the aggregate number of deployed and non deployed launchers of intermediate range missiles for each Party shall not exceed the number of launchers that are capable of carrying or containing at one time missiles considered by the Parties to carry 200 warheads;(iv) the aggregate number of deployed and non deployed intermediate range missiles for each Party shall not exceed the number of such missiles considered by the Parties to carry 200 warheads; and(v) the ratio of the aggregate number of deployed and non deployed intermediate range GLBMs of existing types for each Party to the aggregate number of deployed and non deployed intermediate range missiles of existing types possessed by that Party shall not exceed the ratio of such intermediate range GLBMs to such intermediate range missiles for that Party as of November 1, 1987, as set forth in the Memorandum of Understanding; and(b) by the end of the second phase, that is, no later than three years after entry into force of this Treaty, all intermediate range missiles of each Party, launchers of such missiles and all support structures and support equipment of the categories listed in the Memorandum of Understanding associated with such missiles and launchers, shall be eliminated.",intermediate-range missile,0,Military missile system (INF Treaty); purely military,1987,Treaty between The United States of America and The Union of Soviet Socialist Republics on the Elimination of Their IntermediateRange and ShorterRange Missiles,INF,"Bilateral, Nuclear Weapons",0.0,,0,,,1,3.0,1987-12-08,1,,,,,1.0,1988-06-01,,,2.0,2,0.0,,0.0,Ibid. Article XVI,3.0,0.0,,1,1.0,The United States(2019-08-02)
240,1.0,intermediate-range missile launcher,,,0,1,1,0,0,0,0,0,0,0,0,0,0,0,0,0,0,2.0,"1) Posession: Three years, Production/Testing: directly upon entry into force",,"Ibid. Article IV.1.Each Party shall eliminate all its intermediate range missiles and launchers of such missiles, and all support structures and support equipment of the categories listed in the Memorandum of Understanding associated with such missiles and launchers, so that no later than three years after entry into force of this Treaty and thereafter no such missiles, launchers, support structures or support equipment shall be possessed by either Party.",1.0,"Ibid. Article IV, Paragraph 1.2. To implement paragraph 1 of this Article, upon entry into force of this Treaty, both Parties shall begin and continue throughout the duration of each phase, the reduction of all types of their deployed and non deployed intermediate range missiles and deployed and non deployed launchers of such missiles and support structures and support equipment associated with such missiles and launchers in accordance with the provisions of this Treaty. These reductions shall be implemented in two phases so that:(a) by the end of the first phase, that is, no later than 29 months after entry into force of this Treaty:(i) the number of deployed launchers of intermediate range missiles for each Party shall not exceed the number of launchers that are capable of carrying or containing at one time missiles considered by the Parties to carry 171 warheads;(ii) the number of deployed intermediate range missiles for each Party shall not exceed the number of such missiles considered by the Parties to carry 180 warheads;(iii) the aggregate number of deployed and non deployed launchers of intermediate range missiles for each Party shall not exceed the number of launchers that are capable of carrying or containing at one time missiles considered by the Parties to carry 200 warheads;(iv) the aggregate number of deployed and non deployed intermediate range missiles for each Party shall not exceed the number of such missiles considered by the Parties to carry 200 warheads; and(v) the ratio of the aggregate number of deployed and non deployed intermediate range GLBMs of existing types for each Party to the aggregate number of deployed and non deployed intermediate range missiles of existing types possessed by that Party shall not exceed the ratio of such intermediate range GLBMs to such intermediate range missiles for that Party as of November 1, 1987, as set forth in the Memorandum of Understanding; and(b) by the end of the second phase, that is, no later than three years after entry into force of this Treaty, all intermediate range missiles of each Party, launchers of such missiles and all support structures and support equipment of the categories listed in the Memorandum of Understanding associated with such missiles and launchers, shall be eliminated.","Ibid. Article IV, Paragraph 1.2. To implement paragraph 1 of this Article, upon entry into force of this Treaty, both Parties shall begin and continue throughout the duration of each phase, the reduction of all types of their deployed and non deployed intermediate range missiles and deployed and non deployed launchers of such missiles and support structures and support equipment associated with such missiles and launchers in accordance with the provisions of this Treaty. These reductions shall be implemented in two phases so that:(a) by the end of the first phase, that is, no later than 29 months after entry into force of this Treaty:(i) the number of deployed launchers of intermediate range missiles for each Party shall not exceed the number of launchers that are capable of carrying or containing at one time missiles considered by the Parties to carry 171 warheads;(ii) the number of deployed intermediate range missiles for each Party shall not exceed the number of such missiles considered by the Parties to carry 180 warheads;(iii) the aggregate number of deployed and non deployed launchers of intermediate range missiles for each Party shall not exceed the number of launchers that are capable of carrying or containing at one time missiles considered by the Parties to carry 200 warheads;(iv) the aggregate number of deployed and non deployed intermediate range missiles for each Party shall not exceed the number of such missiles considered by the Parties to carry 200 warheads; and(v) the ratio of the aggregate number of deployed and non deployed intermediate range GLBMs of existing types for each Party to the aggregate number of deployed and non deployed intermediate range missiles of existing types possessed by that Party shall not exceed the ratio of such intermediate range GLBMs to such intermediate range missiles for that Party as of November 1, 1987, as set forth in the Memorandum of Understanding; and(b) by the end of the second phase, that is, no later than three years after entry into force of this Treaty, all intermediate range missiles of each Party, launchers of such missiles and all support structures and support equipment of the categories listed in the Memorandum of Understanding associated with such missiles and launchers, shall be eliminated.",intermediate-range missile launcher,0,Military launcher; purely military,1987,Treaty between The United States of America and The Union of Soviet Socialist Republics on the Elimination of Their IntermediateRange and ShorterRange Missiles,INF,"Bilateral, Nuclear Weapons",0.0,,0,,,1,3.0,1987-12-08,1,,,,,1.0,1988-06-01,,,2.0,2,0.0,,0.0,Ibid. Article XVI,3.0,0.0,,1,1.0,The United States(2019-08-02)
240,1.0,irm support structure,,,0,0,0,0,0,0,0,0,0,0,0,0,0,0,0,0,0,2.0,"1) Posession: Three years, Production/Testing: directly upon entry into force",,"Ibid. Article IV.1.Each Party shall eliminate all its intermediate range missiles and launchers of such missiles, and all support structures and support equipment of the categories listed in the Memorandum of Understanding associated with such missiles and launchers, so that no later than three years after entry into force of this Treaty and thereafter no such missiles, launchers, support structures or support equipment shall be possessed by either Party.",1.0,"Ibid. Article IV, Paragraph 1.2. To implement paragraph 1 of this Article, upon entry into force of this Treaty, both Parties shall begin and continue throughout the duration of each phase, the reduction of all types of their deployed and non deployed intermediate range missiles and deployed and non deployed launchers of such missiles and support structures and support equipment associated with such missiles and launchers in accordance with the provisions of this Treaty. These reductions shall be implemented in two phases so that:(a) by the end of the first phase, that is, no later than 29 months after entry into force of this Treaty:(i) the number of deployed launchers of intermediate range missiles for each Party shall not exceed the number of launchers that are capable of carrying or containing at one time missiles considered by the Parties to carry 171 warheads;(ii) the number of deployed intermediate range missiles for each Party shall not exceed the number of such missiles considered by the Parties to carry 180 warheads;(iii) the aggregate number of deployed and non deployed launchers of intermediate range missiles for each Party shall not exceed the number of launchers that are capable of carrying or containing at one time missiles considered by the Parties to carry 200 warheads;(iv) the aggregate number of deployed and non deployed intermediate range missiles for each Party shall not exceed the number of such missiles considered by the Parties to carry 200 warheads; and(v) the ratio of the aggregate number of deployed and non deployed intermediate range GLBMs of existing types for each Party to the aggregate number of deployed and non deployed intermediate range missiles of existing types possessed by that Party shall not exceed the ratio of such intermediate range GLBMs to such intermediate range missiles for that Party as of November 1, 1987, as set forth in the Memorandum of Understanding; and(b) by the end of the second phase, that is, no later than three years after entry into force of this Treaty, all intermediate range missiles of each Party, launchers of such missiles and all support structures and support equipment of the categories listed in the Memorandum of Understanding associated with such missiles and launchers, shall be eliminated.","Ibid. Article IV, Paragraph 1.2. To implement paragraph 1 of this Article, upon entry into force of this Treaty, both Parties shall begin and continue throughout the duration of each phase, the reduction of all types of their deployed and non deployed intermediate range missiles and deployed and non deployed launchers of such missiles and support structures and support equipment associated with such missiles and launchers in accordance with the provisions of this Treaty. These reductions shall be implemented in two phases so that:(a) by the end of the first phase, that is, no later than 29 months after entry into force of this Treaty:(i) the number of deployed launchers of intermediate range missiles for each Party shall not exceed the number of launchers that are capable of carrying or containing at one time missiles considered by the Parties to carry 171 warheads;(ii) the number of deployed intermediate range missiles for each Party shall not exceed the number of such missiles considered by the Parties to carry 180 warheads;(iii) the aggregate number of deployed and non deployed launchers of intermediate range missiles for each Party shall not exceed the number of launchers that are capable of carrying or containing at one time missiles considered by the Parties to carry 200 warheads;(iv) the aggregate number of deployed and non deployed intermediate range missiles for each Party shall not exceed the number of such missiles considered by the Parties to carry 200 warheads; and(v) the ratio of the aggregate number of deployed and non deployed intermediate range GLBMs of existing types for each Party to the aggregate number of deployed and non deployed intermediate range missiles of existing types possessed by that Party shall not exceed the ratio of such intermediate range GLBMs to such intermediate range missiles for that Party as of November 1, 1987, as set forth in the Memorandum of Understanding; and(b) by the end of the second phase, that is, no later than three years after entry into force of this Treaty, all intermediate range missiles of each Party, launchers of such missiles and all support structures and support equipment of the categories listed in the Memorandum of Understanding associated with such missiles and launchers, shall be eliminated.",irm support structure,0,Military support infrastructure; purely military,1987,Treaty between The United States of America and The Union of Soviet Socialist Republics on the Elimination of Their IntermediateRange and ShorterRange Missiles,INF,"Bilateral, Nuclear Weapons",0.0,,0,,,1,3.0,1987-12-08,1,,,,,1.0,1988-06-01,,,2.0,2,0.0,,0.0,Ibid. Article XVI,3.0,0.0,,1,1.0,The United States(2019-08-02)
240,1.0,irm support equipment,,,0,0,0,0,0,0,0,0,0,0,0,0,0,0,0,0,0,2.0,"1) Posession: Three years, Production/Testing: directly upon entry into force",,"Ibid. Article IV.1.Each Party shall eliminate all its intermediate range missiles and launchers of such missiles, and all support structures and support equipment of the categories listed in the Memorandum of Understanding associated with such missiles and launchers, so that no later than three years after entry into force of this Treaty and thereafter no such missiles, launchers, support structures or support equipment shall be possessed by either Party.",1.0,"Ibid. Article IV, Paragraph 1.2. To implement paragraph 1 of this Article, upon entry into force of this Treaty, both Parties shall begin and continue throughout the duration of each phase, the reduction of all types of their deployed and non deployed intermediate range missiles and deployed and non deployed launchers of such missiles and support structures and support equipment associated with such missiles and launchers in accordance with the provisions of this Treaty. These reductions shall be implemented in two phases so that:(a) by the end of the first phase, that is, no later than 29 months after entry into force of this Treaty:(i) the number of deployed launchers of intermediate range missiles for each Party shall not exceed the number of launchers that are capable of carrying or containing at one time missiles considered by the Parties to carry 171 warheads;(ii) the number of deployed intermediate range missiles for each Party shall not exceed the number of such missiles considered by the Parties to carry 180 warheads;(iii) the aggregate number of deployed and non deployed launchers of intermediate range missiles for each Party shall not exceed the number of launchers that are capable of carrying or containing at one time missiles considered by the Parties to carry 200 warheads;(iv) the aggregate number of deployed and non deployed intermediate range missiles for each Party shall not exceed the number of such missiles considered by the Parties to carry 200 warheads; and(v) the ratio of the aggregate number of deployed and non deployed intermediate range GLBMs of existing types for each Party to the aggregate number of deployed and non deployed intermediate range missiles of existing types possessed by that Party shall not exceed the ratio of such intermediate range GLBMs to such intermediate range missiles for that Party as of November 1, 1987, as set forth in the Memorandum of Understanding; and(b) by the end of the second phase, that is, no later than three years after entry into force of this Treaty, all intermediate range missiles of each Party, launchers of such missiles and all support structures and support equipment of the categories listed in the Memorandum of Understanding associated with such missiles and launchers, shall be eliminated.","Ibid. Article IV, Paragraph 1.2. To implement paragraph 1 of this Article, upon entry into force of this Treaty, both Parties shall begin and continue throughout the duration of each phase, the reduction of all types of their deployed and non deployed intermediate range missiles and deployed and non deployed launchers of such missiles and support structures and support equipment associated with such missiles and launchers in accordance with the provisions of this Treaty. These reductions shall be implemented in two phases so that:(a) by the end of the first phase, that is, no later than 29 months after entry into force of this Treaty:(i) the number of deployed launchers of intermediate range missiles for each Party shall not exceed the number of launchers that are capable of carrying or containing at one time missiles considered by the Parties to carry 171 warheads;(ii) the number of deployed intermediate range missiles for each Party shall not exceed the number of such missiles considered by the Parties to carry 180 warheads;(iii) the aggregate number of deployed and non deployed launchers of intermediate range missiles for each Party shall not exceed the number of launchers that are capable of carrying or containing at one time missiles considered by the Parties to carry 200 warheads;(iv) the aggregate number of deployed and non deployed intermediate range missiles for each Party shall not exceed the number of such missiles considered by the Parties to carry 200 warheads; and(v) the ratio of the aggregate number of deployed and non deployed intermediate range GLBMs of existing types for each Party to the aggregate number of deployed and non deployed intermediate range missiles of existing types possessed by that Party shall not exceed the ratio of such intermediate range GLBMs to such intermediate range missiles for that Party as of November 1, 1987, as set forth in the Memorandum of Understanding; and(b) by the end of the second phase, that is, no later than three years after entry into force of this Treaty, all intermediate range missiles of each Party, launchers of such missiles and all support structures and support equipment of the categories listed in the Memorandum of Understanding associated with such missiles and launchers, shall be eliminated.",irm support equipment,0,Military support equipment; purely military,1987,Treaty between The United States of America and The Union of Soviet Socialist Republics on the Elimination of Their IntermediateRange and ShorterRange Missiles,INF,"Bilateral, Nuclear Weapons",0.0,,0,,,1,3.0,1987-12-08,1,,,,,1.0,1988-06-01,,,2.0,2,0.0,,0.0,Ibid. Article XVI,3.0,0.0,,1,1.0,The United States(2019-08-02)
240,1.0,shorter-range missile,,,0,1,1,0,0,0,0,0,0,0,0,0,0,0,0,0,0,2.0,"1) Posession: Three years, Production/Testing: directly upon entry into force",,"Ibid. Article V.1. Each Party shall eliminate all its shorter range missiles and launchers of such missiles, and all support equipment of the categories listed in the Memorandum of Understanding associated with such missiles and launchers, so that no later than 18 months after entry into force of this Treaty and thereafter no such missiles, launchers or support equipment shall be possessed by either Party.",1.0,"Ibid. Article V.2.No later than 90 days after entry into force of this Treaty, each Party shall complete the removal of all its deployed shorter range missiles and deployed and non deployed launchers of such missiles to elimination facilities and shall retain them at those locations until they are eliminated in accordance with the procedures set forth in the Protocol on Elimination. No later than 12 months after entry into force of this Treaty, each Party shall complete the removal of all its non deployed shorter range missiles to elimination facilities and shall retain them at those locations until they are eliminated in accordance with the procedures set forth in the Protocol on Elimination.","Ibid. Article V.2.No later than 90 days after entry into force of this Treaty, each Party shall complete the removal of all its deployed shorter range missiles and deployed and non deployed launchers of such missiles to elimination facilities and shall retain them at those locations until they are eliminated in accordance with the procedures set forth in the Protocol on Elimination. No later than 12 months after entry into force of this Treaty, each Party shall complete the removal of all its non deployed shorter range missiles to elimination facilities and shall retain them at those locations until they are eliminated in accordance with the procedures set forth in the Protocol on Elimination.",shorter-range missile,0,Military missile system (INF Treaty); purely military,1987,Treaty between The United States of America and The Union of Soviet Socialist Republics on the Elimination of Their IntermediateRange and ShorterRange Missiles,INF,"Bilateral, Nuclear Weapons",0.0,,0,,,1,3.0,1987-12-08,1,,,,,1.0,1988-06-01,,,2.0,2,0.0,,0.0,Ibid. Article XVI,3.0,0.0,,1,1.0,The United States(2019-08-02)
240,1.0,shorter-range missile launcher,,,0,1,1,0,0,0,0,0,0,0,0,0,0,0,0,0,0,2.0,"1) Posession: Three years, Production/Testing: directly upon entry into force",,"Ibid. Article V.1. Each Party shall eliminate all its shorter range missiles and launchers of such missiles, and all support equipment of the categories listed in the Memorandum of Understanding associated with such missiles and launchers, so that no later than 18 months after entry into force of this Treaty and thereafter no such missiles, launchers or support equipment shall be possessed by either Party.",1.0,"Ibid. Article V.2.No later than 90 days after entry into force of this Treaty, each Party shall complete the removal of all its deployed shorter range missiles and deployed and non deployed launchers of such missiles to elimination facilities and shall retain them at those locations until they are eliminated in accordance with the procedures set forth in the Protocol on Elimination. No later than 12 months after entry into force of this Treaty, each Party shall complete the removal of all its non deployed shorter range missiles to elimination facilities and shall retain them at those locations until they are eliminated in accordance with the procedures set forth in the Protocol on Elimination.","Ibid. Article V.2.No later than 90 days after entry into force of this Treaty, each Party shall complete the removal of all its deployed shorter range missiles and deployed and non deployed launchers of such missiles to elimination facilities and shall retain them at those locations until they are eliminated in accordance with the procedures set forth in the Protocol on Elimination. No later than 12 months after entry into force of this Treaty, each Party shall complete the removal of all its non deployed shorter range missiles to elimination facilities and shall retain them at those locations until they are eliminated in accordance with the procedures set forth in the Protocol on Elimination.",shorter-range missile launcher,0,Military launcher; purely military,1987,Treaty between The United States of America and The Union of Soviet Socialist Republics on the Elimination of Their IntermediateRange and ShorterRange Missiles,INF,"Bilateral, Nuclear Weapons",0.0,,0,,,1,3.0,1987-12-08,1,,,,,1.0,1988-06-01,,,2.0,2,0.0,,0.0,Ibid. Article XVI,3.0,0.0,,1,1.0,The United States(2019-08-02)
240,1.0,srm support equipment,,,0,0,0,0,0,0,0,0,0,0,0,0,0,0,0,0,0,2.0,Eighteen months,,"Ibid. Article V.1. Each Party shall eliminate all its shorter range missiles and launchers of such missiles, and all support equipment of the categories listed in the Memorandum of Understanding associated with such missiles and launchers, so that no later than 18 months after entry into force of this Treaty and thereafter no such missiles, launchers or support equipment shall be possessed by either Party.",1.0,"Ibid. Article V.2.No later than 90 days after entry into force of this Treaty, each Party shall complete the removal of all its deployed shorter range missiles and deployed and non deployed launchers of such missiles to elimination facilities and shall retain them at those locations until they are eliminated in accordance with the procedures set forth in the Protocol on Elimination. No later than 12 months after entry into force of this Treaty, each Party shall complete the removal of all its non deployed shorter range missiles to elimination facilities and shall retain them at those locations until they are eliminated in accordance with the procedures set forth in the Protocol on Elimination.","Ibid. Article V.2.No later than 90 days after entry into force of this Treaty, each Party shall complete the removal of all its deployed shorter range missiles and deployed and non deployed launchers of such missiles to elimination facilities and shall retain them at those locations until they are eliminated in accordance with the procedures set forth in the Protocol on Elimination. No later than 12 months after entry into force of this Treaty, each Party shall complete the removal of all its non deployed shorter range missiles to elimination facilities and shall retain them at those locations until they are eliminated in accordance with the procedures set forth in the Protocol on Elimination.",srm support equipment,0,Military support equipment; purely military,1987,Treaty between The United States of America and The Union of Soviet Socialist Republics on the Elimination of Their IntermediateRange and ShorterRange Missiles,INF,"Bilateral, Nuclear Weapons",0.0,,0,,,1,3.0,1987-12-08,1,,,,,1.0,1988-06-01,,,2.0,2,0.0,,0.0,Ibid. Article XVI,3.0,0.0,,1,1.0,The United States(2019-08-02)
210,1.0,nuclear explosive device,"Nuclear Explosive Device means any nuclear weapon or other explosive device capable of releasing nuclear energy, irrespective of the purpose for which it could be used. The term includes such a weapon or device in unassembled and partly assembled forms, but does not include the means of transport or delivery of such a weapon or device if separable from and not an indivisible part of it.","Ibid. Article 1:c: nuclear explosive device means any nuclear weapon or other explosive device capable of releasing nuclear energy, irrespective of the purpose for which it could be used. The term includes such a weapon or device in unassembled and partly assembled forms, but does not include the means of transport or delivery of such a weapon or device if separable from and not an indivisible part of it;",0,1,1,1,0,1,0,0,0,0,0,0,0,0,0,0,0,0.0,,,Assumed directly upon force given no explicit indication otherwise,0.0,,,nuclear explosive device,0,Nuclear weapon component; purely military,1985,South Pacific Nuclear Free Zone Treaty,Treaty of Rarotonga,"NFWZ, Nuclear Weapons",0.0,,1,1.0,"Ibid. Annex 1. The area bounded by a line (1),commencing at the point of intersection of the Equator by the maritime boundary between Indonesia and Papua New Guinea. (2),running thence northerly along that maritime boundary to its intersection by the outer limit of the Exclusive Economic Zone of Papua New Guinea. (3),thence generally northeasterly, easterly and southeasterly along that outer limit to its intersection by the Equator. (4),thence east along the Equator to its intersection by the meridian of Longitude 163 degrees East. (5),thence north along that meridian to its intersection by the parallel of Latitude 3 degrees North. (6),thence east along that parallel to its intersection by the meridian of Longitude 171 degrees East. (7),thence north along that meridian to its intersection by the parallel of Latitude 4 degrees North. (8),thence east along that parallel to its intersection by the meridian of Longitude 180 degrees East. (9),thence south along that meridian to its intersection by the Equator. (10),thence east along the Equator to its intersection by the meridian of Longitude 165 degrees West. (11),thence north along that meridian to its intersection by the parallel of Latitude 5 degrees 30 minutes North. (12),thence east along that parallel to its intersection by the meridian of Longitude 154 degrees West. (13),thence south along that meridian to its intersection by the Equator. (14),thence east along the Equator to its intersection by the meridian of Longitude 115 degrees West. (15),thence south along that meridian to its intersection by the parallel of Latitude 60 degrees South. (16),thence west along that parallel to its intersection by the meridian of Longitude 115 degrees East. (17),thence north along the meridian to its southernmost intersection by the outer limit of the territorial sea of Australia. (18),thence generally northerly and easterly along the outer limit of the territorial sea of Australia to its intersection by the meridian of Longitude 136 degrees 45 minutes East. (19),thence northeasterly along the geodesic to the point of Latitude 10 degrees 50 minutes South, Longitude 139 degrees 12 minutes East. (20),thence northeasterly along the maritime boundary between Indonesia and Papua New Guinea to where it joins the land border between those two countries. (21),thence generally northerly along the land border to where it joins the maritime boundary between Indonesia and Papua New Guinea, on the northern coastline of Papua New Guinea. and (22),thence generally northerly along that boundary to the point of commencement.",2,3.0,1985-08-06,0,1.0,1985-08-06,,"Australia(1985-08-06), Cook Islands(1985-08-06), Fiji(1985-08-06), Kiribati(1985-08-06), Nauru(1986-07-17), New Zealand(1985-08-06), Niue(1985-08-06), Papua New Guinea(1985-09-16), Samoa(1985-08-06), Solomon Islands(1985-08-06), Tonga(1996-08-02), Tuvalu(1985-08-06), Vanuatu(1995-09-16)",1.0,1986-12-11,,,13.0,1,0.0,,0.0,Ibid. Article 11. The Consultative Committee shall consider proposals for amendment of the provisions of this Treaty proposed by any Party and circulated by the Director to all Parties not less than three months prior to the convening of the Consultative Committee for this purpose. Any proposal agreed upon by consensus by the Consultative Committee shall be communicated to the Director who shall circulate it for acceptance to all Parties. An amendment shall enter into force thirty days after receipt by the depositary of acceptances from all Parties.,0.0,2.0,,2,0.0,
210001,1.0,nuclear explosive devise,"Nuclear Explosive Device means any nuclear weapon or other explosive device capable of releasing nuclear energy, irrespective of the purpose for which it could be used. The term includes such a weapon or device in unassembled and partly assembled forms, but does not include the means of transport or delivery of such a weapon or device if separable from and not an indivisible part of it. | Nuclear Explosive Device means any nuclear weapon or other explosive device capable of releasing nuclear energy, irrespective of the purpose for which it could be used. The term includes such a weapon or device in unassembled and partly assembled forms, but does not include the means of transport or delivery of such a weapon or device if separable from and not an indivisible part of it;","Ibid. Article 1:c: (c) Nuclear explosive device means any nuclear weapon or other explosive device capable of releasing nuclear energy, irrespective of the purpose for which it could be used. The term includes such a weapon or device in unassembled and partly assembled forms, but does not include the means of transport or delivery of such a weapon or device if separable from and not an indivisible part of it; | Pelindaba treaty. Article 1:c: (c) Nuclear explosive device means any nuclear weapon or other explosive device capable of releasing nuclear energy, irrespective of the purpose for which it could be used. The term includes such a weapon or device in unassembled and partly assembled forms, but does not include the means of transport or delivery of such a weapon or device if separable from and not an indivisible part of it; | Rarotonga Treaty. Article 1:c: nuclear explosive device means any nuclear weapon or other explosive device capable of releasing nuclear energy, irrespective of the purpose for which it could be used. The term includes such a weapon or device in unassembled and partly assembled forms, but does not include the means of transport or delivery of such a weapon or device if separable from and not an indivisible part of it;",0,0,0,0,0,0,0,1,0,0,0,0,0,1,0,0,0,0.0,,,Assumed directly upon force given no explicit indication otherwise,0.0,,,nuclear explosive devise,0,Nuclear weapon component (variant spelling); purely military,1986,Protocol 1 to the South Pacific Nuclear Free Zone Treaty,Protocol 1 to the South Pacific Nuclear-Weapon-Free Zone Treaty,"NFWZ, Nuclear Weapons",,,1,1.0,Assumed same as primary.,2,3.0,1986-08-08,0,1.0,1986-08-08,,"France(1996-03-25), The United Kingdom of Great Britain and Northern Ireland(1996-03-25), The United States of America(1996-03-25)",1.0,1996-09-20,,,2.0,2,1.0,France(1996-09-20),0.0,"Ibid. Article 2. Each Party may, by written notification to the depositary, indicate its acceptance from the date of such notification of any alteration to its obligation under this Protocol brought about by the entry into force of an amendment to the Treaty pursuant to Article 11 of the Treaty.",3.0,2.0,,0,0.0,
210002,1.0,nuclear explosive devise,"Nuclear Explosive Device means any nuclear weapon or other explosive device capable of releasing nuclear energy, irrespective of the purpose for which it could be used. The term includes such a weapon or device in unassembled and partly assembled forms, but does not include the means of transport or delivery of such a weapon or device if separable from and not an indivisible part of it. | Nuclear Explosive Device means any nuclear weapon or other explosive device capable of releasing nuclear energy, irrespective of the purpose for which it could be used. The term includes such a weapon or device in unassembled and partly assembled forms, but does not include the means of transport or delivery of such a weapon or device if separable from and not an indivisible part of it;","Ibid. Article 1:c: (c) Nuclear explosive device means any nuclear weapon or other explosive device capable of releasing nuclear energy, irrespective of the purpose for which it could be used. The term includes such a weapon or device in unassembled and partly assembled forms, but does not include the means of transport or delivery of such a weapon or device if separable from and not an indivisible part of it; | Pelindaba treaty. Article 1:c: (c) Nuclear explosive device means any nuclear weapon or other explosive device capable of releasing nuclear energy, irrespective of the purpose for which it could be used. The term includes such a weapon or device in unassembled and partly assembled forms, but does not include the means of transport or delivery of such a weapon or device if separable from and not an indivisible part of it; | Rarotonga Treaty. Article 1:c: nuclear explosive device means any nuclear weapon or other explosive device capable of releasing nuclear energy, irrespective of the purpose for which it could be used. The term includes such a weapon or device in unassembled and partly assembled forms, but does not include the means of transport or delivery of such a weapon or device if separable from and not an indivisible part of it;",0,0,0,0,0,0,0,1,0,0,0,0,0,1,0,0,0,0.0,,,Assumed directly upon force given no explicit indication otherwise,0.0,,,nuclear explosive devise,0,Nuclear weapon component (variant spelling); purely military,1986,Protocol 2 to the South Pacific Nuclear Free Zone Treaty,Protocol 2 to the South Pacific Nuclear-Weapon-Free Zone Treaty,"NFWZ, Nuclear Weapons",,,1,1.0,Assumed same as primary.,2,3.0,1986-08-08,0,1.0,1986-08-08,,"China(1987-02-10), France(1996-03-25), The Russian Federation(1986-12-15), The United Kingdom of Great Britain and Northern Ireland(1996-12-15), The United States of America(1996-03-15)",1.0,1988-04-21,,,4.0,2,1.0,France(1996-03-25),0.0,"Ibid. Article 3. Each Party may, by written notification to the depositary, indicate its acceptance from the date of such notification of any alteration to its obligation under this Protocol brought about by the entry into force of an amendment to the Treaty pursuant to Article 11 of the Treaty or by the extension of the South Pacific Nuclear Free Zone pursuant to Article 12(3),of the Treaty.",3.0,2.0,,0,0.0,
210003,1.0,nuclear explosive devise,"Nuclear Explosive Device means any nuclear weapon or other explosive device capable of releasing nuclear energy, irrespective of the purpose for which it could be used. The term includes such a weapon or device in unassembled and partly assembled forms, but does not include the means of transport or delivery of such a weapon or device if separable from and not an indivisible part of it. | Nuclear Explosive Device means any nuclear weapon or other explosive device capable of releasing nuclear energy, irrespective of the purpose for which it could be used. The term includes such a weapon or device in unassembled and partly assembled forms, but does not include the means of transport or delivery of such a weapon or device if separable from and not an indivisible part of it;","Ibid. Article 1:c: (c) Nuclear explosive device means any nuclear weapon or other explosive device capable of releasing nuclear energy, irrespective of the purpose for which it could be used. The term includes such a weapon or device in unassembled and partly assembled forms, but does not include the means of transport or delivery of such a weapon or device if separable from and not an indivisible part of it; | Pelindaba treaty. Article 1:c: (c) Nuclear explosive device means any nuclear weapon or other explosive device capable of releasing nuclear energy, irrespective of the purpose for which it could be used. The term includes such a weapon or device in unassembled and partly assembled forms, but does not include the means of transport or delivery of such a weapon or device if separable from and not an indivisible part of it; | Rarotonga Treaty. Article 1:c: nuclear explosive device means any nuclear weapon or other explosive device capable of releasing nuclear energy, irrespective of the purpose for which it could be used. The term includes such a weapon or device in unassembled and partly assembled forms, but does not include the means of transport or delivery of such a weapon or device if separable from and not an indivisible part of it;",0,0,0,0,0,0,0,1,0,0,0,0,0,1,0,0,0,0.0,,,Assumed directly upon force given no explicit indication otherwise,0.0,,,nuclear explosive devise,0,Nuclear weapon component (variant spelling); purely military,1986,Protocol 3 to the South Pacific Nuclear Free Zone Treaty,Protocol 3 to the South Pacific Nuclear-Weapon-Free Zone Treaty,"NFWZ, Nuclear Weapons",,,1,1.0,Assumed same as primary.,2,3.0,1986-08-08,0,1.0,1986-08-08,,"China(1987-02-10), France(1996-03-25), The Russian Federation(1986-12-15), The United Kingdom of Great Britain and Northern Ireland(1996-12-15), The United States of America(1996-03-15)",1.0,1988-04-21,,,4.0,2,1.0,France(1996-09-20),0.0,"Ibid. Article 2. Each Party may, by written notification to the depositary, indicate its acceptance from the date of such notification of any alteration to its obligation under this Protocol brought about by the entry into force of an amendment to the Treaty pursuant to Article 11 of the Treaty.",3.0,2.0,,0,0.0,
340,1.0,nuclear explosive devise,"Nuclear Explosive Device means any nuclear weapon or other explosive device capable of releasing nuclear energy, irrespective of the purpose for which it could be used. The term includes such a weapon or device in unassembled and partly assembled forms, but does not include the means of transport or delivery of such a weapon or device if separable from and not an indivisible part of it. | Nuclear Explosive Device means any nuclear weapon or other explosive device capable of releasing nuclear energy, irrespective of the purpose for which it could be used. The term includes such a weapon or device in unassembled and partly assembled forms, but does not include the means of transport or delivery of such a weapon or device if separable from and not an indivisible part of it;","Ibid. Article 1:c: (c) Nuclear explosive device means any nuclear weapon or other explosive device capable of releasing nuclear energy, irrespective of the purpose for which it could be used. The term includes such a weapon or device in unassembled and partly assembled forms, but does not include the means of transport or delivery of such a weapon or device if separable from and not an indivisible part of it; | Pelindaba treaty. Article 1:c: (c) Nuclear explosive device means any nuclear weapon or other explosive device capable of releasing nuclear energy, irrespective of the purpose for which it could be used. The term includes such a weapon or device in unassembled and partly assembled forms, but does not include the means of transport or delivery of such a weapon or device if separable from and not an indivisible part of it; | Rarotonga Treaty. Article 1:c: nuclear explosive device means any nuclear weapon or other explosive device capable of releasing nuclear energy, irrespective of the purpose for which it could be used. The term includes such a weapon or device in unassembled and partly assembled forms, but does not include the means of transport or delivery of such a weapon or device if separable from and not an indivisible part of it;",0,0,0,0,0,0,0,1,0,0,0,0,0,1,0,0,0,0.0,,,Assumed directly upon force given no explicit indication otherwise,0.0,,,nuclear explosive devise,0,Nuclear weapon component (variant spelling); purely military,1996,African NuclearWeaponFree Zone Treaty,Pelindaba Treaty,"NFWZ, Nuclear Weapons",0.0,,1,0.0,"Ibid. Article 2.1. Except where otherwise specified, this Treaty and its Protocols shall apply to the territory within the African nuclearweaponfree zone, as illustrated in the map in annex I.",2,3.0,1996-11-04,0,1.0,1995-06-28,,"Algeria(1996-04-11), Angola(1996-04-11), Benin(1996-04-11), Botswana(1996-06-09), Burkina Faso(1996-04-11), Burundi(1996-04-11), Cabo Verde(1996-04-11), Cameroon(1996-04-11), Central African Republic(1996-04-11), Chad(1996-04-11), Comoros(1996-04-11), Congo(1997-01-27), Cote d'Ivoire(1996-04-11), The Democratic Republic of the Congo(1996-04-11), Djibouti(1996-04-11), Egypt(1996-04-11), Eritrea(1996-04-11), Eswatini(1996-04-11), Ethiopia(1996-04-11), Gabon(1996-04-11), Gambia(1996-04-11), Ghana(1996-04-11), Guinea(1996-04-11), Guinea Bissau(1996-04-11), Kenya(1996-04-11), Lesotho(1996-04-11), Liberia(1996-07-09), Libya(1996-04-11), Malawi(1996-04-11), Mali(1996-04-11), Mauritania(1996-04-11), Mauritius(1996-04-11), Marocco(1996-04-11), Mozambique(1996-04-11), Namibia(1996-04-11), Niger(1996-04-11), Nigeria(1996-04-11), Rwanda(1996-04-11), Sao Tome and Principe(1996-07-09), Senegal(1996-04-11), Seychelles(1996-07-09), Sierra Leone(1996-04-11), Somalia(2006-02-23), South Africa(1996-04-11), Sudan(1996-04-11), Togo(1996-04-11), Tunisia(1996-04-11), Uganda(1996-04-11), Tanzania(1996-04-11), Zambia(1996-04-11), Zimbabwe(1996-04-11)",1.0,2009-07-15,,,43.0,1,0.0,,0.0,"ibid. Article 19. Any amendments to the Treaty proposed by a Party shall be submitted to the Commission, which shall circulate it to all Parties.",2.0,0.0,,2,0.0,
340001,1.0,nuclear explosive devise,"Nuclear Explosive Device means any nuclear weapon or other explosive device capable of releasing nuclear energy, irrespective of the purpose for which it could be used. The term includes such a weapon or device in unassembled and partly assembled forms, but does not include the means of transport or delivery of such a weapon or device if separable from and not an indivisible part of it. | Nuclear Explosive Device means any nuclear weapon or other explosive device capable of releasing nuclear energy, irrespective of the purpose for which it could be used. The term includes such a weapon or device in unassembled and partly assembled forms, but does not include the means of transport or delivery of such a weapon or device if separable from and not an indivisible part of it;","Ibid. Article 1:c: (c) Nuclear explosive device means any nuclear weapon or other explosive device capable of releasing nuclear energy, irrespective of the purpose for which it could be used. The term includes such a weapon or device in unassembled and partly assembled forms, but does not include the means of transport or delivery of such a weapon or device if separable from and not an indivisible part of it; | Pelindaba treaty. Article 1:c: (c) Nuclear explosive device means any nuclear weapon or other explosive device capable of releasing nuclear energy, irrespective of the purpose for which it could be used. The term includes such a weapon or device in unassembled and partly assembled forms, but does not include the means of transport or delivery of such a weapon or device if separable from and not an indivisible part of it; | Rarotonga Treaty. Article 1:c: nuclear explosive device means any nuclear weapon or other explosive device capable of releasing nuclear energy, irrespective of the purpose for which it could be used. The term includes such a weapon or device in unassembled and partly assembled forms, but does not include the means of transport or delivery of such a weapon or device if separable from and not an indivisible part of it;",0,0,0,0,0,0,0,1,0,0,0,0,0,1,0,0,0,0.0,,,Assumed directly upon force given no explicit indication otherwise,0.0,,,nuclear explosive devise,0,Nuclear weapon component (variant spelling); purely military,1996,Protocol I to the Pelindaba Treaty,Treaty Protocol I,"NFWZ, Nuclear Weapons",,,1,0.0,Assumed same as primary.,2,3.0,1996-11-04,0,1.0,1995-06-28,,"China(1996-04-11), France(1996-04-11), The Russian Federation(1996-11-05), The United Kingdom of Great Britain and Northern Ireland(1996-04-11), The United States of America(1996-04-11)",1.0,2009-07-15,,,4.0,2,1.0,France(1996-04-11),2.0,,,0.0,,2,0.0,
340002,1.0,nuclear explosive devise,"Nuclear Explosive Device means any nuclear weapon or other explosive device capable of releasing nuclear energy, irrespective of the purpose for which it could be used. The term includes such a weapon or device in unassembled and partly assembled forms, but does not include the means of transport or delivery of such a weapon or device if separable from and not an indivisible part of it. | Nuclear Explosive Device means any nuclear weapon or other explosive device capable of releasing nuclear energy, irrespective of the purpose for which it could be used. The term includes such a weapon or device in unassembled and partly assembled forms, but does not include the means of transport or delivery of such a weapon or device if separable from and not an indivisible part of it;","Ibid. Article 1:c: (c) Nuclear explosive device means any nuclear weapon or other explosive device capable of releasing nuclear energy, irrespective of the purpose for which it could be used. The term includes such a weapon or device in unassembled and partly assembled forms, but does not include the means of transport or delivery of such a weapon or device if separable from and not an indivisible part of it; | Pelindaba treaty. Article 1:c: (c) Nuclear explosive device means any nuclear weapon or other explosive device capable of releasing nuclear energy, irrespective of the purpose for which it could be used. The term includes such a weapon or device in unassembled and partly assembled forms, but does not include the means of transport or delivery of such a weapon or device if separable from and not an indivisible part of it; | Rarotonga Treaty. Article 1:c: nuclear explosive device means any nuclear weapon or other explosive device capable of releasing nuclear energy, irrespective of the purpose for which it could be used. The term includes such a weapon or device in unassembled and partly assembled forms, but does not include the means of transport or delivery of such a weapon or device if separable from and not an indivisible part of it;",0,0,0,0,0,0,0,1,0,0,0,0,0,1,0,0,0,0.0,,,Assumed directly upon force given no explicit indication otherwise,0.0,,,nuclear explosive devise,0,Nuclear weapon component (variant spelling); purely military,1996,Protocol II to the Pelindaba Treaty,Treaty Protocol II,"NFWZ, Nuclear Weapons",,,1,0.0,Assumed same as primary.,2,3.0,1996-11-04,0,1.0,1995-06-28,,"China(1996-04-11), France(1996-04-11), The Russian Federation(1996-11-05), The United Kingdom of Great Britain and Northern Ireland(1996-04-11), The United States of America(1996-04-11)",1.0,2009-07-15,,,4.0,2,1.0,France(1996-04-11),2.0,,,0.0,,2,0.0,
340003,1.0,nuclear explosive devise,"Nuclear Explosive Device means any nuclear weapon or other explosive device capable of releasing nuclear energy, irrespective of the purpose for which it could be used. The term includes such a weapon or device in unassembled and partly assembled forms, but does not include the means of transport or delivery of such a weapon or device if separable from and not an indivisible part of it. | Nuclear Explosive Device means any nuclear weapon or other explosive device capable of releasing nuclear energy, irrespective of the purpose for which it could be used. The term includes such a weapon or device in unassembled and partly assembled forms, but does not include the means of transport or delivery of such a weapon or device if separable from and not an indivisible part of it;","Ibid. Article 1:c: (c) Nuclear explosive device means any nuclear weapon or other explosive device capable of releasing nuclear energy, irrespective of the purpose for which it could be used. The term includes such a weapon or device in unassembled and partly assembled forms, but does not include the means of transport or delivery of such a weapon or device if separable from and not an indivisible part of it; | Pelindaba treaty. Article 1:c: (c) Nuclear explosive device means any nuclear weapon or other explosive device capable of releasing nuclear energy, irrespective of the purpose for which it could be used. The term includes such a weapon or device in unassembled and partly assembled forms, but does not include the means of transport or delivery of such a weapon or device if separable from and not an indivisible part of it; | Rarotonga Treaty. Article 1:c: nuclear explosive device means any nuclear weapon or other explosive device capable of releasing nuclear energy, irrespective of the purpose for which it could be used. The term includes such a weapon or device in unassembled and partly assembled forms, but does not include the means of transport or delivery of such a weapon or device if separable from and not an indivisible part of it;",0,0,0,0,0,0,0,1,0,0,0,0,0,1,0,0,0,0.0,,,Assumed directly upon force given no explicit indication otherwise,0.0,,,nuclear explosive devise,0,Nuclear weapon component (variant spelling); purely military,1996,Protocol III to the Pelindaba Treaty,Treaty Protocol III,"NFWZ, Nuclear Weapons",,,1,0.0,Assumed same as primary.,2,3.0,1996-11-04,0,1.0,1995-06-28,,France(1996-04-11),1.0,1996-09-20,,,1.0,2,1.0,France(1996-04-11),2.0,,,0.0,,2,0.0,
1401,1.0,icbm launcher,"1) Any silo launcher of ICBMs other than a silo test launcher, a silo training launcher, or a silo launcher located at a space launch facility. 2) Any deployed mobile launcher of ICBMs. | ICBM launcher means a device intended or used to contain, prepare for launch, and launch an ICBM, deployed launcher of ICBMs means an ICBM launcher that contains an ICBM and is not an ICBM test launcher, an ICBM training launcher, or an ICBM launcher located at a space launch facility, non deployed launcher of ICBMs means an ICBM test launcher, an ICBM training launcher, an ICBM launcher located at a space launch facility, or an ICBM launcher, other than a soft site launcher, that does not contain a deployed ICBM, test launcher means an ICBM launcher or an SLBM launcher located within a test range. | Land based launchers of ballistic missiles capable of a range in excess of the shortest distance between the northeastern border of the continental part of the territory of the United States of America and the northwestern border of the continental part of the territory of the Union of Soviet Socialist Republics, that is, a range in excess of 5,500 kilometers. 2) All launchers which have been developed and tested for launching ICBMs. If a launcher has been developed and tested for launching an ICBM(If a launcher contains or launches an ICBM, that launcher shall be considered to have been developed and tested for launching ICBMs). 3) If a launcher has been developed and tested for launching an ICBM, all launchers of that type, except for ICBM test and training launchers, shall be included in the aggregate numbers of strategic offensive arms provided for in Article III of the Treaty, pursuant to the provisions of Article VI of the Treaty. 4) The one hundred and seventy seven former Atlas and Titan I ICBM launchers of the United States of America, which are no longer operational and are partially dismantled, shall not be considered as subject to the limitations provided for in the Treaty. ","Ibid. Article 11:1: Intercontinental ballistic missile (ICBM) launchers are land based launchers of ballistic missiles capable of a range in excess of the shortest distance between the northeastern border of the continental part of the territory of the United States of America and the northwestern border of the continental part of the territory of the Union of Soviet Socialist Republics, that is, a range in excess of 5,500 kilometers. First Agreed Statement: The term intercontinental ballistic missile launchers, as defined in paragraph 1 of Article II of the Treaty, includes all launchers which have been developed and tested for launching ICBMs. If a launcher has been developed and tested for launching an ICBM, all launchers of that type shall be considered to have been developed and tested for launching ICBMs. First Common Understanding: If a launcher contains or launches an ICBM, that launcher shall be considered to have been developed and tested for launching ICBMs. Second Common Understanding: If a launcher has been developed and tested for launching an ICBM, all launchers of that type, except for ICBM test and training launchers, shall be included in the aggregate numbers of strategic offensive arms provided for in Article III of the Treaty, pursuant to the provisions of Article VI of the Treaty. Third Common Understanding: The one hundred and seventy seven former Atlas and Titan I ICBM launchers of the United States of America, which are no longer operational and are partially dismantled, shall not be considered as subject to the limitations provided for in the Treaty. | START: Definitions Annex', 1991. Term 17 (90). https://www.acq.osd.mil/asda/ssipm/sdc/tc/start1/START1 annex definitions.html. | ibid.   Protocol. Part One: 28 The term ICBM launcher means a device intended or used to contain, prepare for launch, and launch an ICBM., 14 The term deployed launcher of ICBMs means an ICBM launcher that contains an ICBM and is not an ICBM test launcher, an ICBM training launcher, or an ICBM launcher located at a space launch facility., 49 The term non deployed launcher of ICBMs means an ICBM test launcher, an ICBM training launcher, an ICBM launcher located at a space launch facility, or an ICBM launcher, other than a soft site launcher, that does not contain a deployed ICBM., 80 The term test launcher1' means an ICBM launcher or an SLBM launcher located within a test range..",0,0,1,0,0,0,0,0,0,0,0,0,0,0,0,0,0,1.0,1972-07-01,,"Ibid. Article 1: The Parties undertake not to start construction of additional fixed land based intercontinental ballistic missile (ICBM) launchers after July 1, 1972. Comment: Common understaninding May 6, 1972, Minister Semenov made the following statement: In an effort to accommodate the wishes of the U.S. side, the Soviet Delegation is prepared to proceed on the basis that the two sides will in fact observe the obligations of both the Interim Agreement and the ABM Treaty beginning from the date of signature of these two documents. In reply, the U.S. Delegation made the following statement on May 20, 1972: The United States agrees in principle with the Soviet statement made on May 6 concerning observance of obligations beginning from date of signature but we would like to make clear our understanding that this means that, pending ratification and acceptance, neither side would take any action prohibited by the agreements after they had entered into force. This understanding would continue to apply in the absence of notification by either signatory of its intention not to proceed with ratification or approval. The Soviet Delegation indicated agreement with the U.S. statement.",0.0,,,icbm launcher,0,Military launcher; purely military,1972,Interim Agreement Between The United States of America and The Union of Soviet Socialist Republics on Certain Measures With Respect to the Limitation of Strategic Offensive Arms,Interim Agreement,"Bilateral, Nuclear Weapons",0.0,,0,,,1,3.0,1972-05-26,2,,,,"The Union of Soviet Socialist Republics(1972-05-26), The United States of America(1972-05-26)",1.0,1972-10-03,,,2.0,2,0.0,,2.0,,,0.0,,1,0.0,
1403,1.0,icbm launcher,"1) Any silo launcher of ICBMs other than a silo test launcher, a silo training launcher, or a silo launcher located at a space launch facility. 2) Any deployed mobile launcher of ICBMs. | ICBM launcher means a device intended or used to contain, prepare for launch, and launch an ICBM, deployed launcher of ICBMs means an ICBM launcher that contains an ICBM and is not an ICBM test launcher, an ICBM training launcher, or an ICBM launcher located at a space launch facility, non deployed launcher of ICBMs means an ICBM test launcher, an ICBM training launcher, an ICBM launcher located at a space launch facility, or an ICBM launcher, other than a soft site launcher, that does not contain a deployed ICBM, test launcher means an ICBM launcher or an SLBM launcher located within a test range. | Land based launchers of ballistic missiles capable of a range in excess of the shortest distance between the northeastern border of the continental part of the territory of the United States of America and the northwestern border of the continental part of the territory of the Union of Soviet Socialist Republics, that is, a range in excess of 5,500 kilometers. 2) All launchers which have been developed and tested for launching ICBMs. If a launcher has been developed and tested for launching an ICBM(If a launcher contains or launches an ICBM, that launcher shall be considered to have been developed and tested for launching ICBMs). 3) If a launcher has been developed and tested for launching an ICBM, all launchers of that type, except for ICBM test and training launchers, shall be included in the aggregate numbers of strategic offensive arms provided for in Article III of the Treaty, pursuant to the provisions of Article VI of the Treaty. 4) The one hundred and seventy seven former Atlas and Titan I ICBM launchers of the United States of America, which are no longer operational and are partially dismantled, shall not be considered as subject to the limitations provided for in the Treaty. ","Ibid. Article 11:1: Intercontinental ballistic missile (ICBM) launchers are land based launchers of ballistic missiles capable of a range in excess of the shortest distance between the northeastern border of the continental part of the territory of the United States of America and the northwestern border of the continental part of the territory of the Union of Soviet Socialist Republics, that is, a range in excess of 5,500 kilometers. First Agreed Statement: The term intercontinental ballistic missile launchers, as defined in paragraph 1 of Article II of the Treaty, includes all launchers which have been developed and tested for launching ICBMs. If a launcher has been developed and tested for launching an ICBM, all launchers of that type shall be considered to have been developed and tested for launching ICBMs. First Common Understanding: If a launcher contains or launches an ICBM, that launcher shall be considered to have been developed and tested for launching ICBMs. Second Common Understanding: If a launcher has been developed and tested for launching an ICBM, all launchers of that type, except for ICBM test and training launchers, shall be included in the aggregate numbers of strategic offensive arms provided for in Article III of the Treaty, pursuant to the provisions of Article VI of the Treaty. Third Common Understanding: The one hundred and seventy seven former Atlas and Titan I ICBM launchers of the United States of America, which are no longer operational and are partially dismantled, shall not be considered as subject to the limitations provided for in the Treaty. | START: Definitions Annex', 1991. Term 17 (90). https://www.acq.osd.mil/asda/ssipm/sdc/tc/start1/START1 annex definitions.html. | ibid.   Protocol. Part One: 28 The term ICBM launcher means a device intended or used to contain, prepare for launch, and launch an ICBM., 14 The term deployed launcher of ICBMs means an ICBM launcher that contains an ICBM and is not an ICBM test launcher, an ICBM training launcher, or an ICBM launcher located at a space launch facility., 49 The term non deployed launcher of ICBMs means an ICBM test launcher, an ICBM training launcher, an ICBM launcher located at a space launch facility, or an ICBM launcher, other than a soft site launcher, that does not contain a deployed ICBM., 80 The term test launcher1' means an ICBM launcher or an SLBM launcher located within a test range..",0,0,1,0,0,0,0,0,0,0,0,0,0,0,0,0,0,1.0,1972-07-01,,"Ibid. Article 1: The Parties undertake not to start construction of additional fixed land based intercontinental ballistic missile (ICBM) launchers after July 1, 1972. Comment: Common understaninding May 6, 1972, Minister Semenov made the following statement: In an effort to accommodate the wishes of the U.S. side, the Soviet Delegation is prepared to proceed on the basis that the two sides will in fact observe the obligations of both the Interim Agreement and the ABM Treaty beginning from the date of signature of these two documents. In reply, the U.S. Delegation made the following statement on May 20, 1972: The United States agrees in principle with the Soviet statement made on May 6 concerning observance of obligations beginning from date of signature but we would like to make clear our understanding that this means that, pending ratification and acceptance, neither side would take any action prohibited by the agreements after they had entered into force. This understanding would continue to apply in the absence of notification by either signatory of its intention not to proceed with ratification or approval. The Soviet Delegation indicated agreement with the U.S. statement.",0.0,,,icbm launcher,0,Military launcher; purely military,1979,Treaty Between The United States of America and The Union of Soviet Socialist Republics on the Limitation of Strategic Offensive Arms,SALT II,"Bilateral, Nuclear Weapons",0.0,,0,,,1,3.0,1979-06-18,4,,,,"The Union of Soviet Socialist Republics(1979-06-18), The United States of America(1979-06-18)",0.0,,,,,2,0.0,,0.0,Ibid. Article XVIII. Each Party may propose amendments to this Treaty. Agreed amendments shall enter into force in accordance with the procedures governing the entry into force of this Treaty.,0.0,2.0,,1,,
2801,1.0,icbm launcher,"1) Any silo launcher of ICBMs other than a silo test launcher, a silo training launcher, or a silo launcher located at a space launch facility. 2) Any deployed mobile launcher of ICBMs. | ICBM launcher means a device intended or used to contain, prepare for launch, and launch an ICBM, deployed launcher of ICBMs means an ICBM launcher that contains an ICBM and is not an ICBM test launcher, an ICBM training launcher, or an ICBM launcher located at a space launch facility, non deployed launcher of ICBMs means an ICBM test launcher, an ICBM training launcher, an ICBM launcher located at a space launch facility, or an ICBM launcher, other than a soft site launcher, that does not contain a deployed ICBM, test launcher means an ICBM launcher or an SLBM launcher located within a test range. | Land based launchers of ballistic missiles capable of a range in excess of the shortest distance between the northeastern border of the continental part of the territory of the United States of America and the northwestern border of the continental part of the territory of the Union of Soviet Socialist Republics, that is, a range in excess of 5,500 kilometers. 2) All launchers which have been developed and tested for launching ICBMs. If a launcher has been developed and tested for launching an ICBM(If a launcher contains or launches an ICBM, that launcher shall be considered to have been developed and tested for launching ICBMs). 3) If a launcher has been developed and tested for launching an ICBM, all launchers of that type, except for ICBM test and training launchers, shall be included in the aggregate numbers of strategic offensive arms provided for in Article III of the Treaty, pursuant to the provisions of Article VI of the Treaty. 4) The one hundred and seventy seven former Atlas and Titan I ICBM launchers of the United States of America, which are no longer operational and are partially dismantled, shall not be considered as subject to the limitations provided for in the Treaty. ","Ibid. Article 11:1: Intercontinental ballistic missile (ICBM) launchers are land based launchers of ballistic missiles capable of a range in excess of the shortest distance between the northeastern border of the continental part of the territory of the United States of America and the northwestern border of the continental part of the territory of the Union of Soviet Socialist Republics, that is, a range in excess of 5,500 kilometers. First Agreed Statement: The term intercontinental ballistic missile launchers, as defined in paragraph 1 of Article II of the Treaty, includes all launchers which have been developed and tested for launching ICBMs. If a launcher has been developed and tested for launching an ICBM, all launchers of that type shall be considered to have been developed and tested for launching ICBMs. First Common Understanding: If a launcher contains or launches an ICBM, that launcher shall be considered to have been developed and tested for launching ICBMs. Second Common Understanding: If a launcher has been developed and tested for launching an ICBM, all launchers of that type, except for ICBM test and training launchers, shall be included in the aggregate numbers of strategic offensive arms provided for in Article III of the Treaty, pursuant to the provisions of Article VI of the Treaty. Third Common Understanding: The one hundred and seventy seven former Atlas and Titan I ICBM launchers of the United States of America, which are no longer operational and are partially dismantled, shall not be considered as subject to the limitations provided for in the Treaty. | START: Definitions Annex', 1991. Term 17 (90). https://www.acq.osd.mil/asda/ssipm/sdc/tc/start1/START1 annex definitions.html. | ibid.   Protocol. Part One: 28 The term ICBM launcher means a device intended or used to contain, prepare for launch, and launch an ICBM., 14 The term deployed launcher of ICBMs means an ICBM launcher that contains an ICBM and is not an ICBM test launcher, an ICBM training launcher, or an ICBM launcher located at a space launch facility., 49 The term non deployed launcher of ICBMs means an ICBM test launcher, an ICBM training launcher, an ICBM launcher located at a space launch facility, or an ICBM launcher, other than a soft site launcher, that does not contain a deployed ICBM., 80 The term test launcher1' means an ICBM launcher or an SLBM launcher located within a test range..",0,0,1,0,0,0,0,0,0,0,0,0,0,0,0,0,0,1.0,1972-07-01,,"Ibid. Article 1: The Parties undertake not to start construction of additional fixed land based intercontinental ballistic missile (ICBM) launchers after July 1, 1972. Comment: Common understaninding May 6, 1972, Minister Semenov made the following statement: In an effort to accommodate the wishes of the U.S. side, the Soviet Delegation is prepared to proceed on the basis that the two sides will in fact observe the obligations of both the Interim Agreement and the ABM Treaty beginning from the date of signature of these two documents. In reply, the U.S. Delegation made the following statement on May 20, 1972: The United States agrees in principle with the Soviet statement made on May 6 concerning observance of obligations beginning from date of signature but we would like to make clear our understanding that this means that, pending ratification and acceptance, neither side would take any action prohibited by the agreements after they had entered into force. This understanding would continue to apply in the absence of notification by either signatory of its intention not to proceed with ratification or approval. The Soviet Delegation indicated agreement with the U.S. statement.",0.0,,,icbm launcher,0,Military launcher; purely military,1991,"Strategic Arms Reduction Talks (START),Treaty",START I,"Bilateral, Nuclear Weapons",0.0,,0,,,1,3.0,1991-07-31,2,,,,"The Union of Soviet Socialist Republics(1991-07-31), The United States of America(1991-07-31)",1.0,1994-12-05,,,2.0,2,0.0,,0.0,Each Party may propose amendments to this Treaty. Agreed amendments shall enter into force in accordance with the procedures governing entry into force of this Treaty. Ibid Article XVIII,4.0,0.0,,1,0.0,
2802,1.0,icbm launcher,"1) Any silo launcher of ICBMs other than a silo test launcher, a silo training launcher, or a silo launcher located at a space launch facility. 2) Any deployed mobile launcher of ICBMs. | ICBM launcher means a device intended or used to contain, prepare for launch, and launch an ICBM, deployed launcher of ICBMs means an ICBM launcher that contains an ICBM and is not an ICBM test launcher, an ICBM training launcher, or an ICBM launcher located at a space launch facility, non deployed launcher of ICBMs means an ICBM test launcher, an ICBM training launcher, an ICBM launcher located at a space launch facility, or an ICBM launcher, other than a soft site launcher, that does not contain a deployed ICBM, test launcher means an ICBM launcher or an SLBM launcher located within a test range. | Land based launchers of ballistic missiles capable of a range in excess of the shortest distance between the northeastern border of the continental part of the territory of the United States of America and the northwestern border of the continental part of the territory of the Union of Soviet Socialist Republics, that is, a range in excess of 5,500 kilometers. 2) All launchers which have been developed and tested for launching ICBMs. If a launcher has been developed and tested for launching an ICBM(If a launcher contains or launches an ICBM, that launcher shall be considered to have been developed and tested for launching ICBMs). 3) If a launcher has been developed and tested for launching an ICBM, all launchers of that type, except for ICBM test and training launchers, shall be included in the aggregate numbers of strategic offensive arms provided for in Article III of the Treaty, pursuant to the provisions of Article VI of the Treaty. 4) The one hundred and seventy seven former Atlas and Titan I ICBM launchers of the United States of America, which are no longer operational and are partially dismantled, shall not be considered as subject to the limitations provided for in the Treaty. ","Ibid. Article 11:1: Intercontinental ballistic missile (ICBM) launchers are land based launchers of ballistic missiles capable of a range in excess of the shortest distance between the northeastern border of the continental part of the territory of the United States of America and the northwestern border of the continental part of the territory of the Union of Soviet Socialist Republics, that is, a range in excess of 5,500 kilometers. First Agreed Statement: The term intercontinental ballistic missile launchers, as defined in paragraph 1 of Article II of the Treaty, includes all launchers which have been developed and tested for launching ICBMs. If a launcher has been developed and tested for launching an ICBM, all launchers of that type shall be considered to have been developed and tested for launching ICBMs. First Common Understanding: If a launcher contains or launches an ICBM, that launcher shall be considered to have been developed and tested for launching ICBMs. Second Common Understanding: If a launcher has been developed and tested for launching an ICBM, all launchers of that type, except for ICBM test and training launchers, shall be included in the aggregate numbers of strategic offensive arms provided for in Article III of the Treaty, pursuant to the provisions of Article VI of the Treaty. Third Common Understanding: The one hundred and seventy seven former Atlas and Titan I ICBM launchers of the United States of America, which are no longer operational and are partially dismantled, shall not be considered as subject to the limitations provided for in the Treaty. | START: Definitions Annex', 1991. Term 17 (90). https://www.acq.osd.mil/asda/ssipm/sdc/tc/start1/START1 annex definitions.html. | ibid.   Protocol. Part One: 28 The term ICBM launcher means a device intended or used to contain, prepare for launch, and launch an ICBM., 14 The term deployed launcher of ICBMs means an ICBM launcher that contains an ICBM and is not an ICBM test launcher, an ICBM training launcher, or an ICBM launcher located at a space launch facility., 49 The term non deployed launcher of ICBMs means an ICBM test launcher, an ICBM training launcher, an ICBM launcher located at a space launch facility, or an ICBM launcher, other than a soft site launcher, that does not contain a deployed ICBM., 80 The term test launcher1' means an ICBM launcher or an SLBM launcher located within a test range..",0,0,1,0,0,0,0,0,0,0,0,0,0,0,0,0,0,1.0,1972-07-01,,"Ibid. Article 1: The Parties undertake not to start construction of additional fixed land based intercontinental ballistic missile (ICBM) launchers after July 1, 1972. Comment: Common understaninding May 6, 1972, Minister Semenov made the following statement: In an effort to accommodate the wishes of the U.S. side, the Soviet Delegation is prepared to proceed on the basis that the two sides will in fact observe the obligations of both the Interim Agreement and the ABM Treaty beginning from the date of signature of these two documents. In reply, the U.S. Delegation made the following statement on May 20, 1972: The United States agrees in principle with the Soviet statement made on May 6 concerning observance of obligations beginning from date of signature but we would like to make clear our understanding that this means that, pending ratification and acceptance, neither side would take any action prohibited by the agreements after they had entered into force. This understanding would continue to apply in the absence of notification by either signatory of its intention not to proceed with ratification or approval. The Soviet Delegation indicated agreement with the U.S. statement.",0.0,,,icbm launcher,0,Military launcher; purely military,1993,Treaty Between The United States of America and The Union of Soviet Socialist Republics on the Reduction and Limitation of Strategic Offensive Arms,START II,"Bilateral, Nuclear Weapons",0.0,,0,,,1,3.0,1993-01-03,4,,,,"The Russian Federation(1993-01-03), The United States of America(1993-01-03)",0.0,,,,2.0,2,0.0,,0.0,Ibid. Article VII.,0.0,0.0,,1,,
2803,1.0,icbm launcher,"1) Any silo launcher of ICBMs other than a silo test launcher, a silo training launcher, or a silo launcher located at a space launch facility. 2) Any deployed mobile launcher of ICBMs. | ICBM launcher means a device intended or used to contain, prepare for launch, and launch an ICBM, deployed launcher of ICBMs means an ICBM launcher that contains an ICBM and is not an ICBM test launcher, an ICBM training launcher, or an ICBM launcher located at a space launch facility, non deployed launcher of ICBMs means an ICBM test launcher, an ICBM training launcher, an ICBM launcher located at a space launch facility, or an ICBM launcher, other than a soft site launcher, that does not contain a deployed ICBM, test launcher means an ICBM launcher or an SLBM launcher located within a test range. | Land based launchers of ballistic missiles capable of a range in excess of the shortest distance between the northeastern border of the continental part of the territory of the United States of America and the northwestern border of the continental part of the territory of the Union of Soviet Socialist Republics, that is, a range in excess of 5,500 kilometers. 2) All launchers which have been developed and tested for launching ICBMs. If a launcher has been developed and tested for launching an ICBM(If a launcher contains or launches an ICBM, that launcher shall be considered to have been developed and tested for launching ICBMs). 3) If a launcher has been developed and tested for launching an ICBM, all launchers of that type, except for ICBM test and training launchers, shall be included in the aggregate numbers of strategic offensive arms provided for in Article III of the Treaty, pursuant to the provisions of Article VI of the Treaty. 4) The one hundred and seventy seven former Atlas and Titan I ICBM launchers of the United States of America, which are no longer operational and are partially dismantled, shall not be considered as subject to the limitations provided for in the Treaty. ","Ibid. Article 11:1: Intercontinental ballistic missile (ICBM) launchers are land based launchers of ballistic missiles capable of a range in excess of the shortest distance between the northeastern border of the continental part of the territory of the United States of America and the northwestern border of the continental part of the territory of the Union of Soviet Socialist Republics, that is, a range in excess of 5,500 kilometers. First Agreed Statement: The term intercontinental ballistic missile launchers, as defined in paragraph 1 of Article II of the Treaty, includes all launchers which have been developed and tested for launching ICBMs. If a launcher has been developed and tested for launching an ICBM, all launchers of that type shall be considered to have been developed and tested for launching ICBMs. First Common Understanding: If a launcher contains or launches an ICBM, that launcher shall be considered to have been developed and tested for launching ICBMs. Second Common Understanding: If a launcher has been developed and tested for launching an ICBM, all launchers of that type, except for ICBM test and training launchers, shall be included in the aggregate numbers of strategic offensive arms provided for in Article III of the Treaty, pursuant to the provisions of Article VI of the Treaty. Third Common Understanding: The one hundred and seventy seven former Atlas and Titan I ICBM launchers of the United States of America, which are no longer operational and are partially dismantled, shall not be considered as subject to the limitations provided for in the Treaty. | START: Definitions Annex', 1991. Term 17 (90). https://www.acq.osd.mil/asda/ssipm/sdc/tc/start1/START1 annex definitions.html. | ibid.   Protocol. Part One: 28 The term ICBM launcher means a device intended or used to contain, prepare for launch, and launch an ICBM., 14 The term deployed launcher of ICBMs means an ICBM launcher that contains an ICBM and is not an ICBM test launcher, an ICBM training launcher, or an ICBM launcher located at a space launch facility., 49 The term non deployed launcher of ICBMs means an ICBM test launcher, an ICBM training launcher, an ICBM launcher located at a space launch facility, or an ICBM launcher, other than a soft site launcher, that does not contain a deployed ICBM., 80 The term test launcher1' means an ICBM launcher or an SLBM launcher located within a test range..",0,0,1,0,0,0,0,0,0,0,0,0,0,0,0,0,0,1.0,1972-07-01,,"Ibid. Article 1: The Parties undertake not to start construction of additional fixed land based intercontinental ballistic missile (ICBM) launchers after July 1, 1972. Comment: Common understaninding May 6, 1972, Minister Semenov made the following statement: In an effort to accommodate the wishes of the U.S. side, the Soviet Delegation is prepared to proceed on the basis that the two sides will in fact observe the obligations of both the Interim Agreement and the ABM Treaty beginning from the date of signature of these two documents. In reply, the U.S. Delegation made the following statement on May 20, 1972: The United States agrees in principle with the Soviet statement made on May 6 concerning observance of obligations beginning from date of signature but we would like to make clear our understanding that this means that, pending ratification and acceptance, neither side would take any action prohibited by the agreements after they had entered into force. This understanding would continue to apply in the absence of notification by either signatory of its intention not to proceed with ratification or approval. The Soviet Delegation indicated agreement with the U.S. statement.",0.0,,,icbm launcher,0,Military launcher; purely military,2010,Treaty between The United States of America and The The Russian Federation on Measures for the Further Reduction and Limitation of Strategic Offensive Arms,New START Treaty,"Bilateral, Nuclear Weapons",1.0,Treaty between The United States of America and The The Russian Federation on Strategic Offensive Reductions Treaty (SORT)(2002).,0,,,1,3.0,2010-04-08,0,,,,"The Russian Federation(2010-04-08), The United States of America(2010-04-08)",1.0,2011-02-05,,,2.0,2,0.0,,0.0,ibid. Treaty. Article XV. 1 Each Party may propose amendments to this Treaty.,0.0,0.0,,0,0.0,
1401,1.0,launchers for light icbm,,,0,0,0,0,0,0,0,0,0,1,0,0,0,0,0,0,0,0.0,,,"Assumed directly upon entry into force. Comment: Common understaninding May 6, 1972, Minister Semenov made the following statement: In an effort to accommodate the wishes of the U.S. side, the Soviet Delegation is prepared to proceed on the basis that the two sides will in fact observe the obligations of both the Interim Agreement and the ABM Treaty beginning from the date of signature of these two documents. In reply, the U.S. Delegation made the following statement on May 20, 1972: The United States agrees in principle with the Soviet statement made on May 6 concerning observance of obligations beginning from date of signature but we would like to make clear our understanding that this means that, pending ratification and acceptance, neither side would take any action prohibited by the agreements after they had entered into force. This understanding would continue to apply in the absence of notification by either signatory of its intention not to proceed with ratification or approval. The Soviet Delegation indicated agreement with the U.S. statement.",0.0,,,launchers for light icbm,0,Military launcher; purely military,1972,Interim Agreement Between The United States of America and The Union of Soviet Socialist Republics on Certain Measures With Respect to the Limitation of Strategic Offensive Arms,Interim Agreement,"Bilateral, Nuclear Weapons",0.0,,0,,,1,3.0,1972-05-26,2,,,,"The Union of Soviet Socialist Republics(1972-05-26), The United States of America(1972-05-26)",1.0,1972-10-03,,,2.0,2,0.0,,2.0,,,0.0,,1,0.0,
1401,1.0,launchers for icbms of older types deployed prior to 1964,,,0,0,0,0,0,0,0,0,0,1,0,0,0,0,0,0,0,0.0,,,"Assumed directly upon entry into force. Comment: Common understaninding May 6, 1972, Minister Semenov made the following statement: In an effort to accommodate the wishes of the U.S. side, the Soviet Delegation is prepared to proceed on the basis that the two sides will in fact observe the obligations of both the Interim Agreement and the ABM Treaty beginning from the date of signature of these two documents. In reply, the U.S. Delegation made the following statement on May 20, 1972: The United States agrees in principle with the Soviet statement made on May 6 concerning observance of obligations beginning from date of signature but we would like to make clear our understanding that this means that, pending ratification and acceptance, neither side would take any action prohibited by the agreements after they had entered into force. This understanding would continue to apply in the absence of notification by either signatory of its intention not to proceed with ratification or approval. The Soviet Delegation indicated agreement with the U.S. statement.",0.0,,,launchers for icbms of older types deployed prior to 1964,0,Military launcher; purely military,1972,Interim Agreement Between The United States of America and The Union of Soviet Socialist Republics on Certain Measures With Respect to the Limitation of Strategic Offensive Arms,Interim Agreement,"Bilateral, Nuclear Weapons",0.0,,0,,,1,3.0,1972-05-26,2,,,,"The Union of Soviet Socialist Republics(1972-05-26), The United States of America(1972-05-26)",1.0,1972-10-03,,,2.0,2,0.0,,2.0,,,0.0,,1,0.0,
1401,1.0,icbm test/training launcher,,,0,0,0,0,0,0,0,0,0,1,0,1,0,0,0,0,0,0.0,,,"Assumed directly upon entry into force. Comment: Common understaninding May 6, 1972, Minister Semenov made the following statement: In an effort to accommodate the wishes of the U.S. side, the Soviet Delegation is prepared to proceed on the basis that the two sides will in fact observe the obligations of both the Interim Agreement and the ABM Treaty beginning from the date of signature of these two documents. In reply, the U.S. Delegation made the following statement on May 20, 1972: The United States agrees in principle with the Soviet statement made on May 6 concerning observance of obligations beginning from date of signature but we would like to make clear our understanding that this means that, pending ratification and acceptance, neither side would take any action prohibited by the agreements after they had entered into force. This understanding would continue to apply in the absence of notification by either signatory of its intention not to proceed with ratification or approval. The Soviet Delegation indicated agreement with the U.S. statement.",0.0,,,icbm test/training launcher,0,Military equipment; purely military,1972,Interim Agreement Between The United States of America and The Union of Soviet Socialist Republics on Certain Measures With Respect to the Limitation of Strategic Offensive Arms,Interim Agreement,"Bilateral, Nuclear Weapons",0.0,,0,,,1,3.0,1972-05-26,2,,,,"The Union of Soviet Socialist Republics(1972-05-26), The United States of America(1972-05-26)",1.0,1972-10-03,,,2.0,2,0.0,,2.0,,,0.0,,1,0.0,
1401,1.0,slbm launcher,"A device intended or used to contain, prepare for launch, and launch an SLBM. | Launchers of ballistic missiles installed on any nuclear powered submarine or launchers of modern ballistic missiles installed on any submarine, regardless of its type. 2) For the United States of America, missiles installed in all nuclear powered submarines; for the Union of Soviet Socialist Republics, missiles of the type installed in nuclear powered submarines made operational since 1965; and for both Parties, submarine launched ballistic missiles first flight tested since 1965 and installed in any submarine, regardless of its type. | The term 'SLBM launcher means a device intended or used to contain, prepare for launch, and launch an SLBM. The term deployed launcher of SLBMs means an SLBM launcher installed on a submarine that has been launched, that contains an SLBM, and is not intended for testing or training. The term non deployed launcher of SLBMs means an SLBM launcher, other than a soft site launcher, that is intended for testing or training, or an SLBM launcher that does not contain a deployed SLBM.","Ibid. Article II:2: Submarine launched ballistic missile (SLBM) launchers are launchers of ballistic missiles installed on any nuclear powered submarine or launchers of modern ballistic missiles installed on any submarine, regardless of its type. Agreed statement: Modern submarine launched ballistic missiles are: for the United States of America, missiles installed in all nuclear powered submarines; for the Union of Soviet Socialist Republics, missiles of the type installed in nuclear powered submarines made operational since 1965; and for both Parties, submarine launched ballistic missiles first flight tested since 1965 and installed in any submarine, regardless of its type. | START: Definitions Annex', 1991. Term 100 (78). https://www.acq.osd.mil/asda/ssipm/sdc/tc/start1/START1 annex definitions.html. | ibid.   Protocol: Part One, 67 The term 'SLBM launcher means a device intended or used to contain, prepare for launch, and launch an SLBM., 15 The term deployed launcher of SLBMs means an SLBM launcher installed on a submarine that has been launched, that contains an SLBM, and is not intended for testing or training., 50 The term non deployed launcher of SLBMs means an SLBM launcher, other than a soft site launcher, that is intended for testing or training, or an SLBM launcher that does not contain a deployed SLBM..",0,0,0,0,0,0,0,0,0,0,0,0,0,1,0,0,0,0.0,,,"Assumed directly upon entry into force. Comment: Common understaninding May 6, 1972, Minister Semenov made the following statement: In an effort to accommodate the wishes of the U.S. side, the Soviet Delegation is prepared to proceed on the basis that the two sides will in fact observe the obligations of both the Interim Agreement and the ABM Treaty beginning from the date of signature of these two documents. In reply, the U.S. Delegation made the following statement on May 20, 1972: The United States agrees in principle with the Soviet statement made on May 6 concerning observance of obligations beginning from date of signature but we would like to make clear our understanding that this means that, pending ratification and acceptance, neither side would take any action prohibited by the agreements after they had entered into force. This understanding would continue to apply in the absence of notification by either signatory of its intention not to proceed with ratification or approval. The Soviet Delegation indicated agreement with the U.S. statement.",0.0,,,slbm launcher,0,Military launcher; purely military,1972,Interim Agreement Between The United States of America and The Union of Soviet Socialist Republics on Certain Measures With Respect to the Limitation of Strategic Offensive Arms,Interim Agreement,"Bilateral, Nuclear Weapons",0.0,,0,,,1,3.0,1972-05-26,2,,,,"The Union of Soviet Socialist Republics(1972-05-26), The United States of America(1972-05-26)",1.0,1972-10-03,,,2.0,2,0.0,,2.0,,,0.0,,1,0.0,
1403,1.0,slbm launcher,"A device intended or used to contain, prepare for launch, and launch an SLBM. | Launchers of ballistic missiles installed on any nuclear powered submarine or launchers of modern ballistic missiles installed on any submarine, regardless of its type. 2) For the United States of America, missiles installed in all nuclear powered submarines; for the Union of Soviet Socialist Republics, missiles of the type installed in nuclear powered submarines made operational since 1965; and for both Parties, submarine launched ballistic missiles first flight tested since 1965 and installed in any submarine, regardless of its type. | The term 'SLBM launcher means a device intended or used to contain, prepare for launch, and launch an SLBM. The term deployed launcher of SLBMs means an SLBM launcher installed on a submarine that has been launched, that contains an SLBM, and is not intended for testing or training. The term non deployed launcher of SLBMs means an SLBM launcher, other than a soft site launcher, that is intended for testing or training, or an SLBM launcher that does not contain a deployed SLBM.","Ibid. Article II:2: Submarine launched ballistic missile (SLBM) launchers are launchers of ballistic missiles installed on any nuclear powered submarine or launchers of modern ballistic missiles installed on any submarine, regardless of its type. Agreed statement: Modern submarine launched ballistic missiles are: for the United States of America, missiles installed in all nuclear powered submarines; for the Union of Soviet Socialist Republics, missiles of the type installed in nuclear powered submarines made operational since 1965; and for both Parties, submarine launched ballistic missiles first flight tested since 1965 and installed in any submarine, regardless of its type. | START: Definitions Annex', 1991. Term 100 (78). https://www.acq.osd.mil/asda/ssipm/sdc/tc/start1/START1 annex definitions.html. | ibid.   Protocol: Part One, 67 The term 'SLBM launcher means a device intended or used to contain, prepare for launch, and launch an SLBM., 15 The term deployed launcher of SLBMs means an SLBM launcher installed on a submarine that has been launched, that contains an SLBM, and is not intended for testing or training., 50 The term non deployed launcher of SLBMs means an SLBM launcher, other than a soft site launcher, that is intended for testing or training, or an SLBM launcher that does not contain a deployed SLBM..",0,0,0,0,0,0,0,0,0,0,0,0,0,1,0,0,0,0.0,,,"Assumed directly upon entry into force. Comment: Common understaninding May 6, 1972, Minister Semenov made the following statement: In an effort to accommodate the wishes of the U.S. side, the Soviet Delegation is prepared to proceed on the basis that the two sides will in fact observe the obligations of both the Interim Agreement and the ABM Treaty beginning from the date of signature of these two documents. In reply, the U.S. Delegation made the following statement on May 20, 1972: The United States agrees in principle with the Soviet statement made on May 6 concerning observance of obligations beginning from date of signature but we would like to make clear our understanding that this means that, pending ratification and acceptance, neither side would take any action prohibited by the agreements after they had entered into force. This understanding would continue to apply in the absence of notification by either signatory of its intention not to proceed with ratification or approval. The Soviet Delegation indicated agreement with the U.S. statement.",0.0,,,slbm launcher,0,Military launcher; purely military,1979,Treaty Between The United States of America and The Union of Soviet Socialist Republics on the Limitation of Strategic Offensive Arms,SALT II,"Bilateral, Nuclear Weapons",0.0,,0,,,1,3.0,1979-06-18,4,,,,"The Union of Soviet Socialist Republics(1979-06-18), The United States of America(1979-06-18)",0.0,,,,,2,0.0,,0.0,Ibid. Article XVIII. Each Party may propose amendments to this Treaty. Agreed amendments shall enter into force in accordance with the procedures governing the entry into force of this Treaty.,0.0,2.0,,1,,
2801,1.0,slbm launcher,"A device intended or used to contain, prepare for launch, and launch an SLBM. | Launchers of ballistic missiles installed on any nuclear powered submarine or launchers of modern ballistic missiles installed on any submarine, regardless of its type. 2) For the United States of America, missiles installed in all nuclear powered submarines; for the Union of Soviet Socialist Republics, missiles of the type installed in nuclear powered submarines made operational since 1965; and for both Parties, submarine launched ballistic missiles first flight tested since 1965 and installed in any submarine, regardless of its type. | The term 'SLBM launcher means a device intended or used to contain, prepare for launch, and launch an SLBM. The term deployed launcher of SLBMs means an SLBM launcher installed on a submarine that has been launched, that contains an SLBM, and is not intended for testing or training. The term non deployed launcher of SLBMs means an SLBM launcher, other than a soft site launcher, that is intended for testing or training, or an SLBM launcher that does not contain a deployed SLBM.","Ibid. Article II:2: Submarine launched ballistic missile (SLBM) launchers are launchers of ballistic missiles installed on any nuclear powered submarine or launchers of modern ballistic missiles installed on any submarine, regardless of its type. Agreed statement: Modern submarine launched ballistic missiles are: for the United States of America, missiles installed in all nuclear powered submarines; for the Union of Soviet Socialist Republics, missiles of the type installed in nuclear powered submarines made operational since 1965; and for both Parties, submarine launched ballistic missiles first flight tested since 1965 and installed in any submarine, regardless of its type. | START: Definitions Annex', 1991. Term 100 (78). https://www.acq.osd.mil/asda/ssipm/sdc/tc/start1/START1 annex definitions.html. | ibid.   Protocol: Part One, 67 The term 'SLBM launcher means a device intended or used to contain, prepare for launch, and launch an SLBM., 15 The term deployed launcher of SLBMs means an SLBM launcher installed on a submarine that has been launched, that contains an SLBM, and is not intended for testing or training., 50 The term non deployed launcher of SLBMs means an SLBM launcher, other than a soft site launcher, that is intended for testing or training, or an SLBM launcher that does not contain a deployed SLBM..",0,0,0,0,0,0,0,0,0,0,0,0,0,1,0,0,0,0.0,,,"Assumed directly upon entry into force. Comment: Common understaninding May 6, 1972, Minister Semenov made the following statement: In an effort to accommodate the wishes of the U.S. side, the Soviet Delegation is prepared to proceed on the basis that the two sides will in fact observe the obligations of both the Interim Agreement and the ABM Treaty beginning from the date of signature of these two documents. In reply, the U.S. Delegation made the following statement on May 20, 1972: The United States agrees in principle with the Soviet statement made on May 6 concerning observance of obligations beginning from date of signature but we would like to make clear our understanding that this means that, pending ratification and acceptance, neither side would take any action prohibited by the agreements after they had entered into force. This understanding would continue to apply in the absence of notification by either signatory of its intention not to proceed with ratification or approval. The Soviet Delegation indicated agreement with the U.S. statement.",0.0,,,slbm launcher,0,Military launcher; purely military,1991,"Strategic Arms Reduction Talks (START),Treaty",START I,"Bilateral, Nuclear Weapons",0.0,,0,,,1,3.0,1991-07-31,2,,,,"The Union of Soviet Socialist Republics(1991-07-31), The United States of America(1991-07-31)",1.0,1994-12-05,,,2.0,2,0.0,,0.0,Each Party may propose amendments to this Treaty. Agreed amendments shall enter into force in accordance with the procedures governing entry into force of this Treaty. Ibid Article XVIII,4.0,0.0,,1,0.0,
2803,1.0,slbm launcher,"A device intended or used to contain, prepare for launch, and launch an SLBM. | Launchers of ballistic missiles installed on any nuclear powered submarine or launchers of modern ballistic missiles installed on any submarine, regardless of its type. 2) For the United States of America, missiles installed in all nuclear powered submarines; for the Union of Soviet Socialist Republics, missiles of the type installed in nuclear powered submarines made operational since 1965; and for both Parties, submarine launched ballistic missiles first flight tested since 1965 and installed in any submarine, regardless of its type. | The term 'SLBM launcher means a device intended or used to contain, prepare for launch, and launch an SLBM. The term deployed launcher of SLBMs means an SLBM launcher installed on a submarine that has been launched, that contains an SLBM, and is not intended for testing or training. The term non deployed launcher of SLBMs means an SLBM launcher, other than a soft site launcher, that is intended for testing or training, or an SLBM launcher that does not contain a deployed SLBM.","Ibid. Article II:2: Submarine launched ballistic missile (SLBM) launchers are launchers of ballistic missiles installed on any nuclear powered submarine or launchers of modern ballistic missiles installed on any submarine, regardless of its type. Agreed statement: Modern submarine launched ballistic missiles are: for the United States of America, missiles installed in all nuclear powered submarines; for the Union of Soviet Socialist Republics, missiles of the type installed in nuclear powered submarines made operational since 1965; and for both Parties, submarine launched ballistic missiles first flight tested since 1965 and installed in any submarine, regardless of its type. | START: Definitions Annex', 1991. Term 100 (78). https://www.acq.osd.mil/asda/ssipm/sdc/tc/start1/START1 annex definitions.html. | ibid.   Protocol: Part One, 67 The term 'SLBM launcher means a device intended or used to contain, prepare for launch, and launch an SLBM., 15 The term deployed launcher of SLBMs means an SLBM launcher installed on a submarine that has been launched, that contains an SLBM, and is not intended for testing or training., 50 The term non deployed launcher of SLBMs means an SLBM launcher, other than a soft site launcher, that is intended for testing or training, or an SLBM launcher that does not contain a deployed SLBM..",0,0,0,0,0,0,0,0,0,0,0,0,0,1,0,0,0,0.0,,,"Assumed directly upon entry into force. Comment: Common understaninding May 6, 1972, Minister Semenov made the following statement: In an effort to accommodate the wishes of the U.S. side, the Soviet Delegation is prepared to proceed on the basis that the two sides will in fact observe the obligations of both the Interim Agreement and the ABM Treaty beginning from the date of signature of these two documents. In reply, the U.S. Delegation made the following statement on May 20, 1972: The United States agrees in principle with the Soviet statement made on May 6 concerning observance of obligations beginning from date of signature but we would like to make clear our understanding that this means that, pending ratification and acceptance, neither side would take any action prohibited by the agreements after they had entered into force. This understanding would continue to apply in the absence of notification by either signatory of its intention not to proceed with ratification or approval. The Soviet Delegation indicated agreement with the U.S. statement.",0.0,,,slbm launcher,0,Military launcher; purely military,2010,Treaty between The United States of America and The The Russian Federation on Measures for the Further Reduction and Limitation of Strategic Offensive Arms,New START Treaty,"Bilateral, Nuclear Weapons",1.0,Treaty between The United States of America and The The Russian Federation on Strategic Offensive Reductions Treaty (SORT)(2002).,0,,,1,3.0,2010-04-08,0,,,,"The Russian Federation(2010-04-08), The United States of America(2010-04-08)",1.0,2011-02-05,,,2.0,2,0.0,,0.0,ibid. Treaty. Article XV. 1 Each Party may propose amendments to this Treaty.,0.0,0.0,,0,0.0,
1401,1.0,slbm test/training launcher,,,0,0,0,0,0,0,0,0,0,1,0,1,0,0,0,0,0,0.0,,,"Assumed directly upon entry into force. Comment: Common understaninding May 6, 1972, Minister Semenov made the following statement: In an effort to accommodate the wishes of the U.S. side, the Soviet Delegation is prepared to proceed on the basis that the two sides will in fact observe the obligations of both the Interim Agreement and the ABM Treaty beginning from the date of signature of these two documents. In reply, the U.S. Delegation made the following statement on May 20, 1972: The United States agrees in principle with the Soviet statement made on May 6 concerning observance of obligations beginning from date of signature but we would like to make clear our understanding that this means that, pending ratification and acceptance, neither side would take any action prohibited by the agreements after they had entered into force. This understanding would continue to apply in the absence of notification by either signatory of its intention not to proceed with ratification or approval. The Soviet Delegation indicated agreement with the U.S. statement.",0.0,,,slbm test/training launcher,0,Military equipment; purely military,1972,Interim Agreement Between The United States of America and The Union of Soviet Socialist Republics on Certain Measures With Respect to the Limitation of Strategic Offensive Arms,Interim Agreement,"Bilateral, Nuclear Weapons",0.0,,0,,,1,3.0,1972-05-26,2,,,,"The Union of Soviet Socialist Republics(1972-05-26), The United States of America(1972-05-26)",1.0,1972-10-03,,,2.0,2,0.0,,2.0,,,0.0,,1,0.0,
1401,1.0,ballistic missile submarine,,,0,0,0,0,0,0,0,0,0,0,0,0,0,1,0,0,0,0.0,,,"Assumed directly upon entry into force. Comment: Common understaninding May 6, 1972, Minister Semenov made the following statement: In an effort to accommodate the wishes of the U.S. side, the Soviet Delegation is prepared to proceed on the basis that the two sides will in fact observe the obligations of both the Interim Agreement and the ABM Treaty beginning from the date of signature of these two documents. In reply, the U.S. Delegation made the following statement on May 20, 1972: The United States agrees in principle with the Soviet statement made on May 6 concerning observance of obligations beginning from date of signature but we would like to make clear our understanding that this means that, pending ratification and acceptance, neither side would take any action prohibited by the agreements after they had entered into force. This understanding would continue to apply in the absence of notification by either signatory of its intention not to proceed with ratification or approval. The Soviet Delegation indicated agreement with the U.S. statement.",0.0,,,ballistic missile submarine,0,Military vessel; purely military,1972,Interim Agreement Between The United States of America and The Union of Soviet Socialist Republics on Certain Measures With Respect to the Limitation of Strategic Offensive Arms,Interim Agreement,"Bilateral, Nuclear Weapons",0.0,,0,,,1,3.0,1972-05-26,2,,,,"The Union of Soviet Socialist Republics(1972-05-26), The United States of America(1972-05-26)",1.0,1972-10-03,,,2.0,2,0.0,,2.0,,,0.0,,1,0.0,
2801,1.0,ballistic missile submarine,,,0,0,0,0,0,0,0,0,0,0,0,0,0,1,0,0,0,0.0,,,"Assumed directly upon entry into force. Comment: Common understaninding May 6, 1972, Minister Semenov made the following statement: In an effort to accommodate the wishes of the U.S. side, the Soviet Delegation is prepared to proceed on the basis that the two sides will in fact observe the obligations of both the Interim Agreement and the ABM Treaty beginning from the date of signature of these two documents. In reply, the U.S. Delegation made the following statement on May 20, 1972: The United States agrees in principle with the Soviet statement made on May 6 concerning observance of obligations beginning from date of signature but we would like to make clear our understanding that this means that, pending ratification and acceptance, neither side would take any action prohibited by the agreements after they had entered into force. This understanding would continue to apply in the absence of notification by either signatory of its intention not to proceed with ratification or approval. The Soviet Delegation indicated agreement with the U.S. statement.",0.0,,,ballistic missile submarine,0,Military vessel; purely military,1991,"Strategic Arms Reduction Talks (START),Treaty",START I,"Bilateral, Nuclear Weapons",0.0,,0,,,1,3.0,1991-07-31,2,,,,"The Union of Soviet Socialist Republics(1991-07-31), The United States of America(1991-07-31)",1.0,1994-12-05,,,2.0,2,0.0,,0.0,Each Party may propose amendments to this Treaty. Agreed amendments shall enter into force in accordance with the procedures governing entry into force of this Treaty. Ibid Article XVIII,4.0,0.0,,1,0.0,
2801,1.0,heavy icbm,"An ICBM of a type, any one of which has a launch weight greater than 106,000 kilograms or a throw weight greater than 4350 kilograms. | The term heavy ICBM means an ICBM of a type, any one of which has a launch weight greater than 106,000 kilograms or a throw weight greater than 4350 kilograms.","Definitions for START I. ASD(a). Definitions Annex  Strategic Arms Reduction Talks (START) Treaty. Acquisition Office of the Assistant Secretary of Defense. Accessed September 8, 2023. https://www.acq.osd.mil/asda/ssipm/sdc/tc/start1/START1 annex definitions.html. Paragraph 39. | START: Definitions Annex', 1991. Term 39 (111). https://www.acq.osd.mil/asda/ssipm/sdc/tc/start1/START1 annex definitions.html.",0,0,0,0,0,0,1,0,0,0,0,0,0,0,0,0,0,1.0,2007-12-31,,"Phase 1: seven years after entry into force of the START Treaty, phase 2: January 1, 2003. Ibid. Article I:1,3.",1.0,"Phase 1: seven years after entry into force of the START Treaty, phase 2: January 1, 2003. Ibid. Article I:1,3.","Phase 1: seven years after entry into force of the START Treaty, phase 2: January 1, 2003. Ibid. Article I:1,3.",heavy icbm,0,Strategic nuclear missile; purely military,1991,"Strategic Arms Reduction Talks (START),Treaty",START I,"Bilateral, Nuclear Weapons",0.0,,0,,,1,3.0,1991-07-31,2,,,,"The Union of Soviet Socialist Republics(1991-07-31), The United States of America(1991-07-31)",1.0,1994-12-05,,,2.0,2,0.0,,0.0,Each Party may propose amendments to this Treaty. Agreed amendments shall enter into force in accordance with the procedures governing entry into force of this Treaty. Ibid Article XVIII,4.0,0.0,,1,0.0,
2802,1.0,heavy icbm,"An ICBM of a type, any one of which has a launch weight greater than 106,000 kilograms or a throw weight greater than 4350 kilograms. | The term heavy ICBM means an ICBM of a type, any one of which has a launch weight greater than 106,000 kilograms or a throw weight greater than 4350 kilograms.","Definitions for START I. ASD(a). Definitions Annex  Strategic Arms Reduction Talks (START) Treaty. Acquisition Office of the Assistant Secretary of Defense. Accessed September 8, 2023. https://www.acq.osd.mil/asda/ssipm/sdc/tc/start1/START1 annex definitions.html. Paragraph 39. | START: Definitions Annex', 1991. Term 39 (111). https://www.acq.osd.mil/asda/ssipm/sdc/tc/start1/START1 annex definitions.html.",0,0,0,0,0,0,1,0,0,0,0,0,0,0,0,0,0,1.0,2007-12-31,,"Phase 1: seven years after entry into force of the START Treaty, phase 2: January 1, 2003. Ibid. Article I:1,3.",1.0,"Phase 1: seven years after entry into force of the START Treaty, phase 2: January 1, 2003. Ibid. Article I:1,3.","Phase 1: seven years after entry into force of the START Treaty, phase 2: January 1, 2003. Ibid. Article I:1,3.",heavy icbm,0,Strategic nuclear missile; purely military,1993,Treaty Between The United States of America and The Union of Soviet Socialist Republics on the Reduction and Limitation of Strategic Offensive Arms,START II,"Bilateral, Nuclear Weapons",0.0,,0,,,1,3.0,1993-01-03,4,,,,"The Russian Federation(1993-01-03), The United States of America(1993-01-03)",0.0,,,,2.0,2,0.0,,0.0,Ibid. Article VII.,0.0,0.0,,1,,
1403,1.0,heavy bomber,"A bomber of a type, any one of which satisfies either of the following criteria: 1) its range is greater than 8000 kilometers; or 2) it is equipped for long range nuclear ALCMs. A bomber shall not be considered to be a heavy bomber if it meets neither criterion (1) nor criterion (2), or if otherwise agreed. A bomber shall not be considered to be a heavy bomber if it is not equipped for long range nuclear ALCMs, if it is not a model or modification of an accountable heavy bomber, and if it is tested, equipped, and configured exclusively for maritime operations. For the purposes of this definition, the term modification of an accountable heavy bomber is understood to mean an airplane having a design essentially identical to the design of an accountable heavy bomber.A bomber of a type, any one of which has an integrated platform area in excess of 310 square meters, but that is not declared by a Party as a heavy bomber, shall be considered to be a heavy bomber unless the deploying Party provides the Joint Compliance and Inspection Commission with information demonstrating to the satisfaction of the other Party that this bomber does not meet the criterion provided for in subparagraph (a) and does not meet the criterion provided for in subparagraph (b). Heavy bombers of the Parties of the types existing as of the date of signature of the Treaty are specified in Article III of the Treaty. | For the United States of America, bombers of the B 52 and B 1 types, and for the Union of Soviet Socialist Republics, bombers of the Tupolev 95 and Myasishchev types. 2) In the future, types of bombers which can carry out the mission of a heavy bomber in a manner similar or superior to that of bombers currently. 3) Types of bombers equipped for cruise missiles capable of a range in excess of 600 kilometers. 4) Types of bombers equipped for ASBMs (Not airplanes which otherwise would be bombers of a heavy bomber type if they have functionally related observable differences which indicate that they cannot perform the mission of a heavy bomber, airplanes which otherwise would be bombers of a type equipped for cruise missiles capable of a range in excess of 600 kilometers if they have functionally related observable differences which indicate that they cannot perform the mission of a bomber equipped for cruise missiles capable of a range in excess of 600 kilometers ( except that heavy bombers of current types, as designated in subparagraph 3(a) of Article II of the Treaty, which otherwise would be of a type equipped for cruise missiles capable of a range in excess of 600 kilometers shall not be considered to be heavy bombers of a type equipped for cruise missiles capable of a range in excess of 600 kilometers if they are distinguishable on the basis of externally observable differences from heavy bombers of a type equipped for cruise missiles capable of a range in excess of 600 kilometers; and), airplanes which otherwise would be bombers of a type equipped for ASBMs if they have functionally related observable differences which indicate that they cannot perform the mission of a bomber equipped for ASBMs(except that heavy bombers of current types, as designated in subparagraph 3(a) of Article II of the Treaty, which otherwise would be of a type equipped for ASBMs shall not be considered to be heavy bombers of a type equipped for ASBMs if they are distinguishable on the basis of externally observable differences from heavy bombers of a type equipped for ASBMs)). 3) Functionally related observable differences are differences in the observable features of airplanes which indicate whether or not these airplanes can perform the mission of a heavy bomber, or whether or not they can perform the mission of a bomber equipped for cruise missiles capable of a range in excess of 600 kilometers or whether or not they can perform the mission of a bomber equipped for ASBMs. 5. Tupolev 142 airplanes in their current configuration, that is, in the configuration for anti submarine warfare, are considered to be airplanes of a type different from types of heavy bombers referred to in subparagraph 3(a) of Article II of the Treaty and not subject to the Fourth Agreed Statement to paragraph 3 of Article II of the Treaty. This Agreed Statement does not preclude improvement of Tupolev 142 airplanes as an anti submarine system, and does not prejudice or set a precedent for designation in the future of types of airplanes as heavy bombers pursuant to subparagraph 3(b) of Article II of the Treaty or for application of the Fourth Agreed Statement to paragraph 3 of Article II of the Treaty to such airplanes. 6. Heavy bombers of the types designated by the United States of America as the B 52 and the B 1 are known to the Union of Soviet Socialist Republics by the same designations; Heavy bombers of the type designated by the Union of Soviet Socialist Republics as the Tupolev 95 are known to the United States of America as heavy bombers of the Bear type; and Heavy bombers of the type designated by the Union of Soviet Socialist Republics as the Myasishchev are known to the United States of America as heavy bombers of the Bison type. | The term heavy bomber means a bomber of a type, any one of which satisfies either of the following criteria: (a) Its range is greater than 8000 kilometers; or (b) It is equipped for long range nuclear ALCMs. A bomber shall not be considered to be a heavy bomber if it meets neither criterion (a) nor criterion (b) or if otherwise agreed by the Parties. deployed heavy bomber means a heavy bomber equipped for nuclear armaments, other than a test heavy bomber or a heavy bomber located at a repair facility or at a production facility. The term non deployed heavy bomber means a test heavy bomber or a heavy bomber equipped for nuclear armaments located at a repair facility or at a production facility. | The term heavy bomber means a bomber of a type, any one of which satisfies either of the following criteria:(a) its range is greater than 8000 kilometers; or(b) it is equipped for long range nuclear ALCMs.","Definitions for START I. ASD(a). Definitions Annex  Strategic Arms Reduction Talks (START) Treaty. Acquisition Office of the Assistant Secretary of Defense. Accessed September 8, 2023. https://www.acq.osd.mil/asda/ssipm/sdc/tc/start1/START1 annex definitions.html. Paragraph 36. | Ibid. Article II:3: Heavy bombers are considered to be:(b) in the future, types of bombers which can carry out the mission of a heavy bomber in a manner similar or superior to that of bombers listed in subparagraph (a) above;(c) types of bombers equipped for cruise missiles capable of a range in excess of 600 kilometers; and(d) types of bombers equipped for ASBMs.(a) currently, for the United States of America, bombers of the B 52 and B 1 types, and for the Union of Soviet Socialist Republics, bombers of the Tupolev 95 and Myasishchev types; First Agreed statements: The term bombers, as used in paragraph 3 of Article II and other provisions of the Treaty, means airplanes of types initially constructed to be equipped for bombs or missiles. Fourth Agreed statement: Having agreed that every bomber of a type included in paragraph 3 of Article II of the Treaty is to be considered a heavy bomber, the Parties further agree that:(a) airplanes which otherwise would be bombers of a heavy bomber type shall not be considered to be bombers of a heavy bomber type if they have functionally related observable differences which indicate that they cannot perform the mission of a heavy bomber; (b) airplanes which otherwise would be bombers of a type equipped for cruise missiles capable of a range in excess of 600 kilometers shall not be considered to be bombers of a type equipped for cruise missiles capable of a range in excess of 600 kilometers if they have functionally related observable differences which indicate that they cannot perform the mission of a bomber equipped for cruise missiles capable of a range in excess of 600 kilometers, except that heavy bombers of current types, as designated in subparagraph 3(a) of Article II of the Treaty, which otherwise would be of a type equipped for cruise missiles capable of a range in excess of 600 kilometers shall not be considered to be heavy bombers of a type equipped for cruise missiles capable of a range in excess of 600 kilometers if they are distinguishable on the basis of externally observable differences from heavy bombers of a type equipped for cruise missiles capable of a range in excess of 600 kilometers; and (c) airplanes which otherwise would be bombers of a type equipped for ASBMs shall not be considered to be bombers of a type equipped for ASBMs if they have functionally related observable differences which indicate that they cannot perform the mission of a bomber equipped for ASBMs, except that heavy bombers of current types, as designated in subparagraph 3(a) of Article II of the Treaty, which otherwise would be of a type equipped for ASBMs shall not be considered to be heavy bombers of a type equipped for ASBMs if they are distinguishable on the basis of externally observable differences from heavy bombers of a type equipped for ASBMs. First Common Understanding: Functionally related observable differences are differences in the observable features of airplanes which indicate whether or not these airplanes can perform the mission of a heavy bomber, or whether or not they can perform the mission of a bomber equipped for cruise missiles capable of a range in excess of 600 kilometers or whether or not they can perform the mission of a bomber equipped for ASBMs. Functionally related observable differences shall be verifiable by national technical means. To this end, the Parties may take, as appropriate, cooperative measures contributing to the effectiveness of verification by national technical means. Fifth Agreed Statement: Tupolev 142 airplanes in their current configuration, that is, in the configuration for anti submarine warfare, are considered to be airplanes of a type different from types of heavy bombers referred to in subparagraph 3(a) of Article II of the Treaty and not subject to the Fourth Agreed Statement to paragraph 3 of Article II of the Treaty. This Agreed Statement does not preclude improvement of Tupolev 142 airplanes as an anti submarine system, and does not prejudice or set a precedent for designation in the future of types of airplanes as heavy bombers pursuant to subparagraph 3(b) of Article II of the Treaty or for application of the Fourth Agreed Statement to paragraph 3 of Article II of the Treaty to such airplanes. Third Common Understanding: The designations by the United States of America and by the Union of Soviet Socialist Republics for heavy bombers referred to in subparagraph 3(a) of Article II of the Treaty correspond in the following manner: Heavy bombers of the types designated by the United States of America as the B 52 and the B 1 are known to the Union of Soviet Socialist Republics by the same designations; Heavy bombers of the type designated by the Union of Soviet Socialist Republics as the Tupolev 95 are known to the United States of America as heavy bombers of the Bear type; and Heavy bombers of the type designated by the Union of Soviet Socialist Republics as the Myasishchev are known to the United States of America as heavy bombers of the Bison type. | START: Definitions Annex', 1991. Term 36 (112). https://www.acq.osd.mil/asda/ssipm/sdc/tc/start1/START1 annex definitions.html. | ibid.   Protocol: Part One, 23 The term heavy bomber means a bomber of a type, any one of which satisfies either of the following criteria: (a) Its range is greater than 8000 kilometers; or (b) It is equipped for long range nuclear ALCMs. A bomber shall not be considered to be a heavy bomber if it meets neither criterion (a) nor criterion (b) or if otherwise agreed by the Parties., 12 The term deployed heavy bomber means a heavy bomber equipped for nuclear armaments, other than a test heavy bomber or a heavy bomber located at a repair facility or at a production facility., 47 The term non deployed heavy bomber means a test heavy bomber or a heavy bomber equipped for nuclear armaments located at a repair facility or at a production facility.",0,0,0,0,0,0,0,0,0,1,0,0,0,0,0,0,0,1.0,2007-12-31,,"Phase 1: seven years after entry into force of the START Treaty, phase 2: January 1, 2003. Ibid. Article I:1,3.",1.0,"Phase 1: seven years after entry into force of the START Treaty, phase 2: January 1, 2003. Ibid. Article I:1,3.","Phase 1: seven years after entry into force of the START Treaty, phase 2: January 1, 2003. Ibid. Article I:1,3.",heavy bomber,0,Military aircraft; purely military,1979,Treaty Between The United States of America and The Union of Soviet Socialist Republics on the Limitation of Strategic Offensive Arms,SALT II,"Bilateral, Nuclear Weapons",0.0,,0,,,1,3.0,1979-06-18,4,,,,"The Union of Soviet Socialist Republics(1979-06-18), The United States of America(1979-06-18)",0.0,,,,,2,0.0,,0.0,Ibid. Article XVIII. Each Party may propose amendments to this Treaty. Agreed amendments shall enter into force in accordance with the procedures governing the entry into force of this Treaty.,0.0,2.0,,1,,
2801,1.0,heavy bomber,"A bomber of a type, any one of which satisfies either of the following criteria: 1) its range is greater than 8000 kilometers; or 2) it is equipped for long range nuclear ALCMs. A bomber shall not be considered to be a heavy bomber if it meets neither criterion (1) nor criterion (2), or if otherwise agreed. A bomber shall not be considered to be a heavy bomber if it is not equipped for long range nuclear ALCMs, if it is not a model or modification of an accountable heavy bomber, and if it is tested, equipped, and configured exclusively for maritime operations. For the purposes of this definition, the term modification of an accountable heavy bomber is understood to mean an airplane having a design essentially identical to the design of an accountable heavy bomber.A bomber of a type, any one of which has an integrated platform area in excess of 310 square meters, but that is not declared by a Party as a heavy bomber, shall be considered to be a heavy bomber unless the deploying Party provides the Joint Compliance and Inspection Commission with information demonstrating to the satisfaction of the other Party that this bomber does not meet the criterion provided for in subparagraph (a) and does not meet the criterion provided for in subparagraph (b). Heavy bombers of the Parties of the types existing as of the date of signature of the Treaty are specified in Article III of the Treaty. | For the United States of America, bombers of the B 52 and B 1 types, and for the Union of Soviet Socialist Republics, bombers of the Tupolev 95 and Myasishchev types. 2) In the future, types of bombers which can carry out the mission of a heavy bomber in a manner similar or superior to that of bombers currently. 3) Types of bombers equipped for cruise missiles capable of a range in excess of 600 kilometers. 4) Types of bombers equipped for ASBMs (Not airplanes which otherwise would be bombers of a heavy bomber type if they have functionally related observable differences which indicate that they cannot perform the mission of a heavy bomber, airplanes which otherwise would be bombers of a type equipped for cruise missiles capable of a range in excess of 600 kilometers if they have functionally related observable differences which indicate that they cannot perform the mission of a bomber equipped for cruise missiles capable of a range in excess of 600 kilometers ( except that heavy bombers of current types, as designated in subparagraph 3(a) of Article II of the Treaty, which otherwise would be of a type equipped for cruise missiles capable of a range in excess of 600 kilometers shall not be considered to be heavy bombers of a type equipped for cruise missiles capable of a range in excess of 600 kilometers if they are distinguishable on the basis of externally observable differences from heavy bombers of a type equipped for cruise missiles capable of a range in excess of 600 kilometers; and), airplanes which otherwise would be bombers of a type equipped for ASBMs if they have functionally related observable differences which indicate that they cannot perform the mission of a bomber equipped for ASBMs(except that heavy bombers of current types, as designated in subparagraph 3(a) of Article II of the Treaty, which otherwise would be of a type equipped for ASBMs shall not be considered to be heavy bombers of a type equipped for ASBMs if they are distinguishable on the basis of externally observable differences from heavy bombers of a type equipped for ASBMs)). 3) Functionally related observable differences are differences in the observable features of airplanes which indicate whether or not these airplanes can perform the mission of a heavy bomber, or whether or not they can perform the mission of a bomber equipped for cruise missiles capable of a range in excess of 600 kilometers or whether or not they can perform the mission of a bomber equipped for ASBMs. 5. Tupolev 142 airplanes in their current configuration, that is, in the configuration for anti submarine warfare, are considered to be airplanes of a type different from types of heavy bombers referred to in subparagraph 3(a) of Article II of the Treaty and not subject to the Fourth Agreed Statement to paragraph 3 of Article II of the Treaty. This Agreed Statement does not preclude improvement of Tupolev 142 airplanes as an anti submarine system, and does not prejudice or set a precedent for designation in the future of types of airplanes as heavy bombers pursuant to subparagraph 3(b) of Article II of the Treaty or for application of the Fourth Agreed Statement to paragraph 3 of Article II of the Treaty to such airplanes. 6. Heavy bombers of the types designated by the United States of America as the B 52 and the B 1 are known to the Union of Soviet Socialist Republics by the same designations; Heavy bombers of the type designated by the Union of Soviet Socialist Republics as the Tupolev 95 are known to the United States of America as heavy bombers of the Bear type; and Heavy bombers of the type designated by the Union of Soviet Socialist Republics as the Myasishchev are known to the United States of America as heavy bombers of the Bison type. | The term heavy bomber means a bomber of a type, any one of which satisfies either of the following criteria: (a) Its range is greater than 8000 kilometers; or (b) It is equipped for long range nuclear ALCMs. A bomber shall not be considered to be a heavy bomber if it meets neither criterion (a) nor criterion (b) or if otherwise agreed by the Parties. deployed heavy bomber means a heavy bomber equipped for nuclear armaments, other than a test heavy bomber or a heavy bomber located at a repair facility or at a production facility. The term non deployed heavy bomber means a test heavy bomber or a heavy bomber equipped for nuclear armaments located at a repair facility or at a production facility. | The term heavy bomber means a bomber of a type, any one of which satisfies either of the following criteria:(a) its range is greater than 8000 kilometers; or(b) it is equipped for long range nuclear ALCMs.","Definitions for START I. ASD(a). Definitions Annex  Strategic Arms Reduction Talks (START) Treaty. Acquisition Office of the Assistant Secretary of Defense. Accessed September 8, 2023. https://www.acq.osd.mil/asda/ssipm/sdc/tc/start1/START1 annex definitions.html. Paragraph 36. | Ibid. Article II:3: Heavy bombers are considered to be:(b) in the future, types of bombers which can carry out the mission of a heavy bomber in a manner similar or superior to that of bombers listed in subparagraph (a) above;(c) types of bombers equipped for cruise missiles capable of a range in excess of 600 kilometers; and(d) types of bombers equipped for ASBMs.(a) currently, for the United States of America, bombers of the B 52 and B 1 types, and for the Union of Soviet Socialist Republics, bombers of the Tupolev 95 and Myasishchev types; First Agreed statements: The term bombers, as used in paragraph 3 of Article II and other provisions of the Treaty, means airplanes of types initially constructed to be equipped for bombs or missiles. Fourth Agreed statement: Having agreed that every bomber of a type included in paragraph 3 of Article II of the Treaty is to be considered a heavy bomber, the Parties further agree that:(a) airplanes which otherwise would be bombers of a heavy bomber type shall not be considered to be bombers of a heavy bomber type if they have functionally related observable differences which indicate that they cannot perform the mission of a heavy bomber; (b) airplanes which otherwise would be bombers of a type equipped for cruise missiles capable of a range in excess of 600 kilometers shall not be considered to be bombers of a type equipped for cruise missiles capable of a range in excess of 600 kilometers if they have functionally related observable differences which indicate that they cannot perform the mission of a bomber equipped for cruise missiles capable of a range in excess of 600 kilometers, except that heavy bombers of current types, as designated in subparagraph 3(a) of Article II of the Treaty, which otherwise would be of a type equipped for cruise missiles capable of a range in excess of 600 kilometers shall not be considered to be heavy bombers of a type equipped for cruise missiles capable of a range in excess of 600 kilometers if they are distinguishable on the basis of externally observable differences from heavy bombers of a type equipped for cruise missiles capable of a range in excess of 600 kilometers; and (c) airplanes which otherwise would be bombers of a type equipped for ASBMs shall not be considered to be bombers of a type equipped for ASBMs if they have functionally related observable differences which indicate that they cannot perform the mission of a bomber equipped for ASBMs, except that heavy bombers of current types, as designated in subparagraph 3(a) of Article II of the Treaty, which otherwise would be of a type equipped for ASBMs shall not be considered to be heavy bombers of a type equipped for ASBMs if they are distinguishable on the basis of externally observable differences from heavy bombers of a type equipped for ASBMs. First Common Understanding: Functionally related observable differences are differences in the observable features of airplanes which indicate whether or not these airplanes can perform the mission of a heavy bomber, or whether or not they can perform the mission of a bomber equipped for cruise missiles capable of a range in excess of 600 kilometers or whether or not they can perform the mission of a bomber equipped for ASBMs. Functionally related observable differences shall be verifiable by national technical means. To this end, the Parties may take, as appropriate, cooperative measures contributing to the effectiveness of verification by national technical means. Fifth Agreed Statement: Tupolev 142 airplanes in their current configuration, that is, in the configuration for anti submarine warfare, are considered to be airplanes of a type different from types of heavy bombers referred to in subparagraph 3(a) of Article II of the Treaty and not subject to the Fourth Agreed Statement to paragraph 3 of Article II of the Treaty. This Agreed Statement does not preclude improvement of Tupolev 142 airplanes as an anti submarine system, and does not prejudice or set a precedent for designation in the future of types of airplanes as heavy bombers pursuant to subparagraph 3(b) of Article II of the Treaty or for application of the Fourth Agreed Statement to paragraph 3 of Article II of the Treaty to such airplanes. Third Common Understanding: The designations by the United States of America and by the Union of Soviet Socialist Republics for heavy bombers referred to in subparagraph 3(a) of Article II of the Treaty correspond in the following manner: Heavy bombers of the types designated by the United States of America as the B 52 and the B 1 are known to the Union of Soviet Socialist Republics by the same designations; Heavy bombers of the type designated by the Union of Soviet Socialist Republics as the Tupolev 95 are known to the United States of America as heavy bombers of the Bear type; and Heavy bombers of the type designated by the Union of Soviet Socialist Republics as the Myasishchev are known to the United States of America as heavy bombers of the Bison type. | START: Definitions Annex', 1991. Term 36 (112). https://www.acq.osd.mil/asda/ssipm/sdc/tc/start1/START1 annex definitions.html. | ibid.   Protocol: Part One, 23 The term heavy bomber means a bomber of a type, any one of which satisfies either of the following criteria: (a) Its range is greater than 8000 kilometers; or (b) It is equipped for long range nuclear ALCMs. A bomber shall not be considered to be a heavy bomber if it meets neither criterion (a) nor criterion (b) or if otherwise agreed by the Parties., 12 The term deployed heavy bomber means a heavy bomber equipped for nuclear armaments, other than a test heavy bomber or a heavy bomber located at a repair facility or at a production facility., 47 The term non deployed heavy bomber means a test heavy bomber or a heavy bomber equipped for nuclear armaments located at a repair facility or at a production facility.",0,0,0,0,0,0,0,0,0,1,0,0,0,0,0,0,0,1.0,2007-12-31,,"Phase 1: seven years after entry into force of the START Treaty, phase 2: January 1, 2003. Ibid. Article I:1,3.",1.0,"Phase 1: seven years after entry into force of the START Treaty, phase 2: January 1, 2003. Ibid. Article I:1,3.","Phase 1: seven years after entry into force of the START Treaty, phase 2: January 1, 2003. Ibid. Article I:1,3.",heavy bomber,0,Military aircraft; purely military,1991,"Strategic Arms Reduction Talks (START),Treaty",START I,"Bilateral, Nuclear Weapons",0.0,,0,,,1,3.0,1991-07-31,2,,,,"The Union of Soviet Socialist Republics(1991-07-31), The United States of America(1991-07-31)",1.0,1994-12-05,,,2.0,2,0.0,,0.0,Each Party may propose amendments to this Treaty. Agreed amendments shall enter into force in accordance with the procedures governing entry into force of this Treaty. Ibid Article XVIII,4.0,0.0,,1,0.0,
2802,1.0,heavy bomber,"A bomber of a type, any one of which satisfies either of the following criteria: 1) its range is greater than 8000 kilometers; or 2) it is equipped for long range nuclear ALCMs. A bomber shall not be considered to be a heavy bomber if it meets neither criterion (1) nor criterion (2), or if otherwise agreed. A bomber shall not be considered to be a heavy bomber if it is not equipped for long range nuclear ALCMs, if it is not a model or modification of an accountable heavy bomber, and if it is tested, equipped, and configured exclusively for maritime operations. For the purposes of this definition, the term modification of an accountable heavy bomber is understood to mean an airplane having a design essentially identical to the design of an accountable heavy bomber.A bomber of a type, any one of which has an integrated platform area in excess of 310 square meters, but that is not declared by a Party as a heavy bomber, shall be considered to be a heavy bomber unless the deploying Party provides the Joint Compliance and Inspection Commission with information demonstrating to the satisfaction of the other Party that this bomber does not meet the criterion provided for in subparagraph (a) and does not meet the criterion provided for in subparagraph (b). Heavy bombers of the Parties of the types existing as of the date of signature of the Treaty are specified in Article III of the Treaty. | For the United States of America, bombers of the B 52 and B 1 types, and for the Union of Soviet Socialist Republics, bombers of the Tupolev 95 and Myasishchev types. 2) In the future, types of bombers which can carry out the mission of a heavy bomber in a manner similar or superior to that of bombers currently. 3) Types of bombers equipped for cruise missiles capable of a range in excess of 600 kilometers. 4) Types of bombers equipped for ASBMs (Not airplanes which otherwise would be bombers of a heavy bomber type if they have functionally related observable differences which indicate that they cannot perform the mission of a heavy bomber, airplanes which otherwise would be bombers of a type equipped for cruise missiles capable of a range in excess of 600 kilometers if they have functionally related observable differences which indicate that they cannot perform the mission of a bomber equipped for cruise missiles capable of a range in excess of 600 kilometers ( except that heavy bombers of current types, as designated in subparagraph 3(a) of Article II of the Treaty, which otherwise would be of a type equipped for cruise missiles capable of a range in excess of 600 kilometers shall not be considered to be heavy bombers of a type equipped for cruise missiles capable of a range in excess of 600 kilometers if they are distinguishable on the basis of externally observable differences from heavy bombers of a type equipped for cruise missiles capable of a range in excess of 600 kilometers; and), airplanes which otherwise would be bombers of a type equipped for ASBMs if they have functionally related observable differences which indicate that they cannot perform the mission of a bomber equipped for ASBMs(except that heavy bombers of current types, as designated in subparagraph 3(a) of Article II of the Treaty, which otherwise would be of a type equipped for ASBMs shall not be considered to be heavy bombers of a type equipped for ASBMs if they are distinguishable on the basis of externally observable differences from heavy bombers of a type equipped for ASBMs)). 3) Functionally related observable differences are differences in the observable features of airplanes which indicate whether or not these airplanes can perform the mission of a heavy bomber, or whether or not they can perform the mission of a bomber equipped for cruise missiles capable of a range in excess of 600 kilometers or whether or not they can perform the mission of a bomber equipped for ASBMs. 5. Tupolev 142 airplanes in their current configuration, that is, in the configuration for anti submarine warfare, are considered to be airplanes of a type different from types of heavy bombers referred to in subparagraph 3(a) of Article II of the Treaty and not subject to the Fourth Agreed Statement to paragraph 3 of Article II of the Treaty. This Agreed Statement does not preclude improvement of Tupolev 142 airplanes as an anti submarine system, and does not prejudice or set a precedent for designation in the future of types of airplanes as heavy bombers pursuant to subparagraph 3(b) of Article II of the Treaty or for application of the Fourth Agreed Statement to paragraph 3 of Article II of the Treaty to such airplanes. 6. Heavy bombers of the types designated by the United States of America as the B 52 and the B 1 are known to the Union of Soviet Socialist Republics by the same designations; Heavy bombers of the type designated by the Union of Soviet Socialist Republics as the Tupolev 95 are known to the United States of America as heavy bombers of the Bear type; and Heavy bombers of the type designated by the Union of Soviet Socialist Republics as the Myasishchev are known to the United States of America as heavy bombers of the Bison type. | The term heavy bomber means a bomber of a type, any one of which satisfies either of the following criteria: (a) Its range is greater than 8000 kilometers; or (b) It is equipped for long range nuclear ALCMs. A bomber shall not be considered to be a heavy bomber if it meets neither criterion (a) nor criterion (b) or if otherwise agreed by the Parties. deployed heavy bomber means a heavy bomber equipped for nuclear armaments, other than a test heavy bomber or a heavy bomber located at a repair facility or at a production facility. The term non deployed heavy bomber means a test heavy bomber or a heavy bomber equipped for nuclear armaments located at a repair facility or at a production facility. | The term heavy bomber means a bomber of a type, any one of which satisfies either of the following criteria:(a) its range is greater than 8000 kilometers; or(b) it is equipped for long range nuclear ALCMs.","Definitions for START I. ASD(a). Definitions Annex  Strategic Arms Reduction Talks (START) Treaty. Acquisition Office of the Assistant Secretary of Defense. Accessed September 8, 2023. https://www.acq.osd.mil/asda/ssipm/sdc/tc/start1/START1 annex definitions.html. Paragraph 36. | Ibid. Article II:3: Heavy bombers are considered to be:(b) in the future, types of bombers which can carry out the mission of a heavy bomber in a manner similar or superior to that of bombers listed in subparagraph (a) above;(c) types of bombers equipped for cruise missiles capable of a range in excess of 600 kilometers; and(d) types of bombers equipped for ASBMs.(a) currently, for the United States of America, bombers of the B 52 and B 1 types, and for the Union of Soviet Socialist Republics, bombers of the Tupolev 95 and Myasishchev types; First Agreed statements: The term bombers, as used in paragraph 3 of Article II and other provisions of the Treaty, means airplanes of types initially constructed to be equipped for bombs or missiles. Fourth Agreed statement: Having agreed that every bomber of a type included in paragraph 3 of Article II of the Treaty is to be considered a heavy bomber, the Parties further agree that:(a) airplanes which otherwise would be bombers of a heavy bomber type shall not be considered to be bombers of a heavy bomber type if they have functionally related observable differences which indicate that they cannot perform the mission of a heavy bomber; (b) airplanes which otherwise would be bombers of a type equipped for cruise missiles capable of a range in excess of 600 kilometers shall not be considered to be bombers of a type equipped for cruise missiles capable of a range in excess of 600 kilometers if they have functionally related observable differences which indicate that they cannot perform the mission of a bomber equipped for cruise missiles capable of a range in excess of 600 kilometers, except that heavy bombers of current types, as designated in subparagraph 3(a) of Article II of the Treaty, which otherwise would be of a type equipped for cruise missiles capable of a range in excess of 600 kilometers shall not be considered to be heavy bombers of a type equipped for cruise missiles capable of a range in excess of 600 kilometers if they are distinguishable on the basis of externally observable differences from heavy bombers of a type equipped for cruise missiles capable of a range in excess of 600 kilometers; and (c) airplanes which otherwise would be bombers of a type equipped for ASBMs shall not be considered to be bombers of a type equipped for ASBMs if they have functionally related observable differences which indicate that they cannot perform the mission of a bomber equipped for ASBMs, except that heavy bombers of current types, as designated in subparagraph 3(a) of Article II of the Treaty, which otherwise would be of a type equipped for ASBMs shall not be considered to be heavy bombers of a type equipped for ASBMs if they are distinguishable on the basis of externally observable differences from heavy bombers of a type equipped for ASBMs. First Common Understanding: Functionally related observable differences are differences in the observable features of airplanes which indicate whether or not these airplanes can perform the mission of a heavy bomber, or whether or not they can perform the mission of a bomber equipped for cruise missiles capable of a range in excess of 600 kilometers or whether or not they can perform the mission of a bomber equipped for ASBMs. Functionally related observable differences shall be verifiable by national technical means. To this end, the Parties may take, as appropriate, cooperative measures contributing to the effectiveness of verification by national technical means. Fifth Agreed Statement: Tupolev 142 airplanes in their current configuration, that is, in the configuration for anti submarine warfare, are considered to be airplanes of a type different from types of heavy bombers referred to in subparagraph 3(a) of Article II of the Treaty and not subject to the Fourth Agreed Statement to paragraph 3 of Article II of the Treaty. This Agreed Statement does not preclude improvement of Tupolev 142 airplanes as an anti submarine system, and does not prejudice or set a precedent for designation in the future of types of airplanes as heavy bombers pursuant to subparagraph 3(b) of Article II of the Treaty or for application of the Fourth Agreed Statement to paragraph 3 of Article II of the Treaty to such airplanes. Third Common Understanding: The designations by the United States of America and by the Union of Soviet Socialist Republics for heavy bombers referred to in subparagraph 3(a) of Article II of the Treaty correspond in the following manner: Heavy bombers of the types designated by the United States of America as the B 52 and the B 1 are known to the Union of Soviet Socialist Republics by the same designations; Heavy bombers of the type designated by the Union of Soviet Socialist Republics as the Tupolev 95 are known to the United States of America as heavy bombers of the Bear type; and Heavy bombers of the type designated by the Union of Soviet Socialist Republics as the Myasishchev are known to the United States of America as heavy bombers of the Bison type. | START: Definitions Annex', 1991. Term 36 (112). https://www.acq.osd.mil/asda/ssipm/sdc/tc/start1/START1 annex definitions.html. | ibid.   Protocol: Part One, 23 The term heavy bomber means a bomber of a type, any one of which satisfies either of the following criteria: (a) Its range is greater than 8000 kilometers; or (b) It is equipped for long range nuclear ALCMs. A bomber shall not be considered to be a heavy bomber if it meets neither criterion (a) nor criterion (b) or if otherwise agreed by the Parties., 12 The term deployed heavy bomber means a heavy bomber equipped for nuclear armaments, other than a test heavy bomber or a heavy bomber located at a repair facility or at a production facility., 47 The term non deployed heavy bomber means a test heavy bomber or a heavy bomber equipped for nuclear armaments located at a repair facility or at a production facility.",0,0,0,0,0,0,0,0,0,1,0,0,0,0,0,0,0,1.0,2007-12-31,,"Phase 1: seven years after entry into force of the START Treaty, phase 2: January 1, 2003. Ibid. Article I:1,3.",1.0,"Phase 1: seven years after entry into force of the START Treaty, phase 2: January 1, 2003. Ibid. Article I:1,3.","Phase 1: seven years after entry into force of the START Treaty, phase 2: January 1, 2003. Ibid. Article I:1,3.",heavy bomber,0,Military aircraft; purely military,1993,Treaty Between The United States of America and The Union of Soviet Socialist Republics on the Reduction and Limitation of Strategic Offensive Arms,START II,"Bilateral, Nuclear Weapons",0.0,,0,,,1,3.0,1993-01-03,4,,,,"The Russian Federation(1993-01-03), The United States of America(1993-01-03)",0.0,,,,2.0,2,0.0,,0.0,Ibid. Article VII.,0.0,0.0,,1,,
2803,1.0,heavy bomber,"A bomber of a type, any one of which satisfies either of the following criteria: 1) its range is greater than 8000 kilometers; or 2) it is equipped for long range nuclear ALCMs. A bomber shall not be considered to be a heavy bomber if it meets neither criterion (1) nor criterion (2), or if otherwise agreed. A bomber shall not be considered to be a heavy bomber if it is not equipped for long range nuclear ALCMs, if it is not a model or modification of an accountable heavy bomber, and if it is tested, equipped, and configured exclusively for maritime operations. For the purposes of this definition, the term modification of an accountable heavy bomber is understood to mean an airplane having a design essentially identical to the design of an accountable heavy bomber.A bomber of a type, any one of which has an integrated platform area in excess of 310 square meters, but that is not declared by a Party as a heavy bomber, shall be considered to be a heavy bomber unless the deploying Party provides the Joint Compliance and Inspection Commission with information demonstrating to the satisfaction of the other Party that this bomber does not meet the criterion provided for in subparagraph (a) and does not meet the criterion provided for in subparagraph (b). Heavy bombers of the Parties of the types existing as of the date of signature of the Treaty are specified in Article III of the Treaty. | For the United States of America, bombers of the B 52 and B 1 types, and for the Union of Soviet Socialist Republics, bombers of the Tupolev 95 and Myasishchev types. 2) In the future, types of bombers which can carry out the mission of a heavy bomber in a manner similar or superior to that of bombers currently. 3) Types of bombers equipped for cruise missiles capable of a range in excess of 600 kilometers. 4) Types of bombers equipped for ASBMs (Not airplanes which otherwise would be bombers of a heavy bomber type if they have functionally related observable differences which indicate that they cannot perform the mission of a heavy bomber, airplanes which otherwise would be bombers of a type equipped for cruise missiles capable of a range in excess of 600 kilometers if they have functionally related observable differences which indicate that they cannot perform the mission of a bomber equipped for cruise missiles capable of a range in excess of 600 kilometers ( except that heavy bombers of current types, as designated in subparagraph 3(a) of Article II of the Treaty, which otherwise would be of a type equipped for cruise missiles capable of a range in excess of 600 kilometers shall not be considered to be heavy bombers of a type equipped for cruise missiles capable of a range in excess of 600 kilometers if they are distinguishable on the basis of externally observable differences from heavy bombers of a type equipped for cruise missiles capable of a range in excess of 600 kilometers; and), airplanes which otherwise would be bombers of a type equipped for ASBMs if they have functionally related observable differences which indicate that they cannot perform the mission of a bomber equipped for ASBMs(except that heavy bombers of current types, as designated in subparagraph 3(a) of Article II of the Treaty, which otherwise would be of a type equipped for ASBMs shall not be considered to be heavy bombers of a type equipped for ASBMs if they are distinguishable on the basis of externally observable differences from heavy bombers of a type equipped for ASBMs)). 3) Functionally related observable differences are differences in the observable features of airplanes which indicate whether or not these airplanes can perform the mission of a heavy bomber, or whether or not they can perform the mission of a bomber equipped for cruise missiles capable of a range in excess of 600 kilometers or whether or not they can perform the mission of a bomber equipped for ASBMs. 5. Tupolev 142 airplanes in their current configuration, that is, in the configuration for anti submarine warfare, are considered to be airplanes of a type different from types of heavy bombers referred to in subparagraph 3(a) of Article II of the Treaty and not subject to the Fourth Agreed Statement to paragraph 3 of Article II of the Treaty. This Agreed Statement does not preclude improvement of Tupolev 142 airplanes as an anti submarine system, and does not prejudice or set a precedent for designation in the future of types of airplanes as heavy bombers pursuant to subparagraph 3(b) of Article II of the Treaty or for application of the Fourth Agreed Statement to paragraph 3 of Article II of the Treaty to such airplanes. 6. Heavy bombers of the types designated by the United States of America as the B 52 and the B 1 are known to the Union of Soviet Socialist Republics by the same designations; Heavy bombers of the type designated by the Union of Soviet Socialist Republics as the Tupolev 95 are known to the United States of America as heavy bombers of the Bear type; and Heavy bombers of the type designated by the Union of Soviet Socialist Republics as the Myasishchev are known to the United States of America as heavy bombers of the Bison type. | The term heavy bomber means a bomber of a type, any one of which satisfies either of the following criteria: (a) Its range is greater than 8000 kilometers; or (b) It is equipped for long range nuclear ALCMs. A bomber shall not be considered to be a heavy bomber if it meets neither criterion (a) nor criterion (b) or if otherwise agreed by the Parties. deployed heavy bomber means a heavy bomber equipped for nuclear armaments, other than a test heavy bomber or a heavy bomber located at a repair facility or at a production facility. The term non deployed heavy bomber means a test heavy bomber or a heavy bomber equipped for nuclear armaments located at a repair facility or at a production facility. | The term heavy bomber means a bomber of a type, any one of which satisfies either of the following criteria:(a) its range is greater than 8000 kilometers; or(b) it is equipped for long range nuclear ALCMs.","Definitions for START I. ASD(a). Definitions Annex  Strategic Arms Reduction Talks (START) Treaty. Acquisition Office of the Assistant Secretary of Defense. Accessed September 8, 2023. https://www.acq.osd.mil/asda/ssipm/sdc/tc/start1/START1 annex definitions.html. Paragraph 36. | Ibid. Article II:3: Heavy bombers are considered to be:(b) in the future, types of bombers which can carry out the mission of a heavy bomber in a manner similar or superior to that of bombers listed in subparagraph (a) above;(c) types of bombers equipped for cruise missiles capable of a range in excess of 600 kilometers; and(d) types of bombers equipped for ASBMs.(a) currently, for the United States of America, bombers of the B 52 and B 1 types, and for the Union of Soviet Socialist Republics, bombers of the Tupolev 95 and Myasishchev types; First Agreed statements: The term bombers, as used in paragraph 3 of Article II and other provisions of the Treaty, means airplanes of types initially constructed to be equipped for bombs or missiles. Fourth Agreed statement: Having agreed that every bomber of a type included in paragraph 3 of Article II of the Treaty is to be considered a heavy bomber, the Parties further agree that:(a) airplanes which otherwise would be bombers of a heavy bomber type shall not be considered to be bombers of a heavy bomber type if they have functionally related observable differences which indicate that they cannot perform the mission of a heavy bomber; (b) airplanes which otherwise would be bombers of a type equipped for cruise missiles capable of a range in excess of 600 kilometers shall not be considered to be bombers of a type equipped for cruise missiles capable of a range in excess of 600 kilometers if they have functionally related observable differences which indicate that they cannot perform the mission of a bomber equipped for cruise missiles capable of a range in excess of 600 kilometers, except that heavy bombers of current types, as designated in subparagraph 3(a) of Article II of the Treaty, which otherwise would be of a type equipped for cruise missiles capable of a range in excess of 600 kilometers shall not be considered to be heavy bombers of a type equipped for cruise missiles capable of a range in excess of 600 kilometers if they are distinguishable on the basis of externally observable differences from heavy bombers of a type equipped for cruise missiles capable of a range in excess of 600 kilometers; and (c) airplanes which otherwise would be bombers of a type equipped for ASBMs shall not be considered to be bombers of a type equipped for ASBMs if they have functionally related observable differences which indicate that they cannot perform the mission of a bomber equipped for ASBMs, except that heavy bombers of current types, as designated in subparagraph 3(a) of Article II of the Treaty, which otherwise would be of a type equipped for ASBMs shall not be considered to be heavy bombers of a type equipped for ASBMs if they are distinguishable on the basis of externally observable differences from heavy bombers of a type equipped for ASBMs. First Common Understanding: Functionally related observable differences are differences in the observable features of airplanes which indicate whether or not these airplanes can perform the mission of a heavy bomber, or whether or not they can perform the mission of a bomber equipped for cruise missiles capable of a range in excess of 600 kilometers or whether or not they can perform the mission of a bomber equipped for ASBMs. Functionally related observable differences shall be verifiable by national technical means. To this end, the Parties may take, as appropriate, cooperative measures contributing to the effectiveness of verification by national technical means. Fifth Agreed Statement: Tupolev 142 airplanes in their current configuration, that is, in the configuration for anti submarine warfare, are considered to be airplanes of a type different from types of heavy bombers referred to in subparagraph 3(a) of Article II of the Treaty and not subject to the Fourth Agreed Statement to paragraph 3 of Article II of the Treaty. This Agreed Statement does not preclude improvement of Tupolev 142 airplanes as an anti submarine system, and does not prejudice or set a precedent for designation in the future of types of airplanes as heavy bombers pursuant to subparagraph 3(b) of Article II of the Treaty or for application of the Fourth Agreed Statement to paragraph 3 of Article II of the Treaty to such airplanes. Third Common Understanding: The designations by the United States of America and by the Union of Soviet Socialist Republics for heavy bombers referred to in subparagraph 3(a) of Article II of the Treaty correspond in the following manner: Heavy bombers of the types designated by the United States of America as the B 52 and the B 1 are known to the Union of Soviet Socialist Republics by the same designations; Heavy bombers of the type designated by the Union of Soviet Socialist Republics as the Tupolev 95 are known to the United States of America as heavy bombers of the Bear type; and Heavy bombers of the type designated by the Union of Soviet Socialist Republics as the Myasishchev are known to the United States of America as heavy bombers of the Bison type. | START: Definitions Annex', 1991. Term 36 (112). https://www.acq.osd.mil/asda/ssipm/sdc/tc/start1/START1 annex definitions.html. | ibid.   Protocol: Part One, 23 The term heavy bomber means a bomber of a type, any one of which satisfies either of the following criteria: (a) Its range is greater than 8000 kilometers; or (b) It is equipped for long range nuclear ALCMs. A bomber shall not be considered to be a heavy bomber if it meets neither criterion (a) nor criterion (b) or if otherwise agreed by the Parties., 12 The term deployed heavy bomber means a heavy bomber equipped for nuclear armaments, other than a test heavy bomber or a heavy bomber located at a repair facility or at a production facility., 47 The term non deployed heavy bomber means a test heavy bomber or a heavy bomber equipped for nuclear armaments located at a repair facility or at a production facility.",0,0,0,0,0,0,0,0,0,1,0,0,0,0,0,0,0,1.0,2007-12-31,,"Phase 1: seven years after entry into force of the START Treaty, phase 2: January 1, 2003. Ibid. Article I:1,3.",1.0,"Phase 1: seven years after entry into force of the START Treaty, phase 2: January 1, 2003. Ibid. Article I:1,3.","Phase 1: seven years after entry into force of the START Treaty, phase 2: January 1, 2003. Ibid. Article I:1,3.",heavy bomber,0,Military aircraft; purely military,2010,Treaty between The United States of America and The The Russian Federation on Measures for the Further Reduction and Limitation of Strategic Offensive Arms,New START Treaty,"Bilateral, Nuclear Weapons",1.0,Treaty between The United States of America and The The Russian Federation on Strategic Offensive Reductions Treaty (SORT)(2002).,0,,,1,3.0,2010-04-08,0,,,,"The Russian Federation(2010-04-08), The United States of America(2010-04-08)",1.0,2011-02-05,,,2.0,2,0.0,,0.0,ibid. Treaty. Article XV. 1 Each Party may propose amendments to this Treaty.,0.0,0.0,,0,0.0,
2802,1.0,warheads attributed to icbm,,,0,0,0,0,0,0,0,0,0,0,0,0,0,1,0,0,0,1.0,2007-12-31,,"Phase 1: seven years after entry into force of the START Treaty, phase 2: January 1, 2003. Ibid. Article I:1,3.",1.0,"Phase 1: seven years after entry into force of the START Treaty, phase 2: January 1, 2003. Ibid. Article I:1,3.","Phase 1: seven years after entry into force of the START Treaty, phase 2: January 1, 2003. Ibid. Article I:1,3.",warheads attributed to icbm,0,Nuclear warheads; purely military,1993,Treaty Between The United States of America and The Union of Soviet Socialist Republics on the Reduction and Limitation of Strategic Offensive Arms,START II,"Bilateral, Nuclear Weapons",0.0,,0,,,1,3.0,1993-01-03,4,,,,"The Russian Federation(1993-01-03), The United States of America(1993-01-03)",0.0,,,,2.0,2,0.0,,0.0,Ibid. Article VII.,0.0,0.0,,1,,
2802,1.0,warheads attributed to slbm,,,0,0,0,0,0,0,0,0,0,0,0,0,0,1,0,0,0,1.0,2007-12-31,,"Phase 1: seven years after entry into force of the START Treaty, phase 2: January 1, 2003. Ibid. Article I:1,3.",1.0,"Phase 1: seven years after entry into force of the START Treaty, phase 2: January 1, 2003. Ibid. Article I:1,3.","Phase 1: seven years after entry into force of the START Treaty, phase 2: January 1, 2003. Ibid. Article I:1,3.",warheads attributed to slbm,0,Nuclear warheads; purely military,1993,Treaty Between The United States of America and The Union of Soviet Socialist Republics on the Reduction and Limitation of Strategic Offensive Arms,START II,"Bilateral, Nuclear Weapons",0.0,,0,,,1,3.0,1993-01-03,4,,,,"The Russian Federation(1993-01-03), The United States of America(1993-01-03)",0.0,,,,2.0,2,0.0,,0.0,Ibid. Article VII.,0.0,0.0,,1,,
2802,1.0,warheads attributed to heavy bomber,,,0,0,0,0,0,0,0,0,0,0,0,0,0,1,0,0,0,1.0,2007-12-31,,"Phase 1: seven years after entry into force of the START Treaty, phase 2: January 1, 2003. Ibid. Article I:1,3.",1.0,"Phase 1: seven years after entry into force of the START Treaty, phase 2: January 1, 2003. Ibid. Article I:1,3.","Phase 1: seven years after entry into force of the START Treaty, phase 2: January 1, 2003. Ibid. Article I:1,3.",warheads attributed to heavy bomber,0,Nuclear warheads; purely military,1993,Treaty Between The United States of America and The Union of Soviet Socialist Republics on the Reduction and Limitation of Strategic Offensive Arms,START II,"Bilateral, Nuclear Weapons",0.0,,0,,,1,3.0,1993-01-03,4,,,,"The Russian Federation(1993-01-03), The United States of America(1993-01-03)",0.0,,,,2.0,2,0.0,,0.0,Ibid. Article VII.,0.0,0.0,,1,,
270,1.0,battle tank,"Battle tank means a self propelled armoured fighting vehicle, capable of heavy firepower, primarily of a high muzzle velocity direct fire main gun necessary to engage armoured and other targets, with high cross country mobility, with a high level of self protection, and which is not designed and equipped primarily to transport combat troops. Such armoured vehicles serve as the principal weapon system of ground force tank and other armoured formations. Battle tanks are tracked armoured fighting vehicles which weigh at least 16.5 metric tonnes unladen weight and which are armed with a 360 degree traverse gun of at least 75 millimeters calibre. In addition, any wheeled armoured fighting vehicles entering into service which meet all the other criteria stated above shall also be deemed battle tanks.","Ibid. Article II:c: battle tank means a self propelled armoured fighting vehicle, capable of heavy firepower, primarily of a high muzzle velocity direct fire main gun necessary to engage armoured and other targets, with high cross country mobility, with a high level of self protection, and which is not designed and equipped primarily to transport combat troops. Such armoured vehicles serve as the principal weapon system of ground force tank and other armoured formations. Battle tanks are tracked armoured fighting vehicles which weigh at least 16.5 metric tonnes unladen weight and which are armed with a 360 degree traverse gun of at least 75 millimeters calibre. In addition, any wheeled armoured fighting vehicles entering into service which meet all the other criteria stated above shall also be deemed battle tanks.",0,0,0,0,0,0,0,0,0,0,0,0,1,0,1,0,0,0.0,,,Assumed directly upon force given no explicit indication otherwise,0.0,,,battle tank,0,Conventional weapon (UN Register); on military goods list not dual-use list,1990,Treaty on Conventional Armed Forces in Europe,CFE,"Multilateral, Conventional Weapons",0.0,,1,2.0,"Ibid. Article II. B. The term area of application means the entire land territory of the States Parties in Europe from the Atlantic Ocean to the Ural Mountains, which includes all the European island territories of the States Parties, including the Faroe Islands of the Kingdom of Denmark, Svalbard including Bear Island of the Kingdom of Norway, the islands of Azores and Madeira of the Portuguese Republic, the Canary Islands of the Kingdom of Spain and Franz Josef Land and Novaya Zemlya of The Union of Soviet Socialist Republics. In the case of The Union of Soviet Socialist Republics, the area of application includes all territory lying west of the Ural River and the Caspian Sea. In the case of the Republic of Türkiye, the area of application includes the territory of the Republic of Türkiye north and west of a line extending from the point of intersection of the Turkish border with the 39th parallel to Muradiye, Patnos, Karayazi, Tekman, Kemaliye, Feke, Ceyhan, Dogankent, Gozne and thence to the sea.",2,3.0,1990-11-19,0,1.0,1990-11-19,,"Armenia(1990-11-19), Azerbaijan(1990-11-19), Belarus(1990-11-19), Belgium(1990-11-19), Bulgaria(1990-11-19), Canada(1990-11-19), Denmark(1990-11-19), France(1990-11-19), Georgia(1990-11-19), Germany(1990-11-19), Greece(1990-11-19), Hungary(1990-11-19), Iceland(1990-11-19), Italy(1990-11-19), Kazakhstan(1990-11-19), Luxembourg(1990-11-19), Netherlands(1990-11-19), Norway(1990-11-19), Poland(1990-11-19), Portugal(1990-11-19), Moldova(1990-11-19), Romania(1990-11-19), The Russian Federation(1990-11-19), Spain(1990-11-19), Türkiye(1990-11-19), Ukraine(1990-11-19), The United Kingdom of Great Britain and Northern Ireland(1990-11-19), The United States of America(1990-11-19)",1.0,1992-09-11,,,30.0,2,0.0,,0.0,"Ibid. Article XX. Any State Party may propose amendments to this Treaty. The text of a proposed amendment shall be submitted to the Depositary, which shall circulate it to all the States Parties.",0.0,2.0,,4,1.0,The Russian Federation(2023-11-07)
344,1.0,battle tank,"Battle tank means a self propelled armoured fighting vehicle, capable of heavy firepower, primarily of a high muzzle velocity direct fire main gun necessary to engage armoured and other targets, with high cross country mobility, with a high level of self protection, and which is not designed and equipped primarily to transport combat troops. Such armoured vehicles serve as the principal weapon system of ground force tank and other armoured formations. Battle tanks are tracked armoured fighting vehicles which weigh at least 16.5 metric tonnes unladen weight and which are armed with a 360 degree traverse gun of at least 75 millimeters calibre. In addition, any wheeled armoured fighting vehicles entering into service which meet all the other criteria stated above shall also be deemed battle tanks.","Ibid. Article II:c: battle tank means a self propelled armoured fighting vehicle, capable of heavy firepower, primarily of a high muzzle velocity direct fire main gun necessary to engage armoured and other targets, with high cross country mobility, with a high level of self protection, and which is not designed and equipped primarily to transport combat troops. Such armoured vehicles serve as the principal weapon system of ground force tank and other armoured formations. Battle tanks are tracked armoured fighting vehicles which weigh at least 16.5 metric tonnes unladen weight and which are armed with a 360 degree traverse gun of at least 75 millimeters calibre. In addition, any wheeled armoured fighting vehicles entering into service which meet all the other criteria stated above shall also be deemed battle tanks.",0,0,0,0,0,0,0,0,0,0,0,0,1,0,1,0,0,0.0,,,Assumed directly upon force given no explicit indication otherwise,0.0,,,battle tank,0,Conventional weapon (UN Register); on military goods list not dual-use list,1996,Agreement on Sub-Regional Arms Control,Agreement on Sub-Regional Arms Control,"Multilateral, Conventional Weapons, Dual-use",0.0,,2,,Assumed,2,2.0,1996-06-14,0,,,1996-06-14,,1.0,1996-06-14,,,3.0,2,,,0.0,Article XIII: Any party may propose amendments to this agreement. ,0.0,0.0,,150 days,0.0,
450,1.0,battle tank,"Battle tank means a self propelled armoured fighting vehicle, capable of heavy firepower, primarily of a high muzzle velocity direct fire main gun necessary to engage armoured and other targets, with high cross country mobility, with a high level of self protection, and which is not designed and equipped primarily to transport combat troops. Such armoured vehicles serve as the principal weapon system of ground force tank and other armoured formations. Battle tanks are tracked armoured fighting vehicles which weigh at least 16.5 metric tonnes unladen weight and which are armed with a 360 degree traverse gun of at least 75 millimeters calibre. In addition, any wheeled armoured fighting vehicles entering into service which meet all the other criteria stated above shall also be deemed battle tanks.","Ibid. Article II:c: battle tank means a self propelled armoured fighting vehicle, capable of heavy firepower, primarily of a high muzzle velocity direct fire main gun necessary to engage armoured and other targets, with high cross country mobility, with a high level of self protection, and which is not designed and equipped primarily to transport combat troops. Such armoured vehicles serve as the principal weapon system of ground force tank and other armoured formations. Battle tanks are tracked armoured fighting vehicles which weigh at least 16.5 metric tonnes unladen weight and which are armed with a 360 degree traverse gun of at least 75 millimeters calibre. In addition, any wheeled armoured fighting vehicles entering into service which meet all the other criteria stated above shall also be deemed battle tanks.",0,0,0,0,0,0,0,0,0,0,0,0,1,0,1,0,0,0.0,,,Assumed directly upon force given no explicit indication otherwise,0.0,,,battle tank,0,Conventional weapon (UN Register); on military goods list not dual-use list,2013,Arms Trade Treaty,Arms Trade Treaty (ATT),"Multilateral, Conventional Weapons",0.0,,0,,,2,3.0,2013-06-03,0,1.0,2013-04-02,,"Albania(2013-06-03), Andorra(2014-12-18), Angola(2013-09-24), Antigua and Barbuda(2013-06-03), Argentina(2013-06-03), Australia(2013-06-03), Austria(2013-06-03), Bahamas(2013-06-03), Bahrain(2013-11-21), Bangladesh(2013-09-26), Barbados(2013-09-25), Belgium(2013-06-03), Belize(2013-06-03), Benin(2013-06-03), Bosnia and Herzegovina(2013-09-25), Brazil(2013-06-03), Bulgaria(2013-07-02), Burkina Faso(2013-06-03), Burundi(2013-06-03), Cabo Verde(2013-06-03), Cambodia(2013-10-18), Cameroon(2014-12-03), Chad(2013-09-25), Colombia(2013-09-24), Comoros(2013-09-26), Congo(2013-09-25), Costa Rica(2013-06-03), Cote d'ivoire(2013-06-03), Croatia(2013-06-03), Cyprus(2013-06-03), Czech Republic(2013-06-03), Denmark(2013-06-03), Djibouti(2013-06-03), Dominica(2013-10-01), Dominican Republic(2013-06-03), El Salvador(2013-06-03), Estonia(2013-06-03), Eswatini(2013-09-04), Finland(2013-06-03), France(2013-06-03), Gabon(2013-09-25), Georgia(2014-09-25), Germany(2013-06-03), Ghana(2013-09-24), Greece(2013-06-03), Grenada(2013-06-03), Guatemala(2013-06-24), Guinea(2013-06-29), Guinea Bissau(2013-09-26), Guyana(2013-06-03), Haiti(2014-03-21), Honduras(2013-09-25), Hungary(2013-06-03), Iceland(2013-06-03), Ireland(2013-06-03), Israel(2014-12-18), Italy(2013-06-03), Jamaica(2013-06-03), Japan(2013-06-03), Kiribati(2013-09-25), Latvia(2013-06-03), Lebanon(2014-10-27), Lesotho(2013-09-25), Liberia(2013-06-04), Libya(2013-06-09), Liechtenstein(2013-06-03), Lithuania(2013-06-03), Luxembourg(2013-06-03), Madagascar(2013-09-25), Malawi(2014-01-09), Malaysia(2013-09-26), Mali(2013-06-03), Malta(2013-06-03), Mauritania(2013-06-03), Mexico(2013-06-03), Mongolia(2013-09-24), Montenegro(2013-06-03), Mozambique(2013-06-03), Namibia(2014-09-25), Nauru(2013-09-25), Netherlands(2013-06-03), New Zealand(2013-06-03), Niger(2014-03-24), Nigeria(2013-08-12), North Macedonia(2013-09-25), Norway(2013-06-03), Palau(2013-06-03), Panama(2013-06-03), Paraguay(2013-06-19), Peru(2013-09-24), Philippines(2013-09-25), Poland(2013-07-01), Portugal(2013-06-03), Republic of Korea(2013-06-03), Moldova(2013-09-10), Romania(2013-06-03), Rwanda(2013-06-03), Saint Kitts and Nevis(2013-06-03), Saint Lucia(2013-06-03), Saint Vincent and the Grenadines(2013-06-03), Samoa(2013-09-25), San Marino(2014-12-19), Sao Tome and Principe(2014-12-19), Senegal(2013-06-03), Serbia(2013-08-12), Seychelles(2013-06-03), Sierra Leone(2013-09-25), Singapore(2014-12-05), Slovakia(2013-06-10), Slovenia(2013-06-03), South Africa(2013-09-25), Spain(2013-06-03), Suriname(2013-06-03), Sweden(2013-06-03), Switzerland(2013-06-03), Thailand(2014-11-25), Togo(2013-06-03), Trinidad and Tobago(2013-06-03), Tuvalu(2013-06-03), Türkiye(2013-07-02), Ukraine(2014-09-23), United Arab Emirates(2013-07-09), The United Kingdom of Great Britain and Northern Ireland(2013-06-03), Tanzania(2013-06-03), The United States of America(2013-09-25), Uruguay(2013-07-26), Vanuatu(2013-07-26), Zambia(2013-09-25), Zimbabwe(2014-12-18)",1.0,2014-12-24,,,113.0,0,0.0,,0.0,"Ibid. Article 20. Six years after the entry into force of this Treaty, any State Party may propose an amendment to this Treaty. Thereafter, proposed amendments may only be considered by the Conference of States Parties every three years.",5.0,0.0,,0,0.0,
450,1.0,missiles and missile launcher,,,0,0,0,0,0,0,0,0,0,0,0,0,1,0,1,0,0,0.0,,,Assumed directly upon force given no explicit indication otherwise,0.0,,,missiles and missile launcher,0,Military weapons systems; purely military,2013,Arms Trade Treaty,Arms Trade Treaty (ATT),"Multilateral, Conventional Weapons",0.0,,0,,,2,3.0,2013-06-03,0,1.0,2013-04-02,,"Albania(2013-06-03), Andorra(2014-12-18), Angola(2013-09-24), Antigua and Barbuda(2013-06-03), Argentina(2013-06-03), Australia(2013-06-03), Austria(2013-06-03), Bahamas(2013-06-03), Bahrain(2013-11-21), Bangladesh(2013-09-26), Barbados(2013-09-25), Belgium(2013-06-03), Belize(2013-06-03), Benin(2013-06-03), Bosnia and Herzegovina(2013-09-25), Brazil(2013-06-03), Bulgaria(2013-07-02), Burkina Faso(2013-06-03), Burundi(2013-06-03), Cabo Verde(2013-06-03), Cambodia(2013-10-18), Cameroon(2014-12-03), Chad(2013-09-25), Colombia(2013-09-24), Comoros(2013-09-26), Congo(2013-09-25), Costa Rica(2013-06-03), Cote d'ivoire(2013-06-03), Croatia(2013-06-03), Cyprus(2013-06-03), Czech Republic(2013-06-03), Denmark(2013-06-03), Djibouti(2013-06-03), Dominica(2013-10-01), Dominican Republic(2013-06-03), El Salvador(2013-06-03), Estonia(2013-06-03), Eswatini(2013-09-04), Finland(2013-06-03), France(2013-06-03), Gabon(2013-09-25), Georgia(2014-09-25), Germany(2013-06-03), Ghana(2013-09-24), Greece(2013-06-03), Grenada(2013-06-03), Guatemala(2013-06-24), Guinea(2013-06-29), Guinea Bissau(2013-09-26), Guyana(2013-06-03), Haiti(2014-03-21), Honduras(2013-09-25), Hungary(2013-06-03), Iceland(2013-06-03), Ireland(2013-06-03), Israel(2014-12-18), Italy(2013-06-03), Jamaica(2013-06-03), Japan(2013-06-03), Kiribati(2013-09-25), Latvia(2013-06-03), Lebanon(2014-10-27), Lesotho(2013-09-25), Liberia(2013-06-04), Libya(2013-06-09), Liechtenstein(2013-06-03), Lithuania(2013-06-03), Luxembourg(2013-06-03), Madagascar(2013-09-25), Malawi(2014-01-09), Malaysia(2013-09-26), Mali(2013-06-03), Malta(2013-06-03), Mauritania(2013-06-03), Mexico(2013-06-03), Mongolia(2013-09-24), Montenegro(2013-06-03), Mozambique(2013-06-03), Namibia(2014-09-25), Nauru(2013-09-25), Netherlands(2013-06-03), New Zealand(2013-06-03), Niger(2014-03-24), Nigeria(2013-08-12), North Macedonia(2013-09-25), Norway(2013-06-03), Palau(2013-06-03), Panama(2013-06-03), Paraguay(2013-06-19), Peru(2013-09-24), Philippines(2013-09-25), Poland(2013-07-01), Portugal(2013-06-03), Republic of Korea(2013-06-03), Moldova(2013-09-10), Romania(2013-06-03), Rwanda(2013-06-03), Saint Kitts and Nevis(2013-06-03), Saint Lucia(2013-06-03), Saint Vincent and the Grenadines(2013-06-03), Samoa(2013-09-25), San Marino(2014-12-19), Sao Tome and Principe(2014-12-19), Senegal(2013-06-03), Serbia(2013-08-12), Seychelles(2013-06-03), Sierra Leone(2013-09-25), Singapore(2014-12-05), Slovakia(2013-06-10), Slovenia(2013-06-03), South Africa(2013-09-25), Spain(2013-06-03), Suriname(2013-06-03), Sweden(2013-06-03), Switzerland(2013-06-03), Thailand(2014-11-25), Togo(2013-06-03), Trinidad and Tobago(2013-06-03), Tuvalu(2013-06-03), Türkiye(2013-07-02), Ukraine(2014-09-23), United Arab Emirates(2013-07-09), The United Kingdom of Great Britain and Northern Ireland(2013-06-03), Tanzania(2013-06-03), The United States of America(2013-09-25), Uruguay(2013-07-26), Vanuatu(2013-07-26), Zambia(2013-09-25), Zimbabwe(2014-12-18)",1.0,2014-12-24,,,113.0,0,0.0,,0.0,"Ibid. Article 20. Six years after the entry into force of this Treaty, any State Party may propose an amendment to this Treaty. Thereafter, proposed amendments may only be considered by the Conference of States Parties every three years.",5.0,0.0,,0,0.0,
375,1.0,small arms and light weapon,"Firearms means any portable barrelled weapon that expels, is designed to expel or may be readily converted to expel a shot, bullet or projectile by the action of an explosive, excluding antique firearms or their replicas. Antique firearms and their replicas shall be defined in accordance with domestic law. In no case, however, shall antique firearms include firearms manufactured after 1899, or any other weapon or destructive device such as an explosive bomb, incendiary bomb or gas bomb, grenade, rocket launcher, missile, missile system or mine.","Ibid. Article 1:c: firearms, meaning: (a) any portable barrelled weapon that expels, is designed to expel or may be readily converted to expel a shot, bullet or projectile by the action of an explosive, excluding antique firearms or their replicas. Antique firearms and their replicas shall be defined in accordance with domestic law. In no case, however, shall antique firearms include firearms manufactured after 1899; (b) any other weapon or destructive device such as an explosive bomb, incendiary bomb or gas bomb, grenade, rocket launcher, missile, missile system or mine ",0,0,0,0,0,0,0,0,0,0,0,0,1,0,1,0,0,0.0,,,Assumed directly upon force given no explicit indication otherwise,0.0,,,small arms and light weapon,0,Conventional weapons (UN Register); on military goods list not dual-use list,1998,"The Moratorium on Importation, Exportation and Manufacture of Light Weapons in West Africa",ECOWAS Moratorium,"Multilateral, Conventional Weapons",0.0,,1,0.0,"The Moratorium on Importation, Exportation and Manufacture of Light Weapons in West Africa (The ECOWAS Moratorium  Annex 2). 1998. Accessed 2024-09-11. Available at: https://www.sipri.org/sites/default/files/research/disarmament/dualuse/pdf-archive-att/pdfs/ecowas-declaration-of-a-moratorium-on-the-importation-exportation-and-manufacture-of-light-weapons-in-west-africa.pdf.",2,0.0,1998-10-31,2,,,,,,,16.0,"Benin(1998-10-31), Burkina Faso(1998-10-31), Cabo Verde(1998-10-31), Cote d'Ivoire(1998-10-31), Gambia(1998-10-31), Ghana(1998-10-31), Guinea(1998-10-31), Guinea Bissau(1998-10-31), Liberia(1998-10-31), Mali(1998-10-31), Mauritania(1998-10-31), Niger(1998-10-31), Nigeria(1998-10-31), Senegal(1998-10-31), Sierra Leone(1998-10-31), Togo(1998-10-31)",,2,,,2.0,,,3.0,,,0.0,
387,1.0,small arms and light weapon,"Firearms means any portable barrelled weapon that expels, is designed to expel or may be readily converted to expel a shot, bullet or projectile by the action of an explosive, excluding antique firearms or their replicas. Antique firearms and their replicas shall be defined in accordance with domestic law. In no case, however, shall antique firearms include firearms manufactured after 1899, or any other weapon or destructive device such as an explosive bomb, incendiary bomb or gas bomb, grenade, rocket launcher, missile, missile system or mine.","Ibid. Article 1:c: firearms, meaning: (a) any portable barrelled weapon that expels, is designed to expel or may be readily converted to expel a shot, bullet or projectile by the action of an explosive, excluding antique firearms or their replicas. Antique firearms and their replicas shall be defined in accordance with domestic law. In no case, however, shall antique firearms include firearms manufactured after 1899; (b) any other weapon or destructive device such as an explosive bomb, incendiary bomb or gas bomb, grenade, rocket launcher, missile, missile system or mine ",0,0,0,0,0,0,0,0,0,0,0,0,1,0,1,0,0,0.0,,,Assumed directly upon force given no explicit indication otherwise,0.0,,,small arms and light weapon,0,Conventional weapons (UN Register); on military goods list not dual-use list,2000,"Bamako Declaration on an African Common Position on the Illicit Proliferation, Circulation and Trafficking of Small Arms and Light Weapons",Bamako Declaration,"Multilateral, Conventional Weapons",0.0,,1,0.0,AU. 2024. Accessed 2024-09-25. https://au.int/sites/default/files/documents/31829-doc-African_Union_Handbook_2023_ENGLISH.pdf. https://www.peaceau.org/uploads/bamako-declaration.pdf.,2,0.0,2000-12-01,6,,,,,,,54.0,"Algeria(2000-12-01), Angola(2000-12-01), Benin(2000-12-01), Botswana(2000-12-01), Burkina Faso(2000-12-01), Burundi(2000-12-01), Cabo Verde(2000-12-01), Cameroon(2000-12-01), Central African Republic(2000-12-01), Chad(2000-12-01), Comoros(2000-12-01), Congo(2000-12-01), Democratic Republic of Congo(2000-12-01), Cote dIvoire(2000-12-01), Djibouti(2000-12-01), Egypt(2000-12-01), Equatorial Guinea(2000-12-01), Eritrea(2000-12-01), Eswatini(2000-12-01), Ethiopia(2000-12-01), Gabon(2000-12-01), Ghana(2000-12-01), Guinea Bissau(2000-12-01), Kenya(2000-12-01), Lesotho(2000-12-01), Liberia(2000-12-01), Libya(2000-12-01), Madagascar(2000-12-01), Malawi(2000-12-01), Mali(2000-12-01), Mauritania(2000-12-01), Mauritius(2000-12-01), Morocco(2000-12-01), Mozambique(2000-12-01), Namibia(2000-12-01), Niger(2000-12-01), Nigeria(2000-12-01), Rwanda(2000-12-01), Sahrawi Republic(2000-12-01), Sao Tome and Principe(2000-12-01), Senegal(2000-12-01), Seychelles(2000-12-01), Sierra Leone(2000-12-01), Somalia(2000-12-01), South Africa(2000-12-01), South Sudan(2000-12-01), Sudan(2000-12-01), Togo(2000-12-01), Tunisia(2000-12-01), Uganda(2000-12-01), Tanzania(2000-12-01), Zambia(2000-12-01), Zimbabwe(2000-12-01)",,2,,,2.0,,,3.0,,,0.0,
400,1.0,small arms and light weapon,"Firearms means any portable barrelled weapon that expels, is designed to expel or may be readily converted to expel a shot, bullet or projectile by the action of an explosive, excluding antique firearms or their replicas. Antique firearms and their replicas shall be defined in accordance with domestic law. In no case, however, shall antique firearms include firearms manufactured after 1899, or any other weapon or destructive device such as an explosive bomb, incendiary bomb or gas bomb, grenade, rocket launcher, missile, missile system or mine.","Ibid. Article 1:c: firearms, meaning: (a) any portable barrelled weapon that expels, is designed to expel or may be readily converted to expel a shot, bullet or projectile by the action of an explosive, excluding antique firearms or their replicas. Antique firearms and their replicas shall be defined in accordance with domestic law. In no case, however, shall antique firearms include firearms manufactured after 1899; (b) any other weapon or destructive device such as an explosive bomb, incendiary bomb or gas bomb, grenade, rocket launcher, missile, missile system or mine ",0,0,0,0,0,0,0,0,0,0,0,0,1,0,1,0,0,0.0,,,Assumed directly upon force given no explicit indication otherwise,0.0,,,small arms and light weapon,0,Conventional weapons (UN Register); on military goods list not dual-use list,2004,"The Nairobi Protocol for the Prevention, Control and Reduction of SALW in the Great Lakes Region and Horn of Africa",Nairobi Protocol,"Multilateral, Conventional Weapons",0.0,,1,0.0,"Ibid. Preamble. We, the Ministers of Foreign Affairs and other plenipotentiaries of Republic of Burundi The Democratic Republic of the Congo Republic of Djibouti Federal Democratic Republic of Ethiopia State of Eritrea Republic of Kenya Republic of Rwanda Republic of Seychelles Republic of the Sudan Tanzania Republic of Uganda (Hereafter referred to as the States Parties),. Document info. The Nairobi Protocol for the Prevention, Control and Reduction of SALW in the Great Lakes Region and Horn of Africa",2,3.0,2004-04-21,0,-99.0,,,"Burundi(2004-04-21), The Democratic Republic of the Congo(2004-04-21), Djibouti(2004-04-21), Ethiopia(2004-04-21), Eritrea(2004-04-21), Kenya(2004-04-21), Rwanda(2004-04-21), Seychelles(2004-04-21), Sudan(2004-04-21), Tanzania(2004-04-21), Uganda(2004-04-21)",1.0,2005-05-05,,,9.0,2,0.0,,0.0,Ibid. Article 20. An amendment to this Protocol shall be adopted by a decision of three quarters of the members of the States Parties.,4.0,3.0,,,0.0,
425,1.0,small arms and light weapon,"Firearms means any portable barrelled weapon that expels, is designed to expel or may be readily converted to expel a shot, bullet or projectile by the action of an explosive, excluding antique firearms or their replicas. Antique firearms and their replicas shall be defined in accordance with domestic law. In no case, however, shall antique firearms include firearms manufactured after 1899, or any other weapon or destructive device such as an explosive bomb, incendiary bomb or gas bomb, grenade, rocket launcher, missile, missile system or mine.","Ibid. Article 1:c: firearms, meaning: (a) any portable barrelled weapon that expels, is designed to expel or may be readily converted to expel a shot, bullet or projectile by the action of an explosive, excluding antique firearms or their replicas. Antique firearms and their replicas shall be defined in accordance with domestic law. In no case, however, shall antique firearms include firearms manufactured after 1899; (b) any other weapon or destructive device such as an explosive bomb, incendiary bomb or gas bomb, grenade, rocket launcher, missile, missile system or mine ",0,0,0,0,0,0,0,0,0,0,0,0,1,0,1,0,0,0.0,,,Assumed directly upon force given no explicit indication otherwise,0.0,,,small arms and light weapon,0,Conventional weapons (UN Register); on military goods list not dual-use list,2006,"Ecowas Convention on Small Arms and Light Weapons, Their Ammunition and other related Materials",Ecowas Convention,"Multilateral, Conventional Weapons",1.0,"The Moratorium on Importation, Exportation and Manufacture of Light Weapons in West Africa",1,0.0,"Peamble: ""We, the Heads of State and Government of the Member States of the Economic Community of West African States (ECOWAS)""",2,3.0,2006-06-14,0,,,,"Benin(2006-06-14), Burkina Faso(2006-06-14), Cabo Verde(2006-06-14), Cote d'Ivoire(2006-06-14), Gambia(2006-06-14), Ghana(2006-06-14), Guinea(2006-06-14), Guinea-Bissau(2006-06-14), Liberia(2006-06-14), Mali(2006-06-14), Niger(2006-06-14), Nigeria(2006-06-14), Senegal(2006-06-14), Sierra Leone(2006-06-14), Togo(2006-06-14)",1.0,2009-09-29,,,15.0,2,,,0.0,"Article 32:b: ""Any amendment to this Convention proposed by a Member State shall be submitted to the ECOWAS Executive Secretary who shall notify the Member States. 2. Decision on the adoption of such an amendment shall be taken by the Conference of Heads of State and Government by a two- thirds majority of the Member States. 3. An amendment so adopted shall enter into force for all Member States who are party to this Convention after receipt by the Depository of the instrument of ratification by the majority of Member States"".",2.0,0.0,,12 months,3.0,"Niger(2024-01-28), Mali(2024-01-28), Burkina Faso(2024-01-28)"
440,1.0,small arms and light weapon,"Firearms means any portable barrelled weapon that expels, is designed to expel or may be readily converted to expel a shot, bullet or projectile by the action of an explosive, excluding antique firearms or their replicas. Antique firearms and their replicas shall be defined in accordance with domestic law. In no case, however, shall antique firearms include firearms manufactured after 1899, or any other weapon or destructive device such as an explosive bomb, incendiary bomb or gas bomb, grenade, rocket launcher, missile, missile system or mine.","Ibid. Article 1:c: firearms, meaning: (a) any portable barrelled weapon that expels, is designed to expel or may be readily converted to expel a shot, bullet or projectile by the action of an explosive, excluding antique firearms or their replicas. Antique firearms and their replicas shall be defined in accordance with domestic law. In no case, however, shall antique firearms include firearms manufactured after 1899; (b) any other weapon or destructive device such as an explosive bomb, incendiary bomb or gas bomb, grenade, rocket launcher, missile, missile system or mine ",0,0,0,0,0,0,0,0,0,0,0,0,1,0,1,0,0,0.0,,,Assumed directly upon force given no explicit indication otherwise,0.0,,,small arms and light weapon,0,Conventional weapons (UN Register); on military goods list not dual-use list,2010,"Central African Convention for the Control of Small Arms and Light Weapons, Their Ammunition and All Parts and Components That Can Be Used for Their Manufacture, Repair and Assembly",Kinshasa Convention,"Multilateral, Conventional Weapons",0.0,,1,0.0,"Ibid. Article 35.1. This Convention, adopted in Kinshasa on 30 April 2010, shall be open for signature to all the States members of ECCAS and by the Republic of Rwanda, States members of the United Nations Standing Advisory Committee on Security Questions in Central Africa, at Brazzaville on 19 November 2010, and subsequently at United Nations Headquarters in New York, until its entry into force.",2,3.0,2010-11-19,0,-99.0,,,"Angola(2010-11-19), Burundi(2011-09-22), Cameroon(2010-11-19), Central African Republic(2010-11-19), Chad(2010-11-19), Congo(2010-11-19), The Democratic Republic of the Congo(2010-11-19), Equatorial Guinea(2011-04-29), Gabon(2010-11-19), Rwanda(2011-08-01), Sao Tome and Principe(2010-11-19)",1.0,2017-03-08,,,8.0,1,0.0,,0.0,Ibid. Article 37.1. Any State Party may propose amendments to this Convention at any time after its entry into force.,0.0,0.0,,2,0.0,
450,1.0,small arms and light weapon,"Firearms means any portable barrelled weapon that expels, is designed to expel or may be readily converted to expel a shot, bullet or projectile by the action of an explosive, excluding antique firearms or their replicas. Antique firearms and their replicas shall be defined in accordance with domestic law. In no case, however, shall antique firearms include firearms manufactured after 1899, or any other weapon or destructive device such as an explosive bomb, incendiary bomb or gas bomb, grenade, rocket launcher, missile, missile system or mine.","Ibid. Article 1:c: firearms, meaning: (a) any portable barrelled weapon that expels, is designed to expel or may be readily converted to expel a shot, bullet or projectile by the action of an explosive, excluding antique firearms or their replicas. Antique firearms and their replicas shall be defined in accordance with domestic law. In no case, however, shall antique firearms include firearms manufactured after 1899; (b) any other weapon or destructive device such as an explosive bomb, incendiary bomb or gas bomb, grenade, rocket launcher, missile, missile system or mine ",0,0,0,0,0,0,0,0,0,0,0,0,1,0,1,0,0,0.0,,,Assumed directly upon force given no explicit indication otherwise,0.0,,,small arms and light weapon,0,Conventional weapons (UN Register); on military goods list not dual-use list,2013,Arms Trade Treaty,Arms Trade Treaty (ATT),"Multilateral, Conventional Weapons",0.0,,0,,,2,3.0,2013-06-03,0,1.0,2013-04-02,,"Albania(2013-06-03), Andorra(2014-12-18), Angola(2013-09-24), Antigua and Barbuda(2013-06-03), Argentina(2013-06-03), Australia(2013-06-03), Austria(2013-06-03), Bahamas(2013-06-03), Bahrain(2013-11-21), Bangladesh(2013-09-26), Barbados(2013-09-25), Belgium(2013-06-03), Belize(2013-06-03), Benin(2013-06-03), Bosnia and Herzegovina(2013-09-25), Brazil(2013-06-03), Bulgaria(2013-07-02), Burkina Faso(2013-06-03), Burundi(2013-06-03), Cabo Verde(2013-06-03), Cambodia(2013-10-18), Cameroon(2014-12-03), Chad(2013-09-25), Colombia(2013-09-24), Comoros(2013-09-26), Congo(2013-09-25), Costa Rica(2013-06-03), Cote d'ivoire(2013-06-03), Croatia(2013-06-03), Cyprus(2013-06-03), Czech Republic(2013-06-03), Denmark(2013-06-03), Djibouti(2013-06-03), Dominica(2013-10-01), Dominican Republic(2013-06-03), El Salvador(2013-06-03), Estonia(2013-06-03), Eswatini(2013-09-04), Finland(2013-06-03), France(2013-06-03), Gabon(2013-09-25), Georgia(2014-09-25), Germany(2013-06-03), Ghana(2013-09-24), Greece(2013-06-03), Grenada(2013-06-03), Guatemala(2013-06-24), Guinea(2013-06-29), Guinea Bissau(2013-09-26), Guyana(2013-06-03), Haiti(2014-03-21), Honduras(2013-09-25), Hungary(2013-06-03), Iceland(2013-06-03), Ireland(2013-06-03), Israel(2014-12-18), Italy(2013-06-03), Jamaica(2013-06-03), Japan(2013-06-03), Kiribati(2013-09-25), Latvia(2013-06-03), Lebanon(2014-10-27), Lesotho(2013-09-25), Liberia(2013-06-04), Libya(2013-06-09), Liechtenstein(2013-06-03), Lithuania(2013-06-03), Luxembourg(2013-06-03), Madagascar(2013-09-25), Malawi(2014-01-09), Malaysia(2013-09-26), Mali(2013-06-03), Malta(2013-06-03), Mauritania(2013-06-03), Mexico(2013-06-03), Mongolia(2013-09-24), Montenegro(2013-06-03), Mozambique(2013-06-03), Namibia(2014-09-25), Nauru(2013-09-25), Netherlands(2013-06-03), New Zealand(2013-06-03), Niger(2014-03-24), Nigeria(2013-08-12), North Macedonia(2013-09-25), Norway(2013-06-03), Palau(2013-06-03), Panama(2013-06-03), Paraguay(2013-06-19), Peru(2013-09-24), Philippines(2013-09-25), Poland(2013-07-01), Portugal(2013-06-03), Republic of Korea(2013-06-03), Moldova(2013-09-10), Romania(2013-06-03), Rwanda(2013-06-03), Saint Kitts and Nevis(2013-06-03), Saint Lucia(2013-06-03), Saint Vincent and the Grenadines(2013-06-03), Samoa(2013-09-25), San Marino(2014-12-19), Sao Tome and Principe(2014-12-19), Senegal(2013-06-03), Serbia(2013-08-12), Seychelles(2013-06-03), Sierra Leone(2013-09-25), Singapore(2014-12-05), Slovakia(2013-06-10), Slovenia(2013-06-03), South Africa(2013-09-25), Spain(2013-06-03), Suriname(2013-06-03), Sweden(2013-06-03), Switzerland(2013-06-03), Thailand(2014-11-25), Togo(2013-06-03), Trinidad and Tobago(2013-06-03), Tuvalu(2013-06-03), Türkiye(2013-07-02), Ukraine(2014-09-23), United Arab Emirates(2013-07-09), The United Kingdom of Great Britain and Northern Ireland(2013-06-03), Tanzania(2013-06-03), The United States of America(2013-09-25), Uruguay(2013-07-26), Vanuatu(2013-07-26), Zambia(2013-09-25), Zimbabwe(2014-12-18)",1.0,2014-12-24,,,113.0,0,0.0,,0.0,"Ibid. Article 20. Six years after the entry into force of this Treaty, any State Party may propose an amendment to this Treaty. Thereafter, proposed amendments may only be considered by the Conference of States Parties every three years.",5.0,0.0,,0,0.0,
450,1.0,ammunition/munition,,,0,0,0,0,0,0,0,0,0,0,0,0,1,0,1,0,0,0.0,,,Assumed directly upon force given no explicit indication otherwise,0.0,,,ammunition/munition,0,Military ammunition; not in dual-use list,2013,Arms Trade Treaty,Arms Trade Treaty (ATT),"Multilateral, Conventional Weapons",0.0,,0,,,2,3.0,2013-06-03,0,1.0,2013-04-02,,"Albania(2013-06-03), Andorra(2014-12-18), Angola(2013-09-24), Antigua and Barbuda(2013-06-03), Argentina(2013-06-03), Australia(2013-06-03), Austria(2013-06-03), Bahamas(2013-06-03), Bahrain(2013-11-21), Bangladesh(2013-09-26), Barbados(2013-09-25), Belgium(2013-06-03), Belize(2013-06-03), Benin(2013-06-03), Bosnia and Herzegovina(2013-09-25), Brazil(2013-06-03), Bulgaria(2013-07-02), Burkina Faso(2013-06-03), Burundi(2013-06-03), Cabo Verde(2013-06-03), Cambodia(2013-10-18), Cameroon(2014-12-03), Chad(2013-09-25), Colombia(2013-09-24), Comoros(2013-09-26), Congo(2013-09-25), Costa Rica(2013-06-03), Cote d'ivoire(2013-06-03), Croatia(2013-06-03), Cyprus(2013-06-03), Czech Republic(2013-06-03), Denmark(2013-06-03), Djibouti(2013-06-03), Dominica(2013-10-01), Dominican Republic(2013-06-03), El Salvador(2013-06-03), Estonia(2013-06-03), Eswatini(2013-09-04), Finland(2013-06-03), France(2013-06-03), Gabon(2013-09-25), Georgia(2014-09-25), Germany(2013-06-03), Ghana(2013-09-24), Greece(2013-06-03), Grenada(2013-06-03), Guatemala(2013-06-24), Guinea(2013-06-29), Guinea Bissau(2013-09-26), Guyana(2013-06-03), Haiti(2014-03-21), Honduras(2013-09-25), Hungary(2013-06-03), Iceland(2013-06-03), Ireland(2013-06-03), Israel(2014-12-18), Italy(2013-06-03), Jamaica(2013-06-03), Japan(2013-06-03), Kiribati(2013-09-25), Latvia(2013-06-03), Lebanon(2014-10-27), Lesotho(2013-09-25), Liberia(2013-06-04), Libya(2013-06-09), Liechtenstein(2013-06-03), Lithuania(2013-06-03), Luxembourg(2013-06-03), Madagascar(2013-09-25), Malawi(2014-01-09), Malaysia(2013-09-26), Mali(2013-06-03), Malta(2013-06-03), Mauritania(2013-06-03), Mexico(2013-06-03), Mongolia(2013-09-24), Montenegro(2013-06-03), Mozambique(2013-06-03), Namibia(2014-09-25), Nauru(2013-09-25), Netherlands(2013-06-03), New Zealand(2013-06-03), Niger(2014-03-24), Nigeria(2013-08-12), North Macedonia(2013-09-25), Norway(2013-06-03), Palau(2013-06-03), Panama(2013-06-03), Paraguay(2013-06-19), Peru(2013-09-24), Philippines(2013-09-25), Poland(2013-07-01), Portugal(2013-06-03), Republic of Korea(2013-06-03), Moldova(2013-09-10), Romania(2013-06-03), Rwanda(2013-06-03), Saint Kitts and Nevis(2013-06-03), Saint Lucia(2013-06-03), Saint Vincent and the Grenadines(2013-06-03), Samoa(2013-09-25), San Marino(2014-12-19), Sao Tome and Principe(2014-12-19), Senegal(2013-06-03), Serbia(2013-08-12), Seychelles(2013-06-03), Sierra Leone(2013-09-25), Singapore(2014-12-05), Slovakia(2013-06-10), Slovenia(2013-06-03), South Africa(2013-09-25), Spain(2013-06-03), Suriname(2013-06-03), Sweden(2013-06-03), Switzerland(2013-06-03), Thailand(2014-11-25), Togo(2013-06-03), Trinidad and Tobago(2013-06-03), Tuvalu(2013-06-03), Türkiye(2013-07-02), Ukraine(2014-09-23), United Arab Emirates(2013-07-09), The United Kingdom of Great Britain and Northern Ireland(2013-06-03), Tanzania(2013-06-03), The United States of America(2013-09-25), Uruguay(2013-07-26), Vanuatu(2013-07-26), Zambia(2013-09-25), Zimbabwe(2014-12-18)",1.0,2014-12-24,,,113.0,0,0.0,,0.0,"Ibid. Article 20. Six years after the entry into force of this Treaty, any State Party may propose an amendment to this Treaty. Thereafter, proposed amendments may only be considered by the Conference of States Parties every three years.",5.0,0.0,,0,0.0,
450,3.0,parts and component,,,0,0,0,0,0,0,0,0,0,0,0,0,1,0,1,0,0,0.0,,,Assumed directly upon force given no explicit indication otherwise,0.0,,,parts and component,0,In context of UN Register conventional weapons; military goods,2013,Arms Trade Treaty,Arms Trade Treaty (ATT),"Multilateral, Conventional Weapons",0.0,,0,,,2,3.0,2013-06-03,0,1.0,2013-04-02,,"Albania(2013-06-03), Andorra(2014-12-18), Angola(2013-09-24), Antigua and Barbuda(2013-06-03), Argentina(2013-06-03), Australia(2013-06-03), Austria(2013-06-03), Bahamas(2013-06-03), Bahrain(2013-11-21), Bangladesh(2013-09-26), Barbados(2013-09-25), Belgium(2013-06-03), Belize(2013-06-03), Benin(2013-06-03), Bosnia and Herzegovina(2013-09-25), Brazil(2013-06-03), Bulgaria(2013-07-02), Burkina Faso(2013-06-03), Burundi(2013-06-03), Cabo Verde(2013-06-03), Cambodia(2013-10-18), Cameroon(2014-12-03), Chad(2013-09-25), Colombia(2013-09-24), Comoros(2013-09-26), Congo(2013-09-25), Costa Rica(2013-06-03), Cote d'ivoire(2013-06-03), Croatia(2013-06-03), Cyprus(2013-06-03), Czech Republic(2013-06-03), Denmark(2013-06-03), Djibouti(2013-06-03), Dominica(2013-10-01), Dominican Republic(2013-06-03), El Salvador(2013-06-03), Estonia(2013-06-03), Eswatini(2013-09-04), Finland(2013-06-03), France(2013-06-03), Gabon(2013-09-25), Georgia(2014-09-25), Germany(2013-06-03), Ghana(2013-09-24), Greece(2013-06-03), Grenada(2013-06-03), Guatemala(2013-06-24), Guinea(2013-06-29), Guinea Bissau(2013-09-26), Guyana(2013-06-03), Haiti(2014-03-21), Honduras(2013-09-25), Hungary(2013-06-03), Iceland(2013-06-03), Ireland(2013-06-03), Israel(2014-12-18), Italy(2013-06-03), Jamaica(2013-06-03), Japan(2013-06-03), Kiribati(2013-09-25), Latvia(2013-06-03), Lebanon(2014-10-27), Lesotho(2013-09-25), Liberia(2013-06-04), Libya(2013-06-09), Liechtenstein(2013-06-03), Lithuania(2013-06-03), Luxembourg(2013-06-03), Madagascar(2013-09-25), Malawi(2014-01-09), Malaysia(2013-09-26), Mali(2013-06-03), Malta(2013-06-03), Mauritania(2013-06-03), Mexico(2013-06-03), Mongolia(2013-09-24), Montenegro(2013-06-03), Mozambique(2013-06-03), Namibia(2014-09-25), Nauru(2013-09-25), Netherlands(2013-06-03), New Zealand(2013-06-03), Niger(2014-03-24), Nigeria(2013-08-12), North Macedonia(2013-09-25), Norway(2013-06-03), Palau(2013-06-03), Panama(2013-06-03), Paraguay(2013-06-19), Peru(2013-09-24), Philippines(2013-09-25), Poland(2013-07-01), Portugal(2013-06-03), Republic of Korea(2013-06-03), Moldova(2013-09-10), Romania(2013-06-03), Rwanda(2013-06-03), Saint Kitts and Nevis(2013-06-03), Saint Lucia(2013-06-03), Saint Vincent and the Grenadines(2013-06-03), Samoa(2013-09-25), San Marino(2014-12-19), Sao Tome and Principe(2014-12-19), Senegal(2013-06-03), Serbia(2013-08-12), Seychelles(2013-06-03), Sierra Leone(2013-09-25), Singapore(2014-12-05), Slovakia(2013-06-10), Slovenia(2013-06-03), South Africa(2013-09-25), Spain(2013-06-03), Suriname(2013-06-03), Sweden(2013-06-03), Switzerland(2013-06-03), Thailand(2014-11-25), Togo(2013-06-03), Trinidad and Tobago(2013-06-03), Tuvalu(2013-06-03), Türkiye(2013-07-02), Ukraine(2014-09-23), United Arab Emirates(2013-07-09), The United Kingdom of Great Britain and Northern Ireland(2013-06-03), Tanzania(2013-06-03), The United States of America(2013-09-25), Uruguay(2013-07-26), Vanuatu(2013-07-26), Zambia(2013-09-25), Zimbabwe(2014-12-18)",1.0,2014-12-24,,,113.0,0,0.0,,0.0,"Ibid. Article 20. Six years after the entry into force of this Treaty, any State Party may propose an amendment to this Treaty. Thereafter, proposed amendments may only be considered by the Conference of States Parties every three years.",5.0,0.0,,0,0.0,
270,1.0,armoured combat vehicle,"The term armoured combat vehicle means a self propelled vehicle with armoured protection and cross country capability. Armoured combat vehicles include armoured personnel carriers, armoured infantry fighting vehicles and heavy armament combat vehicles. The term armoured personnel carrier means an armoured combat vehicle which is designed and equipped to transport a combat infantry squad and which, as a rule, is armed with an integral or organic weapon of less than 20 millimeters calibre.","Ibid. Article II:1:D: The term armoured combat vehicle means a self propelled vehicle with armoured protection and cross country capability. Armoured combat vehicles include armoured personnel carriers, armoured infantry fighting vehicles and heavy armament combat vehicles. The term armoured personnel carrier means an armoured combat vehicle which is designed and equipped to transport a combat infantry squad and which, as a rule, is armed with an integral or organic weapon of less than 20 millimeters calibre.",0,0,0,0,0,0,0,0,0,0,0,0,1,0,1,0,0,0.0,,,Assumed directly upon force given no explicit indication otherwise,0.0,,,armoured combat vehicle,0,Conventional weapon (UN Register); on military goods list,1990,Treaty on Conventional Armed Forces in Europe,CFE,"Multilateral, Conventional Weapons",0.0,,1,2.0,"Ibid. Article II. B. The term area of application means the entire land territory of the States Parties in Europe from the Atlantic Ocean to the Ural Mountains, which includes all the European island territories of the States Parties, including the Faroe Islands of the Kingdom of Denmark, Svalbard including Bear Island of the Kingdom of Norway, the islands of Azores and Madeira of the Portuguese Republic, the Canary Islands of the Kingdom of Spain and Franz Josef Land and Novaya Zemlya of The Union of Soviet Socialist Republics. In the case of The Union of Soviet Socialist Republics, the area of application includes all territory lying west of the Ural River and the Caspian Sea. In the case of the Republic of Türkiye, the area of application includes the territory of the Republic of Türkiye north and west of a line extending from the point of intersection of the Turkish border with the 39th parallel to Muradiye, Patnos, Karayazi, Tekman, Kemaliye, Feke, Ceyhan, Dogankent, Gozne and thence to the sea.",2,3.0,1990-11-19,0,1.0,1990-11-19,,"Armenia(1990-11-19), Azerbaijan(1990-11-19), Belarus(1990-11-19), Belgium(1990-11-19), Bulgaria(1990-11-19), Canada(1990-11-19), Denmark(1990-11-19), France(1990-11-19), Georgia(1990-11-19), Germany(1990-11-19), Greece(1990-11-19), Hungary(1990-11-19), Iceland(1990-11-19), Italy(1990-11-19), Kazakhstan(1990-11-19), Luxembourg(1990-11-19), Netherlands(1990-11-19), Norway(1990-11-19), Poland(1990-11-19), Portugal(1990-11-19), Moldova(1990-11-19), Romania(1990-11-19), The Russian Federation(1990-11-19), Spain(1990-11-19), Türkiye(1990-11-19), Ukraine(1990-11-19), The United Kingdom of Great Britain and Northern Ireland(1990-11-19), The United States of America(1990-11-19)",1.0,1992-09-11,,,30.0,2,0.0,,0.0,"Ibid. Article XX. Any State Party may propose amendments to this Treaty. The text of a proposed amendment shall be submitted to the Depositary, which shall circulate it to all the States Parties.",0.0,2.0,,4,1.0,The Russian Federation(2023-11-07)
344,1.0,armoured combat vehicle,"The term armoured combat vehicle means a self propelled vehicle with armoured protection and cross country capability. Armoured combat vehicles include armoured personnel carriers, armoured infantry fighting vehicles and heavy armament combat vehicles. The term armoured personnel carrier means an armoured combat vehicle which is designed and equipped to transport a combat infantry squad and which, as a rule, is armed with an integral or organic weapon of less than 20 millimeters calibre.","Ibid. Article II:1:D: The term armoured combat vehicle means a self propelled vehicle with armoured protection and cross country capability. Armoured combat vehicles include armoured personnel carriers, armoured infantry fighting vehicles and heavy armament combat vehicles. The term armoured personnel carrier means an armoured combat vehicle which is designed and equipped to transport a combat infantry squad and which, as a rule, is armed with an integral or organic weapon of less than 20 millimeters calibre.",0,0,0,0,0,0,0,0,0,0,0,0,1,0,1,0,0,0.0,,,Assumed directly upon force given no explicit indication otherwise,0.0,,,armoured combat vehicle,0,Conventional weapon (UN Register); on military goods list,1996,Agreement on Sub-Regional Arms Control,Agreement on Sub-Regional Arms Control,"Multilateral, Conventional Weapons, Dual-use",0.0,,2,,Assumed,2,2.0,1996-06-14,0,,,1996-06-14,,1.0,1996-06-14,,,3.0,2,,,0.0,Article XIII: Any party may propose amendments to this agreement. ,0.0,0.0,,150 days,0.0,
450,1.0,armoured combat vehicle,"The term armoured combat vehicle means a self propelled vehicle with armoured protection and cross country capability. Armoured combat vehicles include armoured personnel carriers, armoured infantry fighting vehicles and heavy armament combat vehicles. The term armoured personnel carrier means an armoured combat vehicle which is designed and equipped to transport a combat infantry squad and which, as a rule, is armed with an integral or organic weapon of less than 20 millimeters calibre.","Ibid. Article II:1:D: The term armoured combat vehicle means a self propelled vehicle with armoured protection and cross country capability. Armoured combat vehicles include armoured personnel carriers, armoured infantry fighting vehicles and heavy armament combat vehicles. The term armoured personnel carrier means an armoured combat vehicle which is designed and equipped to transport a combat infantry squad and which, as a rule, is armed with an integral or organic weapon of less than 20 millimeters calibre.",0,0,0,0,0,0,0,0,0,0,0,0,1,0,1,0,0,0.0,,,Assumed directly upon force given no explicit indication otherwise,0.0,,,armoured combat vehicle,0,Conventional weapon (UN Register); on military goods list,2013,Arms Trade Treaty,Arms Trade Treaty (ATT),"Multilateral, Conventional Weapons",0.0,,0,,,2,3.0,2013-06-03,0,1.0,2013-04-02,,"Albania(2013-06-03), Andorra(2014-12-18), Angola(2013-09-24), Antigua and Barbuda(2013-06-03), Argentina(2013-06-03), Australia(2013-06-03), Austria(2013-06-03), Bahamas(2013-06-03), Bahrain(2013-11-21), Bangladesh(2013-09-26), Barbados(2013-09-25), Belgium(2013-06-03), Belize(2013-06-03), Benin(2013-06-03), Bosnia and Herzegovina(2013-09-25), Brazil(2013-06-03), Bulgaria(2013-07-02), Burkina Faso(2013-06-03), Burundi(2013-06-03), Cabo Verde(2013-06-03), Cambodia(2013-10-18), Cameroon(2014-12-03), Chad(2013-09-25), Colombia(2013-09-24), Comoros(2013-09-26), Congo(2013-09-25), Costa Rica(2013-06-03), Cote d'ivoire(2013-06-03), Croatia(2013-06-03), Cyprus(2013-06-03), Czech Republic(2013-06-03), Denmark(2013-06-03), Djibouti(2013-06-03), Dominica(2013-10-01), Dominican Republic(2013-06-03), El Salvador(2013-06-03), Estonia(2013-06-03), Eswatini(2013-09-04), Finland(2013-06-03), France(2013-06-03), Gabon(2013-09-25), Georgia(2014-09-25), Germany(2013-06-03), Ghana(2013-09-24), Greece(2013-06-03), Grenada(2013-06-03), Guatemala(2013-06-24), Guinea(2013-06-29), Guinea Bissau(2013-09-26), Guyana(2013-06-03), Haiti(2014-03-21), Honduras(2013-09-25), Hungary(2013-06-03), Iceland(2013-06-03), Ireland(2013-06-03), Israel(2014-12-18), Italy(2013-06-03), Jamaica(2013-06-03), Japan(2013-06-03), Kiribati(2013-09-25), Latvia(2013-06-03), Lebanon(2014-10-27), Lesotho(2013-09-25), Liberia(2013-06-04), Libya(2013-06-09), Liechtenstein(2013-06-03), Lithuania(2013-06-03), Luxembourg(2013-06-03), Madagascar(2013-09-25), Malawi(2014-01-09), Malaysia(2013-09-26), Mali(2013-06-03), Malta(2013-06-03), Mauritania(2013-06-03), Mexico(2013-06-03), Mongolia(2013-09-24), Montenegro(2013-06-03), Mozambique(2013-06-03), Namibia(2014-09-25), Nauru(2013-09-25), Netherlands(2013-06-03), New Zealand(2013-06-03), Niger(2014-03-24), Nigeria(2013-08-12), North Macedonia(2013-09-25), Norway(2013-06-03), Palau(2013-06-03), Panama(2013-06-03), Paraguay(2013-06-19), Peru(2013-09-24), Philippines(2013-09-25), Poland(2013-07-01), Portugal(2013-06-03), Republic of Korea(2013-06-03), Moldova(2013-09-10), Romania(2013-06-03), Rwanda(2013-06-03), Saint Kitts and Nevis(2013-06-03), Saint Lucia(2013-06-03), Saint Vincent and the Grenadines(2013-06-03), Samoa(2013-09-25), San Marino(2014-12-19), Sao Tome and Principe(2014-12-19), Senegal(2013-06-03), Serbia(2013-08-12), Seychelles(2013-06-03), Sierra Leone(2013-09-25), Singapore(2014-12-05), Slovakia(2013-06-10), Slovenia(2013-06-03), South Africa(2013-09-25), Spain(2013-06-03), Suriname(2013-06-03), Sweden(2013-06-03), Switzerland(2013-06-03), Thailand(2014-11-25), Togo(2013-06-03), Trinidad and Tobago(2013-06-03), Tuvalu(2013-06-03), Türkiye(2013-07-02), Ukraine(2014-09-23), United Arab Emirates(2013-07-09), The United Kingdom of Great Britain and Northern Ireland(2013-06-03), Tanzania(2013-06-03), The United States of America(2013-09-25), Uruguay(2013-07-26), Vanuatu(2013-07-26), Zambia(2013-09-25), Zimbabwe(2014-12-18)",1.0,2014-12-24,,,113.0,0,0.0,,0.0,"Ibid. Article 20. Six years after the entry into force of this Treaty, any State Party may propose an amendment to this Treaty. Thereafter, proposed amendments may only be considered by the Conference of States Parties every three years.",5.0,0.0,,0,0.0,
450,1.0,large calibre artillery system,,,0,0,0,0,0,0,0,0,0,0,0,0,1,0,1,0,0,0.0,,,Assumed directly upon force given no explicit indication otherwise,0.0,,,large calibre artillery system,0,Conventional weapon (UN Register); on military goods list,2013,Arms Trade Treaty,Arms Trade Treaty (ATT),"Multilateral, Conventional Weapons",0.0,,0,,,2,3.0,2013-06-03,0,1.0,2013-04-02,,"Albania(2013-06-03), Andorra(2014-12-18), Angola(2013-09-24), Antigua and Barbuda(2013-06-03), Argentina(2013-06-03), Australia(2013-06-03), Austria(2013-06-03), Bahamas(2013-06-03), Bahrain(2013-11-21), Bangladesh(2013-09-26), Barbados(2013-09-25), Belgium(2013-06-03), Belize(2013-06-03), Benin(2013-06-03), Bosnia and Herzegovina(2013-09-25), Brazil(2013-06-03), Bulgaria(2013-07-02), Burkina Faso(2013-06-03), Burundi(2013-06-03), Cabo Verde(2013-06-03), Cambodia(2013-10-18), Cameroon(2014-12-03), Chad(2013-09-25), Colombia(2013-09-24), Comoros(2013-09-26), Congo(2013-09-25), Costa Rica(2013-06-03), Cote d'ivoire(2013-06-03), Croatia(2013-06-03), Cyprus(2013-06-03), Czech Republic(2013-06-03), Denmark(2013-06-03), Djibouti(2013-06-03), Dominica(2013-10-01), Dominican Republic(2013-06-03), El Salvador(2013-06-03), Estonia(2013-06-03), Eswatini(2013-09-04), Finland(2013-06-03), France(2013-06-03), Gabon(2013-09-25), Georgia(2014-09-25), Germany(2013-06-03), Ghana(2013-09-24), Greece(2013-06-03), Grenada(2013-06-03), Guatemala(2013-06-24), Guinea(2013-06-29), Guinea Bissau(2013-09-26), Guyana(2013-06-03), Haiti(2014-03-21), Honduras(2013-09-25), Hungary(2013-06-03), Iceland(2013-06-03), Ireland(2013-06-03), Israel(2014-12-18), Italy(2013-06-03), Jamaica(2013-06-03), Japan(2013-06-03), Kiribati(2013-09-25), Latvia(2013-06-03), Lebanon(2014-10-27), Lesotho(2013-09-25), Liberia(2013-06-04), Libya(2013-06-09), Liechtenstein(2013-06-03), Lithuania(2013-06-03), Luxembourg(2013-06-03), Madagascar(2013-09-25), Malawi(2014-01-09), Malaysia(2013-09-26), Mali(2013-06-03), Malta(2013-06-03), Mauritania(2013-06-03), Mexico(2013-06-03), Mongolia(2013-09-24), Montenegro(2013-06-03), Mozambique(2013-06-03), Namibia(2014-09-25), Nauru(2013-09-25), Netherlands(2013-06-03), New Zealand(2013-06-03), Niger(2014-03-24), Nigeria(2013-08-12), North Macedonia(2013-09-25), Norway(2013-06-03), Palau(2013-06-03), Panama(2013-06-03), Paraguay(2013-06-19), Peru(2013-09-24), Philippines(2013-09-25), Poland(2013-07-01), Portugal(2013-06-03), Republic of Korea(2013-06-03), Moldova(2013-09-10), Romania(2013-06-03), Rwanda(2013-06-03), Saint Kitts and Nevis(2013-06-03), Saint Lucia(2013-06-03), Saint Vincent and the Grenadines(2013-06-03), Samoa(2013-09-25), San Marino(2014-12-19), Sao Tome and Principe(2014-12-19), Senegal(2013-06-03), Serbia(2013-08-12), Seychelles(2013-06-03), Sierra Leone(2013-09-25), Singapore(2014-12-05), Slovakia(2013-06-10), Slovenia(2013-06-03), South Africa(2013-09-25), Spain(2013-06-03), Suriname(2013-06-03), Sweden(2013-06-03), Switzerland(2013-06-03), Thailand(2014-11-25), Togo(2013-06-03), Trinidad and Tobago(2013-06-03), Tuvalu(2013-06-03), Türkiye(2013-07-02), Ukraine(2014-09-23), United Arab Emirates(2013-07-09), The United Kingdom of Great Britain and Northern Ireland(2013-06-03), Tanzania(2013-06-03), The United States of America(2013-09-25), Uruguay(2013-07-26), Vanuatu(2013-07-26), Zambia(2013-09-25), Zimbabwe(2014-12-18)",1.0,2014-12-24,,,113.0,0,0.0,,0.0,"Ibid. Article 20. Six years after the entry into force of this Treaty, any State Party may propose an amendment to this Treaty. Thereafter, proposed amendments may only be considered by the Conference of States Parties every three years.",5.0,0.0,,0,0.0,
270,1.0,combat aircraft,"The term combat aircraft means a fixed wing or variable geometry wing aircraft armed and equipped to engage targets by employing guided missiles, unguided rockets, bombs, guns, cannons, or other weapons of destruction, as well as any model or version of such an aircraft which performs other military functions such as reconnaissance or electronic warfare. The term combat aircraft does not include primary trainer aircraft.","Ibid. Article II:1:K: The term combat aircraft means a fixed wing or variable geometry wing aircraft armed and equipped to engage targets by employing guided missiles, unguided rockets, bombs, guns, cannons, or other weapons of destruction, as well as any model or version of such an aircraft which performs other military functions such as reconnaissance or electronic warfare. The term combat aircraft does not include primary trainer aircraft.",0,0,0,0,0,0,0,0,0,0,0,0,1,0,1,0,0,0.0,,,Assumed directly upon force given no explicit indication otherwise,0.0,,,combat aircraft,0,Conventional weapon (UN Register); on military goods list,1990,Treaty on Conventional Armed Forces in Europe,CFE,"Multilateral, Conventional Weapons",0.0,,1,2.0,"Ibid. Article II. B. The term area of application means the entire land territory of the States Parties in Europe from the Atlantic Ocean to the Ural Mountains, which includes all the European island territories of the States Parties, including the Faroe Islands of the Kingdom of Denmark, Svalbard including Bear Island of the Kingdom of Norway, the islands of Azores and Madeira of the Portuguese Republic, the Canary Islands of the Kingdom of Spain and Franz Josef Land and Novaya Zemlya of The Union of Soviet Socialist Republics. In the case of The Union of Soviet Socialist Republics, the area of application includes all territory lying west of the Ural River and the Caspian Sea. In the case of the Republic of Türkiye, the area of application includes the territory of the Republic of Türkiye north and west of a line extending from the point of intersection of the Turkish border with the 39th parallel to Muradiye, Patnos, Karayazi, Tekman, Kemaliye, Feke, Ceyhan, Dogankent, Gozne and thence to the sea.",2,3.0,1990-11-19,0,1.0,1990-11-19,,"Armenia(1990-11-19), Azerbaijan(1990-11-19), Belarus(1990-11-19), Belgium(1990-11-19), Bulgaria(1990-11-19), Canada(1990-11-19), Denmark(1990-11-19), France(1990-11-19), Georgia(1990-11-19), Germany(1990-11-19), Greece(1990-11-19), Hungary(1990-11-19), Iceland(1990-11-19), Italy(1990-11-19), Kazakhstan(1990-11-19), Luxembourg(1990-11-19), Netherlands(1990-11-19), Norway(1990-11-19), Poland(1990-11-19), Portugal(1990-11-19), Moldova(1990-11-19), Romania(1990-11-19), The Russian Federation(1990-11-19), Spain(1990-11-19), Türkiye(1990-11-19), Ukraine(1990-11-19), The United Kingdom of Great Britain and Northern Ireland(1990-11-19), The United States of America(1990-11-19)",1.0,1992-09-11,,,30.0,2,0.0,,0.0,"Ibid. Article XX. Any State Party may propose amendments to this Treaty. The text of a proposed amendment shall be submitted to the Depositary, which shall circulate it to all the States Parties.",0.0,2.0,,4,1.0,The Russian Federation(2023-11-07)
344,1.0,combat aircraft,"The term combat aircraft means a fixed wing or variable geometry wing aircraft armed and equipped to engage targets by employing guided missiles, unguided rockets, bombs, guns, cannons, or other weapons of destruction, as well as any model or version of such an aircraft which performs other military functions such as reconnaissance or electronic warfare. The term combat aircraft does not include primary trainer aircraft.","Ibid. Article II:1:K: The term combat aircraft means a fixed wing or variable geometry wing aircraft armed and equipped to engage targets by employing guided missiles, unguided rockets, bombs, guns, cannons, or other weapons of destruction, as well as any model or version of such an aircraft which performs other military functions such as reconnaissance or electronic warfare. The term combat aircraft does not include primary trainer aircraft.",0,0,0,0,0,0,0,0,0,0,0,0,1,0,1,0,0,0.0,,,Assumed directly upon force given no explicit indication otherwise,0.0,,,combat aircraft,0,Conventional weapon (UN Register); on military goods list,1996,Agreement on Sub-Regional Arms Control,Agreement on Sub-Regional Arms Control,"Multilateral, Conventional Weapons, Dual-use",0.0,,2,,Assumed,2,2.0,1996-06-14,0,,,1996-06-14,,1.0,1996-06-14,,,3.0,2,,,0.0,Article XIII: Any party may propose amendments to this agreement. ,0.0,0.0,,150 days,0.0,
450,1.0,combat aircraft,"The term combat aircraft means a fixed wing or variable geometry wing aircraft armed and equipped to engage targets by employing guided missiles, unguided rockets, bombs, guns, cannons, or other weapons of destruction, as well as any model or version of such an aircraft which performs other military functions such as reconnaissance or electronic warfare. The term combat aircraft does not include primary trainer aircraft.","Ibid. Article II:1:K: The term combat aircraft means a fixed wing or variable geometry wing aircraft armed and equipped to engage targets by employing guided missiles, unguided rockets, bombs, guns, cannons, or other weapons of destruction, as well as any model or version of such an aircraft which performs other military functions such as reconnaissance or electronic warfare. The term combat aircraft does not include primary trainer aircraft.",0,0,0,0,0,0,0,0,0,0,0,0,1,0,1,0,0,0.0,,,Assumed directly upon force given no explicit indication otherwise,0.0,,,combat aircraft,0,Conventional weapon (UN Register); on military goods list,2013,Arms Trade Treaty,Arms Trade Treaty (ATT),"Multilateral, Conventional Weapons",0.0,,0,,,2,3.0,2013-06-03,0,1.0,2013-04-02,,"Albania(2013-06-03), Andorra(2014-12-18), Angola(2013-09-24), Antigua and Barbuda(2013-06-03), Argentina(2013-06-03), Australia(2013-06-03), Austria(2013-06-03), Bahamas(2013-06-03), Bahrain(2013-11-21), Bangladesh(2013-09-26), Barbados(2013-09-25), Belgium(2013-06-03), Belize(2013-06-03), Benin(2013-06-03), Bosnia and Herzegovina(2013-09-25), Brazil(2013-06-03), Bulgaria(2013-07-02), Burkina Faso(2013-06-03), Burundi(2013-06-03), Cabo Verde(2013-06-03), Cambodia(2013-10-18), Cameroon(2014-12-03), Chad(2013-09-25), Colombia(2013-09-24), Comoros(2013-09-26), Congo(2013-09-25), Costa Rica(2013-06-03), Cote d'ivoire(2013-06-03), Croatia(2013-06-03), Cyprus(2013-06-03), Czech Republic(2013-06-03), Denmark(2013-06-03), Djibouti(2013-06-03), Dominica(2013-10-01), Dominican Republic(2013-06-03), El Salvador(2013-06-03), Estonia(2013-06-03), Eswatini(2013-09-04), Finland(2013-06-03), France(2013-06-03), Gabon(2013-09-25), Georgia(2014-09-25), Germany(2013-06-03), Ghana(2013-09-24), Greece(2013-06-03), Grenada(2013-06-03), Guatemala(2013-06-24), Guinea(2013-06-29), Guinea Bissau(2013-09-26), Guyana(2013-06-03), Haiti(2014-03-21), Honduras(2013-09-25), Hungary(2013-06-03), Iceland(2013-06-03), Ireland(2013-06-03), Israel(2014-12-18), Italy(2013-06-03), Jamaica(2013-06-03), Japan(2013-06-03), Kiribati(2013-09-25), Latvia(2013-06-03), Lebanon(2014-10-27), Lesotho(2013-09-25), Liberia(2013-06-04), Libya(2013-06-09), Liechtenstein(2013-06-03), Lithuania(2013-06-03), Luxembourg(2013-06-03), Madagascar(2013-09-25), Malawi(2014-01-09), Malaysia(2013-09-26), Mali(2013-06-03), Malta(2013-06-03), Mauritania(2013-06-03), Mexico(2013-06-03), Mongolia(2013-09-24), Montenegro(2013-06-03), Mozambique(2013-06-03), Namibia(2014-09-25), Nauru(2013-09-25), Netherlands(2013-06-03), New Zealand(2013-06-03), Niger(2014-03-24), Nigeria(2013-08-12), North Macedonia(2013-09-25), Norway(2013-06-03), Palau(2013-06-03), Panama(2013-06-03), Paraguay(2013-06-19), Peru(2013-09-24), Philippines(2013-09-25), Poland(2013-07-01), Portugal(2013-06-03), Republic of Korea(2013-06-03), Moldova(2013-09-10), Romania(2013-06-03), Rwanda(2013-06-03), Saint Kitts and Nevis(2013-06-03), Saint Lucia(2013-06-03), Saint Vincent and the Grenadines(2013-06-03), Samoa(2013-09-25), San Marino(2014-12-19), Sao Tome and Principe(2014-12-19), Senegal(2013-06-03), Serbia(2013-08-12), Seychelles(2013-06-03), Sierra Leone(2013-09-25), Singapore(2014-12-05), Slovakia(2013-06-10), Slovenia(2013-06-03), South Africa(2013-09-25), Spain(2013-06-03), Suriname(2013-06-03), Sweden(2013-06-03), Switzerland(2013-06-03), Thailand(2014-11-25), Togo(2013-06-03), Trinidad and Tobago(2013-06-03), Tuvalu(2013-06-03), Türkiye(2013-07-02), Ukraine(2014-09-23), United Arab Emirates(2013-07-09), The United Kingdom of Great Britain and Northern Ireland(2013-06-03), Tanzania(2013-06-03), The United States of America(2013-09-25), Uruguay(2013-07-26), Vanuatu(2013-07-26), Zambia(2013-09-25), Zimbabwe(2014-12-18)",1.0,2014-12-24,,,113.0,0,0.0,,0.0,"Ibid. Article 20. Six years after the entry into force of this Treaty, any State Party may propose an amendment to this Treaty. Thereafter, proposed amendments may only be considered by the Conference of States Parties every three years.",5.0,0.0,,0,0.0,
270,1.0,attack helicopter,"The term attack helicopter means a combat helicopter equipped to employ anti amour, air to ground, or air to air guided weapons and equipped with an integrated fire control and aiming system for these weapons. The term attack helicopter comprises specialized attack helicopters and multi purpose attack helicopters.","Ibid. Article II:1:M: The term attack helicopter means a combat helicopter equipped to employ anti amour, air to ground, or air to air guided weapons and equipped with an integrated fire control and aiming system for these weapons. The term attack helicopter comprises specialized attack helicopters and multi purpose attack helicopters.",0,0,0,0,0,0,0,0,0,0,0,0,1,0,1,0,0,0.0,,,Assumed directly upon force given no explicit indication otherwise,0.0,,,attack helicopter,0,Conventional weapon (UN Register); on military goods list,1990,Treaty on Conventional Armed Forces in Europe,CFE,"Multilateral, Conventional Weapons",0.0,,1,2.0,"Ibid. Article II. B. The term area of application means the entire land territory of the States Parties in Europe from the Atlantic Ocean to the Ural Mountains, which includes all the European island territories of the States Parties, including the Faroe Islands of the Kingdom of Denmark, Svalbard including Bear Island of the Kingdom of Norway, the islands of Azores and Madeira of the Portuguese Republic, the Canary Islands of the Kingdom of Spain and Franz Josef Land and Novaya Zemlya of The Union of Soviet Socialist Republics. In the case of The Union of Soviet Socialist Republics, the area of application includes all territory lying west of the Ural River and the Caspian Sea. In the case of the Republic of Türkiye, the area of application includes the territory of the Republic of Türkiye north and west of a line extending from the point of intersection of the Turkish border with the 39th parallel to Muradiye, Patnos, Karayazi, Tekman, Kemaliye, Feke, Ceyhan, Dogankent, Gozne and thence to the sea.",2,3.0,1990-11-19,0,1.0,1990-11-19,,"Armenia(1990-11-19), Azerbaijan(1990-11-19), Belarus(1990-11-19), Belgium(1990-11-19), Bulgaria(1990-11-19), Canada(1990-11-19), Denmark(1990-11-19), France(1990-11-19), Georgia(1990-11-19), Germany(1990-11-19), Greece(1990-11-19), Hungary(1990-11-19), Iceland(1990-11-19), Italy(1990-11-19), Kazakhstan(1990-11-19), Luxembourg(1990-11-19), Netherlands(1990-11-19), Norway(1990-11-19), Poland(1990-11-19), Portugal(1990-11-19), Moldova(1990-11-19), Romania(1990-11-19), The Russian Federation(1990-11-19), Spain(1990-11-19), Türkiye(1990-11-19), Ukraine(1990-11-19), The United Kingdom of Great Britain and Northern Ireland(1990-11-19), The United States of America(1990-11-19)",1.0,1992-09-11,,,30.0,2,0.0,,0.0,"Ibid. Article XX. Any State Party may propose amendments to this Treaty. The text of a proposed amendment shall be submitted to the Depositary, which shall circulate it to all the States Parties.",0.0,2.0,,4,1.0,The Russian Federation(2023-11-07)
344,1.0,attack helicopter,"The term attack helicopter means a combat helicopter equipped to employ anti amour, air to ground, or air to air guided weapons and equipped with an integrated fire control and aiming system for these weapons. The term attack helicopter comprises specialized attack helicopters and multi purpose attack helicopters.","Ibid. Article II:1:M: The term attack helicopter means a combat helicopter equipped to employ anti amour, air to ground, or air to air guided weapons and equipped with an integrated fire control and aiming system for these weapons. The term attack helicopter comprises specialized attack helicopters and multi purpose attack helicopters.",0,0,0,0,0,0,0,0,0,0,0,0,1,0,1,0,0,0.0,,,Assumed directly upon force given no explicit indication otherwise,0.0,,,attack helicopter,0,Conventional weapon (UN Register); on military goods list,1996,Agreement on Sub-Regional Arms Control,Agreement on Sub-Regional Arms Control,"Multilateral, Conventional Weapons, Dual-use",0.0,,2,,Assumed,2,2.0,1996-06-14,0,,,1996-06-14,,1.0,1996-06-14,,,3.0,2,,,0.0,Article XIII: Any party may propose amendments to this agreement. ,0.0,0.0,,150 days,0.0,
450,1.0,attack helicopter,"The term attack helicopter means a combat helicopter equipped to employ anti amour, air to ground, or air to air guided weapons and equipped with an integrated fire control and aiming system for these weapons. The term attack helicopter comprises specialized attack helicopters and multi purpose attack helicopters.","Ibid. Article II:1:M: The term attack helicopter means a combat helicopter equipped to employ anti amour, air to ground, or air to air guided weapons and equipped with an integrated fire control and aiming system for these weapons. The term attack helicopter comprises specialized attack helicopters and multi purpose attack helicopters.",0,0,0,0,0,0,0,0,0,0,0,0,1,0,1,0,0,0.0,,,Assumed directly upon force given no explicit indication otherwise,0.0,,,attack helicopter,0,Conventional weapon (UN Register); on military goods list,2013,Arms Trade Treaty,Arms Trade Treaty (ATT),"Multilateral, Conventional Weapons",0.0,,0,,,2,3.0,2013-06-03,0,1.0,2013-04-02,,"Albania(2013-06-03), Andorra(2014-12-18), Angola(2013-09-24), Antigua and Barbuda(2013-06-03), Argentina(2013-06-03), Australia(2013-06-03), Austria(2013-06-03), Bahamas(2013-06-03), Bahrain(2013-11-21), Bangladesh(2013-09-26), Barbados(2013-09-25), Belgium(2013-06-03), Belize(2013-06-03), Benin(2013-06-03), Bosnia and Herzegovina(2013-09-25), Brazil(2013-06-03), Bulgaria(2013-07-02), Burkina Faso(2013-06-03), Burundi(2013-06-03), Cabo Verde(2013-06-03), Cambodia(2013-10-18), Cameroon(2014-12-03), Chad(2013-09-25), Colombia(2013-09-24), Comoros(2013-09-26), Congo(2013-09-25), Costa Rica(2013-06-03), Cote d'ivoire(2013-06-03), Croatia(2013-06-03), Cyprus(2013-06-03), Czech Republic(2013-06-03), Denmark(2013-06-03), Djibouti(2013-06-03), Dominica(2013-10-01), Dominican Republic(2013-06-03), El Salvador(2013-06-03), Estonia(2013-06-03), Eswatini(2013-09-04), Finland(2013-06-03), France(2013-06-03), Gabon(2013-09-25), Georgia(2014-09-25), Germany(2013-06-03), Ghana(2013-09-24), Greece(2013-06-03), Grenada(2013-06-03), Guatemala(2013-06-24), Guinea(2013-06-29), Guinea Bissau(2013-09-26), Guyana(2013-06-03), Haiti(2014-03-21), Honduras(2013-09-25), Hungary(2013-06-03), Iceland(2013-06-03), Ireland(2013-06-03), Israel(2014-12-18), Italy(2013-06-03), Jamaica(2013-06-03), Japan(2013-06-03), Kiribati(2013-09-25), Latvia(2013-06-03), Lebanon(2014-10-27), Lesotho(2013-09-25), Liberia(2013-06-04), Libya(2013-06-09), Liechtenstein(2013-06-03), Lithuania(2013-06-03), Luxembourg(2013-06-03), Madagascar(2013-09-25), Malawi(2014-01-09), Malaysia(2013-09-26), Mali(2013-06-03), Malta(2013-06-03), Mauritania(2013-06-03), Mexico(2013-06-03), Mongolia(2013-09-24), Montenegro(2013-06-03), Mozambique(2013-06-03), Namibia(2014-09-25), Nauru(2013-09-25), Netherlands(2013-06-03), New Zealand(2013-06-03), Niger(2014-03-24), Nigeria(2013-08-12), North Macedonia(2013-09-25), Norway(2013-06-03), Palau(2013-06-03), Panama(2013-06-03), Paraguay(2013-06-19), Peru(2013-09-24), Philippines(2013-09-25), Poland(2013-07-01), Portugal(2013-06-03), Republic of Korea(2013-06-03), Moldova(2013-09-10), Romania(2013-06-03), Rwanda(2013-06-03), Saint Kitts and Nevis(2013-06-03), Saint Lucia(2013-06-03), Saint Vincent and the Grenadines(2013-06-03), Samoa(2013-09-25), San Marino(2014-12-19), Sao Tome and Principe(2014-12-19), Senegal(2013-06-03), Serbia(2013-08-12), Seychelles(2013-06-03), Sierra Leone(2013-09-25), Singapore(2014-12-05), Slovakia(2013-06-10), Slovenia(2013-06-03), South Africa(2013-09-25), Spain(2013-06-03), Suriname(2013-06-03), Sweden(2013-06-03), Switzerland(2013-06-03), Thailand(2014-11-25), Togo(2013-06-03), Trinidad and Tobago(2013-06-03), Tuvalu(2013-06-03), Türkiye(2013-07-02), Ukraine(2014-09-23), United Arab Emirates(2013-07-09), The United Kingdom of Great Britain and Northern Ireland(2013-06-03), Tanzania(2013-06-03), The United States of America(2013-09-25), Uruguay(2013-07-26), Vanuatu(2013-07-26), Zambia(2013-09-25), Zimbabwe(2014-12-18)",1.0,2014-12-24,,,113.0,0,0.0,,0.0,"Ibid. Article 20. Six years after the entry into force of this Treaty, any State Party may propose an amendment to this Treaty. Thereafter, proposed amendments may only be considered by the Conference of States Parties every three years.",5.0,0.0,,0,0.0,
450,1.0,warship,,,0,0,0,0,0,0,0,0,0,0,0,0,1,0,1,0,0,0.0,,,Assumed directly upon force given no explicit indication otherwise,0.0,,,warship,0,Military vessel; on military goods list,2013,Arms Trade Treaty,Arms Trade Treaty (ATT),"Multilateral, Conventional Weapons",0.0,,0,,,2,3.0,2013-06-03,0,1.0,2013-04-02,,"Albania(2013-06-03), Andorra(2014-12-18), Angola(2013-09-24), Antigua and Barbuda(2013-06-03), Argentina(2013-06-03), Australia(2013-06-03), Austria(2013-06-03), Bahamas(2013-06-03), Bahrain(2013-11-21), Bangladesh(2013-09-26), Barbados(2013-09-25), Belgium(2013-06-03), Belize(2013-06-03), Benin(2013-06-03), Bosnia and Herzegovina(2013-09-25), Brazil(2013-06-03), Bulgaria(2013-07-02), Burkina Faso(2013-06-03), Burundi(2013-06-03), Cabo Verde(2013-06-03), Cambodia(2013-10-18), Cameroon(2014-12-03), Chad(2013-09-25), Colombia(2013-09-24), Comoros(2013-09-26), Congo(2013-09-25), Costa Rica(2013-06-03), Cote d'ivoire(2013-06-03), Croatia(2013-06-03), Cyprus(2013-06-03), Czech Republic(2013-06-03), Denmark(2013-06-03), Djibouti(2013-06-03), Dominica(2013-10-01), Dominican Republic(2013-06-03), El Salvador(2013-06-03), Estonia(2013-06-03), Eswatini(2013-09-04), Finland(2013-06-03), France(2013-06-03), Gabon(2013-09-25), Georgia(2014-09-25), Germany(2013-06-03), Ghana(2013-09-24), Greece(2013-06-03), Grenada(2013-06-03), Guatemala(2013-06-24), Guinea(2013-06-29), Guinea Bissau(2013-09-26), Guyana(2013-06-03), Haiti(2014-03-21), Honduras(2013-09-25), Hungary(2013-06-03), Iceland(2013-06-03), Ireland(2013-06-03), Israel(2014-12-18), Italy(2013-06-03), Jamaica(2013-06-03), Japan(2013-06-03), Kiribati(2013-09-25), Latvia(2013-06-03), Lebanon(2014-10-27), Lesotho(2013-09-25), Liberia(2013-06-04), Libya(2013-06-09), Liechtenstein(2013-06-03), Lithuania(2013-06-03), Luxembourg(2013-06-03), Madagascar(2013-09-25), Malawi(2014-01-09), Malaysia(2013-09-26), Mali(2013-06-03), Malta(2013-06-03), Mauritania(2013-06-03), Mexico(2013-06-03), Mongolia(2013-09-24), Montenegro(2013-06-03), Mozambique(2013-06-03), Namibia(2014-09-25), Nauru(2013-09-25), Netherlands(2013-06-03), New Zealand(2013-06-03), Niger(2014-03-24), Nigeria(2013-08-12), North Macedonia(2013-09-25), Norway(2013-06-03), Palau(2013-06-03), Panama(2013-06-03), Paraguay(2013-06-19), Peru(2013-09-24), Philippines(2013-09-25), Poland(2013-07-01), Portugal(2013-06-03), Republic of Korea(2013-06-03), Moldova(2013-09-10), Romania(2013-06-03), Rwanda(2013-06-03), Saint Kitts and Nevis(2013-06-03), Saint Lucia(2013-06-03), Saint Vincent and the Grenadines(2013-06-03), Samoa(2013-09-25), San Marino(2014-12-19), Sao Tome and Principe(2014-12-19), Senegal(2013-06-03), Serbia(2013-08-12), Seychelles(2013-06-03), Sierra Leone(2013-09-25), Singapore(2014-12-05), Slovakia(2013-06-10), Slovenia(2013-06-03), South Africa(2013-09-25), Spain(2013-06-03), Suriname(2013-06-03), Sweden(2013-06-03), Switzerland(2013-06-03), Thailand(2014-11-25), Togo(2013-06-03), Trinidad and Tobago(2013-06-03), Tuvalu(2013-06-03), Türkiye(2013-07-02), Ukraine(2014-09-23), United Arab Emirates(2013-07-09), The United Kingdom of Great Britain and Northern Ireland(2013-06-03), Tanzania(2013-06-03), The United States of America(2013-09-25), Uruguay(2013-07-26), Vanuatu(2013-07-26), Zambia(2013-09-25), Zimbabwe(2014-12-18)",1.0,2014-12-24,,,113.0,0,0.0,,0.0,"Ibid. Article 20. Six years after the entry into force of this Treaty, any State Party may propose an amendment to this Treaty. Thereafter, proposed amendments may only be considered by the Conference of States Parties every three years.",5.0,0.0,,0,0.0,
272,1.0,chemical weapon,"Chemical Weapons means the following, together or separately:(a) Toxic chemicals and their precursors, except where intended for purposes not prohibited under this Convention, as long as the types and quantities are consistent with such purposes;(b) Munitions and devices, specifically designed to cause death or other harm through the toxic properties of those toxic chemicals specified in subparagraph(a), which would be released as a result of the employment of such munitions and devices;(c) Any equipment specifically designed for use directly in connection with the employment of munitions and devices specified in subparagraph (b).",Ibid. Article II:1.,1,0,1,0,0,0,1,1,0,0,0,0,0,0,0,0,0,0.0,,,Assumed ,0.0,,,chemical weapon,0,Prohibited weapon (CWC); the weapon itself is not dual-use,1990,Agreement on Destruction and Non-Production of Chemical Weapons and on Measures to Facilitate the Multilateral Convention on Banning Chemical Weapons,BDA Agreement,"Bilateral, Chemical Weapons",0.0,,0,,,1,3.0,1990-06-01,0,0.0,,,"United States(1990-06-01), Russia(1990-06-01)",1.0,-99,,,2.0,2,0.0,,0.0,Article IX,0.0,0.0,,1,0.0,
282,1.0,chemical weapon,"Chemical Weapons means the following, together or separately:(a) Toxic chemicals and their precursors, except where intended for purposes not prohibited under this Convention, as long as the types and quantities are consistent with such purposes;(b) Munitions and devices, specifically designed to cause death or other harm through the toxic properties of those toxic chemicals specified in subparagraph(a), which would be released as a result of the employment of such munitions and devices;(c) Any equipment specifically designed for use directly in connection with the employment of munitions and devices specified in subparagraph (b).",Ibid. Article II:1.,1,0,1,0,0,0,1,1,0,0,0,0,0,0,0,0,0,0.0,,,Assumed ,0.0,,,chemical weapon,0,Prohibited weapon (CWC); the weapon itself is not dual-use,1991,Mendoza Agreement,Mendoza Agreement,"Multilateral, Biological Weapons, Chemical Weapons",0.0,,1,3.0,Assumed,2,3.0,1991-09-05,4,,,,"Argentina(1991-09-05), Brazil(1991-09-05), Chile(1991-09-05)",,,,,,2,,,2.0,,,3.0,,,0.0,
310,1.0,chemical weapon,"Chemical Weapons means the following, together or separately:(a) Toxic chemicals and their precursors, except where intended for purposes not prohibited under this Convention, as long as the types and quantities are consistent with such purposes;(b) Munitions and devices, specifically designed to cause death or other harm through the toxic properties of those toxic chemicals specified in subparagraph(a), which would be released as a result of the employment of such munitions and devices;(c) Any equipment specifically designed for use directly in connection with the employment of munitions and devices specified in subparagraph (b).",Ibid. Article II:1.,1,0,1,0,0,0,1,1,0,0,0,0,0,0,0,0,0,0.0,,,Assumed ,0.0,,,chemical weapon,0,Prohibited weapon (CWC); the weapon itself is not dual-use,1993,"Convention on the Prohibition of the Development, Production, Stockpiling and Use of Chemical Weapons and on their Destruction",CWC ,"Multilateral, Chemical Weapons",0.0,,0,,,2,3.0,1993-01-13,0,1.0,1992-09-03,,"Afghanistan(1993-01-14), Albania(1993-01-14), Algeria(1993-01-13), Argentina(1993-01-13), Armenia(1993-03-19), Australia(1993-01-13), Austria(1993-01-13), Azerbaijan(1993-01-13), Bahamas(1994-03-02), Bahrain(1993-02-24), Bangladesh(1993-01-14), Belarus(1993-01-14), Belgium(1993-01-13), Benin(1993-01-14), Bhutan(1997-04-23), Bolivia(Plurinational State of)(1993-01-14), Bosnia and Herzegovina(1997-01-16), Brazil(1993-01-13), Brunei Darussalam(1993-01-13), Bulgaria(1993-01-13), Burkina Faso(1993-01-14), Burundi(1993-01-15), Cambodia(1993-01-15), Cameroon(1993-01-14), Canada(1993-01-13), Cabo Verde(1993-01-15), Central African Republic(1993-01-14), Chad(1994-10-11), Chile(1993-01-14), China(1993-01-13), Colombia(1993-01-13), Comoros(1993-01-13), Congo(1993-01-15), Cook Islands(1993-01-14), Costa Rica(1993-01-14), Côte d'Ivoire(1993-01-13), Croatia(1993-01-13), Cuba(1993-01-13), Cyprus(1993-01-13), Czech Republic(1993-01-14), The Democratic Republic of the Congo(1993-01-14), Denmark(1993-01-14), Djibouti(1993-09-28), Dominica(1993-08-02), Dominican Republic(1993-01-13), Ecuador(1993-01-14), El Salvador(1993-01-14), Equatorial Guinea(1993-01-14), Estonia(1993-01-14), Eswatini(1993-09-23), Ethiopia(1993-01-14), Fiji(1993-01-14), Finland(1993-01-14), France(1993-01-13), Gabon(1993-01-13), Gambia(1993-01-13), Georgia(1993-01-14), Germany(1993-01-13), Ghana(1993-01-14), Greece(1993-01-13), Grenada(1997-04-09), Guatemala(1993-01-14), Guinea(1993-01-14), Guinea Bissau(1993-01-14), Guyana(1993-10-06), Haiti(1993-01-14), Holy See(1993-01-14), Honduras(1993-01-13), Hungary(1993-01-13), Iceland(1993-01-13), India(1993-01-14), Indonesia(1993-01-13), Iran(1993-01-13), Ireland(1993-01-14), Israel(1993-01-13), Italy(1993-01-13), Jamaica(1997-04-18), Japan(1993-01-13), Kazakhstan(1993-01-14), Kenya(1993-01-15), Kuwait(1993-01-27), Kyrgyzstan(1993-02-22), Lao People's Democratic Republic(1993-05-13), Latvia(1993-05-06), Lesotho(1994-12-07), Liberia(1993-01-15), Liechtenstein(1993-07-21), Lithuania(1993-01-13), Luxembourg(1993-01-13), Madagascar(1993-01-15), Malawi(1993-01-14), Malaysia(1993-01-13), Maldives(1993-10-01), Mali(1993-01-13), Malta(1993-01-13), Marshall Islands(1993-01-13), Mauritania(1993-01-13), Mauritius(1993-01-14), Mexico(1993-01-13), Micronesia(Federated States of)(1993-01-13), Moldova(1993-01-13), Monaco(1993-01-13), Mongolia(1993-01-14), Morocco(1993-01-13), Myanmar(1993-01-14), Namibia(1993-01-13), Nauru(1993-01-13), Nepal(1993-01-19), Netherlands(1993-01-14), New Zealand(1993-01-14), Nicaragua(1993-03-09), Niger(1993-01-14), Nigeria(1993-01-13), Norway(1993-01-13), Oman(1993-02-02), Pakistan(1993-01-13), Panama(1993-06-16), Papua New Guinea(1993-01-14), Paraguay(1993-01-14), Peru(1993-01-14), Philippines(1993-01-13), Poland(1993-01-13), Portugal(1993-01-13), Qatar(1993-02-01), Romania(1993-01-13), The Russian Federation(1993-01-13), Rwanda(1993-05-17), Saint Kitts and Nevis(1994-03-16), Saint Lucia(1993-03-29), Saint Vincent and the Grenadines(1993-09-20), Samoa(1993-01-14), San Marino(1993-01-13), Saudi Arabia(1993-01-20), Senegal(1993-01-13), Seychelles(1993-01-15), Sierra Leone(1993-01-15), Singapore(1993-01-14), Slovakia(1993-01-14), Slovenia(1993-01-14), South Africa(1993-01-14), Republic of Korea(1993-01-14), Spain(1993-01-13), Sri Lanka(1993-01-14), Suriname(1997-04-28), Swaziland(1993-09-23), Sweden(1993-01-13), Switzerland(1993-01-14), Tajikistan(1993-01-14), Tanzania(1994-02-25), Thailand(1993-01-14), Togo(1993-01-13), Tunisia(1993-01-13), Türkiye(1993-01-14), Turkmenistan(1993-10-12), Uganda(1993-01-14), Ukraine(1993-01-13), United Arab Emirates(1993-02-02), The United Kingdom of Great Britain and Northern Ireland(1993-01-13), The United States of America(1993-01-13), Uruguay(1993-01-15), Uzbekistan(1995-11-24), Venezuela(Bolivarian Republic of)(1993-01-14), Viet Nam(1993-01-13), Yemen(1993-02-08), Zambia(1993-01-13), Zimbabwe(1993-01-13)",1.0,1997-04-29,,,193.0,1,1.0,,0.0,"CONVENTION ON THE PROHIBITION OF THE DEVELOPMENT, PRODUCTION, STOCKPILING AND USE OF CHEMICAL WEAPONS AND ON THEIR DESTRUCTION. 1993. Acceessed July 31, 2023. https.//www.opcw.org/chemicalweaponsconvention/downloadconvention. Article XV.1.",5.0,2.0,,0,0.0,
405,1.0,chemical weapon,"Chemical Weapons means the following, together or separately:(a) Toxic chemicals and their precursors, except where intended for purposes not prohibited under this Convention, as long as the types and quantities are consistent with such purposes;(b) Munitions and devices, specifically designed to cause death or other harm through the toxic properties of those toxic chemicals specified in subparagraph(a), which would be released as a result of the employment of such munitions and devices;(c) Any equipment specifically designed for use directly in connection with the employment of munitions and devices specified in subparagraph (b).",Ibid. Article II:1.,1,0,1,0,0,0,1,1,0,0,0,0,0,0,0,0,0,0.0,,,Assumed ,0.0,,,chemical weapon,0,Prohibited weapon (CWC); the weapon itself is not dual-use,2005,Agreement between the Government of the Republic of India and the Government of the Islamic Republic of Pakistan on Pre-Notification of Flight Testing of Ballistic Missiles,India-Pakistan Missile Pre-Notification Agreement,"Bilateral, Nuclear Weapons",0.0,,1,1.0,South Asia (India and Pakistan),1,2.0,2005-10-03,0,0.0,,2005-10-03,"India(2005-10-03), Pakistan(2005-10-03)",1.0,2005-10-03,,,2.0,2,0.0,,0.0,Agreement establishes amendment mechanism,3.0,0.0,,1,0.0,
310,3.0,schedule 1 chemical,"The following criteria shall be taken into account in considering whether a toxicchemical or precursor should be included in Schedule 1:(a) It has been developed, produced, stockpiled or used as a chemical weapon asdefined in Article II;(b) It poses otherwise a high risk to the object and purpose of this Convention byvirtue of its high potential for use in activities prohibited under thisConvention because one or more of the following conditions are met:(i) It possesses a chemical structure closely related to that of other toxicchemicals listed in Schedule 1, and has, or can be expected to have,comparable properties;(ii) It possesses such lethal or incapacitating toxicity as well as otherproperties that would enable it to be used as a chemical weapon;(iii) It may be used as a precursor in the final single technological stage ofproduction of a toxic chemical listed in Schedule 1, regardless ofwhether this stage takes place in facilities, in munitions or elsewhere;(c) It has little or no use for purposes not prohibited under this Convention.",Ibid. Annex on Chemicals. Part A:1.,0,0,0,0,0,0,0,0,0,0,0,1,1,1,1,1,0,0.0,,,Assumed ,0.0,,,schedule 1 chemical,0,CWC Schedule 1 â essentially no legitimate civilian use; not dual-use,1993,"Convention on the Prohibition of the Development, Production, Stockpiling and Use of Chemical Weapons and on their Destruction",CWC ,"Multilateral, Chemical Weapons",0.0,,0,,,2,3.0,1993-01-13,0,1.0,1992-09-03,,"Afghanistan(1993-01-14), Albania(1993-01-14), Algeria(1993-01-13), Argentina(1993-01-13), Armenia(1993-03-19), Australia(1993-01-13), Austria(1993-01-13), Azerbaijan(1993-01-13), Bahamas(1994-03-02), Bahrain(1993-02-24), Bangladesh(1993-01-14), Belarus(1993-01-14), Belgium(1993-01-13), Benin(1993-01-14), Bhutan(1997-04-23), Bolivia(Plurinational State of)(1993-01-14), Bosnia and Herzegovina(1997-01-16), Brazil(1993-01-13), Brunei Darussalam(1993-01-13), Bulgaria(1993-01-13), Burkina Faso(1993-01-14), Burundi(1993-01-15), Cambodia(1993-01-15), Cameroon(1993-01-14), Canada(1993-01-13), Cabo Verde(1993-01-15), Central African Republic(1993-01-14), Chad(1994-10-11), Chile(1993-01-14), China(1993-01-13), Colombia(1993-01-13), Comoros(1993-01-13), Congo(1993-01-15), Cook Islands(1993-01-14), Costa Rica(1993-01-14), Côte d'Ivoire(1993-01-13), Croatia(1993-01-13), Cuba(1993-01-13), Cyprus(1993-01-13), Czech Republic(1993-01-14), The Democratic Republic of the Congo(1993-01-14), Denmark(1993-01-14), Djibouti(1993-09-28), Dominica(1993-08-02), Dominican Republic(1993-01-13), Ecuador(1993-01-14), El Salvador(1993-01-14), Equatorial Guinea(1993-01-14), Estonia(1993-01-14), Eswatini(1993-09-23), Ethiopia(1993-01-14), Fiji(1993-01-14), Finland(1993-01-14), France(1993-01-13), Gabon(1993-01-13), Gambia(1993-01-13), Georgia(1993-01-14), Germany(1993-01-13), Ghana(1993-01-14), Greece(1993-01-13), Grenada(1997-04-09), Guatemala(1993-01-14), Guinea(1993-01-14), Guinea Bissau(1993-01-14), Guyana(1993-10-06), Haiti(1993-01-14), Holy See(1993-01-14), Honduras(1993-01-13), Hungary(1993-01-13), Iceland(1993-01-13), India(1993-01-14), Indonesia(1993-01-13), Iran(1993-01-13), Ireland(1993-01-14), Israel(1993-01-13), Italy(1993-01-13), Jamaica(1997-04-18), Japan(1993-01-13), Kazakhstan(1993-01-14), Kenya(1993-01-15), Kuwait(1993-01-27), Kyrgyzstan(1993-02-22), Lao People's Democratic Republic(1993-05-13), Latvia(1993-05-06), Lesotho(1994-12-07), Liberia(1993-01-15), Liechtenstein(1993-07-21), Lithuania(1993-01-13), Luxembourg(1993-01-13), Madagascar(1993-01-15), Malawi(1993-01-14), Malaysia(1993-01-13), Maldives(1993-10-01), Mali(1993-01-13), Malta(1993-01-13), Marshall Islands(1993-01-13), Mauritania(1993-01-13), Mauritius(1993-01-14), Mexico(1993-01-13), Micronesia(Federated States of)(1993-01-13), Moldova(1993-01-13), Monaco(1993-01-13), Mongolia(1993-01-14), Morocco(1993-01-13), Myanmar(1993-01-14), Namibia(1993-01-13), Nauru(1993-01-13), Nepal(1993-01-19), Netherlands(1993-01-14), New Zealand(1993-01-14), Nicaragua(1993-03-09), Niger(1993-01-14), Nigeria(1993-01-13), Norway(1993-01-13), Oman(1993-02-02), Pakistan(1993-01-13), Panama(1993-06-16), Papua New Guinea(1993-01-14), Paraguay(1993-01-14), Peru(1993-01-14), Philippines(1993-01-13), Poland(1993-01-13), Portugal(1993-01-13), Qatar(1993-02-01), Romania(1993-01-13), The Russian Federation(1993-01-13), Rwanda(1993-05-17), Saint Kitts and Nevis(1994-03-16), Saint Lucia(1993-03-29), Saint Vincent and the Grenadines(1993-09-20), Samoa(1993-01-14), San Marino(1993-01-13), Saudi Arabia(1993-01-20), Senegal(1993-01-13), Seychelles(1993-01-15), Sierra Leone(1993-01-15), Singapore(1993-01-14), Slovakia(1993-01-14), Slovenia(1993-01-14), South Africa(1993-01-14), Republic of Korea(1993-01-14), Spain(1993-01-13), Sri Lanka(1993-01-14), Suriname(1997-04-28), Swaziland(1993-09-23), Sweden(1993-01-13), Switzerland(1993-01-14), Tajikistan(1993-01-14), Tanzania(1994-02-25), Thailand(1993-01-14), Togo(1993-01-13), Tunisia(1993-01-13), Türkiye(1993-01-14), Turkmenistan(1993-10-12), Uganda(1993-01-14), Ukraine(1993-01-13), United Arab Emirates(1993-02-02), The United Kingdom of Great Britain and Northern Ireland(1993-01-13), The United States of America(1993-01-13), Uruguay(1993-01-15), Uzbekistan(1995-11-24), Venezuela(Bolivarian Republic of)(1993-01-14), Viet Nam(1993-01-13), Yemen(1993-02-08), Zambia(1993-01-13), Zimbabwe(1993-01-13)",1.0,1997-04-29,,,193.0,1,1.0,,0.0,"CONVENTION ON THE PROHIBITION OF THE DEVELOPMENT, PRODUCTION, STOCKPILING AND USE OF CHEMICAL WEAPONS AND ON THEIR DESTRUCTION. 1993. Acceessed July 31, 2023. https.//www.opcw.org/chemicalweaponsconvention/downloadconvention. Article XV.1.",5.0,2.0,,0,0.0,
310,3.0,schedule 2 chemical,"The following criteria shall be taken into account in considering whether a toxicchemical not listed in Schedule 1 or a precursor to a Schedule 1 chemical or to achemical listed in Schedule 2, part A, should be included in Schedule 2:(a) It poses a significant risk to the object and purpose of this Convention becauseit possesses such lethal or incapacitating toxicity as well as other propertiesthat could enable it to be used as a chemical weapon;(b) It may be used as a precursor in one of the chemical reactions at the final stageof formation of a chemical listed in Schedule 1 or Schedule 2, part A;(c) It poses a significant risk to the object and purpose of this Convention byvirtue of its importance in the production of a chemical listed in Schedule 1 orSchedule 2, part A;(d) It is not produced in large commercial quantities for purposes not prohibitedunder this Convention.",Ibid. Annex on Chemicals. Part A:2.,0,0,0,0,0,0,0,0,0,0,0,1,1,1,1,1,0,0.0,,,Assumed ,0.0,,,schedule 2 chemical,1,CWC Schedule 2 â limited civilian use (e.g. thiodiglycol in ink); maps to 1C350 dual-use precursors,1993,"Convention on the Prohibition of the Development, Production, Stockpiling and Use of Chemical Weapons and on their Destruction",CWC ,"Multilateral, Chemical Weapons",0.0,,0,,,2,3.0,1993-01-13,0,1.0,1992-09-03,,"Afghanistan(1993-01-14), Albania(1993-01-14), Algeria(1993-01-13), Argentina(1993-01-13), Armenia(1993-03-19), Australia(1993-01-13), Austria(1993-01-13), Azerbaijan(1993-01-13), Bahamas(1994-03-02), Bahrain(1993-02-24), Bangladesh(1993-01-14), Belarus(1993-01-14), Belgium(1993-01-13), Benin(1993-01-14), Bhutan(1997-04-23), Bolivia(Plurinational State of)(1993-01-14), Bosnia and Herzegovina(1997-01-16), Brazil(1993-01-13), Brunei Darussalam(1993-01-13), Bulgaria(1993-01-13), Burkina Faso(1993-01-14), Burundi(1993-01-15), Cambodia(1993-01-15), Cameroon(1993-01-14), Canada(1993-01-13), Cabo Verde(1993-01-15), Central African Republic(1993-01-14), Chad(1994-10-11), Chile(1993-01-14), China(1993-01-13), Colombia(1993-01-13), Comoros(1993-01-13), Congo(1993-01-15), Cook Islands(1993-01-14), Costa Rica(1993-01-14), Côte d'Ivoire(1993-01-13), Croatia(1993-01-13), Cuba(1993-01-13), Cyprus(1993-01-13), Czech Republic(1993-01-14), The Democratic Republic of the Congo(1993-01-14), Denmark(1993-01-14), Djibouti(1993-09-28), Dominica(1993-08-02), Dominican Republic(1993-01-13), Ecuador(1993-01-14), El Salvador(1993-01-14), Equatorial Guinea(1993-01-14), Estonia(1993-01-14), Eswatini(1993-09-23), Ethiopia(1993-01-14), Fiji(1993-01-14), Finland(1993-01-14), France(1993-01-13), Gabon(1993-01-13), Gambia(1993-01-13), Georgia(1993-01-14), Germany(1993-01-13), Ghana(1993-01-14), Greece(1993-01-13), Grenada(1997-04-09), Guatemala(1993-01-14), Guinea(1993-01-14), Guinea Bissau(1993-01-14), Guyana(1993-10-06), Haiti(1993-01-14), Holy See(1993-01-14), Honduras(1993-01-13), Hungary(1993-01-13), Iceland(1993-01-13), India(1993-01-14), Indonesia(1993-01-13), Iran(1993-01-13), Ireland(1993-01-14), Israel(1993-01-13), Italy(1993-01-13), Jamaica(1997-04-18), Japan(1993-01-13), Kazakhstan(1993-01-14), Kenya(1993-01-15), Kuwait(1993-01-27), Kyrgyzstan(1993-02-22), Lao People's Democratic Republic(1993-05-13), Latvia(1993-05-06), Lesotho(1994-12-07), Liberia(1993-01-15), Liechtenstein(1993-07-21), Lithuania(1993-01-13), Luxembourg(1993-01-13), Madagascar(1993-01-15), Malawi(1993-01-14), Malaysia(1993-01-13), Maldives(1993-10-01), Mali(1993-01-13), Malta(1993-01-13), Marshall Islands(1993-01-13), Mauritania(1993-01-13), Mauritius(1993-01-14), Mexico(1993-01-13), Micronesia(Federated States of)(1993-01-13), Moldova(1993-01-13), Monaco(1993-01-13), Mongolia(1993-01-14), Morocco(1993-01-13), Myanmar(1993-01-14), Namibia(1993-01-13), Nauru(1993-01-13), Nepal(1993-01-19), Netherlands(1993-01-14), New Zealand(1993-01-14), Nicaragua(1993-03-09), Niger(1993-01-14), Nigeria(1993-01-13), Norway(1993-01-13), Oman(1993-02-02), Pakistan(1993-01-13), Panama(1993-06-16), Papua New Guinea(1993-01-14), Paraguay(1993-01-14), Peru(1993-01-14), Philippines(1993-01-13), Poland(1993-01-13), Portugal(1993-01-13), Qatar(1993-02-01), Romania(1993-01-13), The Russian Federation(1993-01-13), Rwanda(1993-05-17), Saint Kitts and Nevis(1994-03-16), Saint Lucia(1993-03-29), Saint Vincent and the Grenadines(1993-09-20), Samoa(1993-01-14), San Marino(1993-01-13), Saudi Arabia(1993-01-20), Senegal(1993-01-13), Seychelles(1993-01-15), Sierra Leone(1993-01-15), Singapore(1993-01-14), Slovakia(1993-01-14), Slovenia(1993-01-14), South Africa(1993-01-14), Republic of Korea(1993-01-14), Spain(1993-01-13), Sri Lanka(1993-01-14), Suriname(1997-04-28), Swaziland(1993-09-23), Sweden(1993-01-13), Switzerland(1993-01-14), Tajikistan(1993-01-14), Tanzania(1994-02-25), Thailand(1993-01-14), Togo(1993-01-13), Tunisia(1993-01-13), Türkiye(1993-01-14), Turkmenistan(1993-10-12), Uganda(1993-01-14), Ukraine(1993-01-13), United Arab Emirates(1993-02-02), The United Kingdom of Great Britain and Northern Ireland(1993-01-13), The United States of America(1993-01-13), Uruguay(1993-01-15), Uzbekistan(1995-11-24), Venezuela(Bolivarian Republic of)(1993-01-14), Viet Nam(1993-01-13), Yemen(1993-02-08), Zambia(1993-01-13), Zimbabwe(1993-01-13)",1.0,1997-04-29,,,193.0,1,1.0,,0.0,"CONVENTION ON THE PROHIBITION OF THE DEVELOPMENT, PRODUCTION, STOCKPILING AND USE OF CHEMICAL WEAPONS AND ON THEIR DESTRUCTION. 1993. Acceessed July 31, 2023. https.//www.opcw.org/chemicalweaponsconvention/downloadconvention. Article XV.1.",5.0,2.0,,0,0.0,
310,3.0,schedule 3 chemical,"The following criteria shall be taken into account in considering whether a toxicchemical or precursor, not listed in other Schedules, should be included in Schedule3:(a) It has been produced, stockpiled or used as a chemical weapon;(b) It poses otherwise a risk to the object and purpose of this Convention becauseit possesses such lethal or incapacitating toxicity as well as other propertiesthat might enable it to be used as a chemical weapon;(c) It poses a risk to the object and purpose of this Convention by virtue of itsimportance in the production of one or more chemicals listed in Schedule 1 orSchedule 2, part B;(d) It may be produced in large commercial quantities for purposes not prohibitedunder this Convention.",Ibid. Annex on Chemicals. Part A:3.,0,0,0,0,0,0,0,0,0,0,0,1,1,1,1,1,0,0.0,,,Assumed ,0.0,,,schedule 3 chemical,1,CWC Schedule 3 â significant civilian use (e.g. phosgene in plastics); maps to 1C450 dual-use toxic chemicals,1993,"Convention on the Prohibition of the Development, Production, Stockpiling and Use of Chemical Weapons and on their Destruction",CWC ,"Multilateral, Chemical Weapons",0.0,,0,,,2,3.0,1993-01-13,0,1.0,1992-09-03,,"Afghanistan(1993-01-14), Albania(1993-01-14), Algeria(1993-01-13), Argentina(1993-01-13), Armenia(1993-03-19), Australia(1993-01-13), Austria(1993-01-13), Azerbaijan(1993-01-13), Bahamas(1994-03-02), Bahrain(1993-02-24), Bangladesh(1993-01-14), Belarus(1993-01-14), Belgium(1993-01-13), Benin(1993-01-14), Bhutan(1997-04-23), Bolivia(Plurinational State of)(1993-01-14), Bosnia and Herzegovina(1997-01-16), Brazil(1993-01-13), Brunei Darussalam(1993-01-13), Bulgaria(1993-01-13), Burkina Faso(1993-01-14), Burundi(1993-01-15), Cambodia(1993-01-15), Cameroon(1993-01-14), Canada(1993-01-13), Cabo Verde(1993-01-15), Central African Republic(1993-01-14), Chad(1994-10-11), Chile(1993-01-14), China(1993-01-13), Colombia(1993-01-13), Comoros(1993-01-13), Congo(1993-01-15), Cook Islands(1993-01-14), Costa Rica(1993-01-14), Côte d'Ivoire(1993-01-13), Croatia(1993-01-13), Cuba(1993-01-13), Cyprus(1993-01-13), Czech Republic(1993-01-14), The Democratic Republic of the Congo(1993-01-14), Denmark(1993-01-14), Djibouti(1993-09-28), Dominica(1993-08-02), Dominican Republic(1993-01-13), Ecuador(1993-01-14), El Salvador(1993-01-14), Equatorial Guinea(1993-01-14), Estonia(1993-01-14), Eswatini(1993-09-23), Ethiopia(1993-01-14), Fiji(1993-01-14), Finland(1993-01-14), France(1993-01-13), Gabon(1993-01-13), Gambia(1993-01-13), Georgia(1993-01-14), Germany(1993-01-13), Ghana(1993-01-14), Greece(1993-01-13), Grenada(1997-04-09), Guatemala(1993-01-14), Guinea(1993-01-14), Guinea Bissau(1993-01-14), Guyana(1993-10-06), Haiti(1993-01-14), Holy See(1993-01-14), Honduras(1993-01-13), Hungary(1993-01-13), Iceland(1993-01-13), India(1993-01-14), Indonesia(1993-01-13), Iran(1993-01-13), Ireland(1993-01-14), Israel(1993-01-13), Italy(1993-01-13), Jamaica(1997-04-18), Japan(1993-01-13), Kazakhstan(1993-01-14), Kenya(1993-01-15), Kuwait(1993-01-27), Kyrgyzstan(1993-02-22), Lao People's Democratic Republic(1993-05-13), Latvia(1993-05-06), Lesotho(1994-12-07), Liberia(1993-01-15), Liechtenstein(1993-07-21), Lithuania(1993-01-13), Luxembourg(1993-01-13), Madagascar(1993-01-15), Malawi(1993-01-14), Malaysia(1993-01-13), Maldives(1993-10-01), Mali(1993-01-13), Malta(1993-01-13), Marshall Islands(1993-01-13), Mauritania(1993-01-13), Mauritius(1993-01-14), Mexico(1993-01-13), Micronesia(Federated States of)(1993-01-13), Moldova(1993-01-13), Monaco(1993-01-13), Mongolia(1993-01-14), Morocco(1993-01-13), Myanmar(1993-01-14), Namibia(1993-01-13), Nauru(1993-01-13), Nepal(1993-01-19), Netherlands(1993-01-14), New Zealand(1993-01-14), Nicaragua(1993-03-09), Niger(1993-01-14), Nigeria(1993-01-13), Norway(1993-01-13), Oman(1993-02-02), Pakistan(1993-01-13), Panama(1993-06-16), Papua New Guinea(1993-01-14), Paraguay(1993-01-14), Peru(1993-01-14), Philippines(1993-01-13), Poland(1993-01-13), Portugal(1993-01-13), Qatar(1993-02-01), Romania(1993-01-13), The Russian Federation(1993-01-13), Rwanda(1993-05-17), Saint Kitts and Nevis(1994-03-16), Saint Lucia(1993-03-29), Saint Vincent and the Grenadines(1993-09-20), Samoa(1993-01-14), San Marino(1993-01-13), Saudi Arabia(1993-01-20), Senegal(1993-01-13), Seychelles(1993-01-15), Sierra Leone(1993-01-15), Singapore(1993-01-14), Slovakia(1993-01-14), Slovenia(1993-01-14), South Africa(1993-01-14), Republic of Korea(1993-01-14), Spain(1993-01-13), Sri Lanka(1993-01-14), Suriname(1997-04-28), Swaziland(1993-09-23), Sweden(1993-01-13), Switzerland(1993-01-14), Tajikistan(1993-01-14), Tanzania(1994-02-25), Thailand(1993-01-14), Togo(1993-01-13), Tunisia(1993-01-13), Türkiye(1993-01-14), Turkmenistan(1993-10-12), Uganda(1993-01-14), Ukraine(1993-01-13), United Arab Emirates(1993-02-02), The United Kingdom of Great Britain and Northern Ireland(1993-01-13), The United States of America(1993-01-13), Uruguay(1993-01-15), Uzbekistan(1995-11-24), Venezuela(Bolivarian Republic of)(1993-01-14), Viet Nam(1993-01-13), Yemen(1993-02-08), Zambia(1993-01-13), Zimbabwe(1993-01-13)",1.0,1997-04-29,,,193.0,1,1.0,,0.0,"CONVENTION ON THE PROHIBITION OF THE DEVELOPMENT, PRODUCTION, STOCKPILING AND USE OF CHEMICAL WEAPONS AND ON THEIR DESTRUCTION. 1993. Acceessed July 31, 2023. https.//www.opcw.org/chemicalweaponsconvention/downloadconvention. Article XV.1.",5.0,2.0,,0,0.0,
190001,1.0,weapons with the primary effect to injure by non-detectable fragment,,,0,0,0,0,0,0,0,1,0,0,0,0,0,0,0,0,0,0.0,,,"Assumed directly upon entry into force. Comment: Common understaninding May 6, 1972, Minister Semenov made the following statement: In an effort to accommodate the wishes of the U.S. side, the Soviet Delegation is prepared to proceed on the basis that the two sides will in fact observe the obligations of both the Interim Agreement and the ABM Treaty beginning from the date of signature of these two documents. In reply, the U.S. Delegation made the following statement on May 20, 1972: The United States agrees in principle with the Soviet statement made on May 6 concerning observance of obligations beginning from date of signature but we would like to make clear our understanding that this means that, pending ratification and acceptance, neither side would take any action prohibited by the agreements after they had entered into force. This understanding would continue to apply in the absence of notification by either signatory of its intention not to proceed with ratification or approval. The Soviet Delegation indicated agreement with the U.S. statement.",0.0,,,weapons with the primary effect to injure by non-detectable fragment,0,CCW prohibited weapon; purely military,1981,Protocol I to the Convention on Prohibitions or Restrictions on the Use of Certain Conventional Weapons which may be deemed to be Excessively Injurious or to have Indiscriminate Effects,Protocol I on Non-Detectable Fragments,"Multilateral, Conventional Weapons",,,0,,,2,3.0,1981-05-10,0,1.0,1980-10-10,,,1.0,1983-12-02,,,0.0,2,1.0,,0.0,"Convention on Prohibitions or Restrictions on the Use of Certain Conventional Weapons Which May Be Deemed to Be Excessively Injurious or to Have Indiscriminate Effects. 1980. Accessed 24082023. https.//treaties.unoda.org/t/ccwc. Article 1.a. At any time after the entry into force of this Convention any High Contracting Party may propose amendments to this Convention or any annexed Protocol by which it is bound. Any proposal for an amendment shall be communicated to the Depositary, who shall notify it to all the High Contracting Parties and shall seek their views on whether a conference should be convened to consider the proposal. If a majority, that shall not be less than eighteen of the High Contracting Parties, so agree, he shall promptly convene a conference to which all High Contracting Parties shall be invited. States not parties to this Convention shall be invited to the conference as observers.",,3.0,,,0.0,
190002,1.0,mine,"A munition placed under, on or near the ground orother surface area and designed to be exploded by the presence, proximity or contact of a person or vehicle. | Any munition placed under, on or near the ground or other surface area and designed to be detonated or exploded by the presence, proximity or contact of a person or vehicle, and remotely delivered mine means any mine so defined delivered by artillery, rocket, mortar or similar means or dropped from an aircraft.","Ibid. Article 2:1:  Mine means a munition placed under, on or near the ground orother surface area and designed to be exploded by the presence, proximity or contact of a person or vehicle. | ibid. Article 2:1: Mine means any munition placed under, on or near the ground or other surface area and designed to be detonated or exploded by the presence, proximity or contact of a person or vehicle, and remotely delivered mine means any mine so defined delivered by artillery, rocket, mortar or similar means or dropped from an aircraft.",0,0,0,0,0,0,0,0,0,0,0,0,0,0,0,1,0,0.0,,,"Assumed directly upon entry into force. Comment: Common understaninding May 6, 1972, Minister Semenov made the following statement: In an effort to accommodate the wishes of the U.S. side, the Soviet Delegation is prepared to proceed on the basis that the two sides will in fact observe the obligations of both the Interim Agreement and the ABM Treaty beginning from the date of signature of these two documents. In reply, the U.S. Delegation made the following statement on May 20, 1972: The United States agrees in principle with the Soviet statement made on May 6 concerning observance of obligations beginning from date of signature but we would like to make clear our understanding that this means that, pending ratification and acceptance, neither side would take any action prohibited by the agreements after they had entered into force. This understanding would continue to apply in the absence of notification by either signatory of its intention not to proceed with ratification or approval. The Soviet Delegation indicated agreement with the U.S. statement.",0.0,,,mine,0,Anti-personnel/naval mines; purely military weapon,1981,Protocol II to the Convention on Prohibitions or Restrictions on the Use of Certain Conventional Weapons which may be deemed to be Excessively Injurious or to have Indiscriminate Effects,"Protocol II on Mines, BoobyTraps and Other Devices","Multilateral, Conventional Weapons",,,0,,,2,3.0,1981-05-10,0,1.0,1980-10-10,,,1.0,1983-12-02,,,0.0,2,0.0,,0.0,"Convention on Prohibitions or Restrictions on the Use of Certain Conventional Weapons Which May Be Deemed to Be Excessively Injurious or to Have Indiscriminate Effects. 1980. Accessed 24082023. https.//treaties.unoda.org/t/ccwc. Article 1.a. At any time after the entry into force of this Convention any High Contracting Party may propose amendments to this Convention or any annexed Protocol by which it is bound. Any proposal for an amendment shall be communicated to the Depositary, who shall notify it to all the High Contracting Parties and shall seek their views on whether a conference should be convened to consider the proposal. If a majority, that shall not be less than eighteen of the High Contracting Parties, so agree, he shall promptly convene a conference to which all High Contracting Parties shall be invited. States not parties to this Convention shall be invited to the conference as observers.",,3.0,,,0.0,
190005,1.0,mine,"A munition placed under, on or near the ground orother surface area and designed to be exploded by the presence, proximity or contact of a person or vehicle. | Any munition placed under, on or near the ground or other surface area and designed to be detonated or exploded by the presence, proximity or contact of a person or vehicle, and remotely delivered mine means any mine so defined delivered by artillery, rocket, mortar or similar means or dropped from an aircraft.","Ibid. Article 2:1:  Mine means a munition placed under, on or near the ground orother surface area and designed to be exploded by the presence, proximity or contact of a person or vehicle. | ibid. Article 2:1: Mine means any munition placed under, on or near the ground or other surface area and designed to be detonated or exploded by the presence, proximity or contact of a person or vehicle, and remotely delivered mine means any mine so defined delivered by artillery, rocket, mortar or similar means or dropped from an aircraft.",0,0,0,0,0,0,0,0,0,0,0,0,0,0,0,1,0,0.0,,,"Assumed directly upon entry into force. Comment: Common understaninding May 6, 1972, Minister Semenov made the following statement: In an effort to accommodate the wishes of the U.S. side, the Soviet Delegation is prepared to proceed on the basis that the two sides will in fact observe the obligations of both the Interim Agreement and the ABM Treaty beginning from the date of signature of these two documents. In reply, the U.S. Delegation made the following statement on May 20, 1972: The United States agrees in principle with the Soviet statement made on May 6 concerning observance of obligations beginning from date of signature but we would like to make clear our understanding that this means that, pending ratification and acceptance, neither side would take any action prohibited by the agreements after they had entered into force. This understanding would continue to apply in the absence of notification by either signatory of its intention not to proceed with ratification or approval. The Soviet Delegation indicated agreement with the U.S. statement.",0.0,,,mine,0,Anti-personnel/naval mines; purely military weapon,1996,"Protocol on Prohibitions or Restrictions on the Use of Mines, BoobyTraps and Other Devices as amended on 3 May 1996","Protocol II(Amended) on Mines, BoobyTraps and Other Devices","Multilateral, Conventional Weapons",,,0,,,2,3.0,,0,1.0,1996-05-03,,,1.0,1998-03-12,,,0.0,2,1.0,,0.0,"Convention on Prohibitions or Restrictions on the Use of Certain Conventional Weapons Which May Be Deemed to Be Excessively Injurious or to Have Indiscriminate Effects. 1980. Accessed 24082023. https.//treaties.unoda.org/t/ccwc. Article 1.a. At any time after the entry into force of this Convention any High Contracting Party may propose amendments to this Convention or any annexed Protocol by which it is bound. Any proposal for an amendment shall be communicated to the Depositary, who shall notify it to all the High Contracting Parties and shall seek their views on whether a conference should be convened to consider the proposal. If a majority, that shall not be less than eighteen of the High Contracting Parties, so agree, he shall promptly convene a conference to which all High Contracting Parties shall be invited. States not parties to this Convention shall be invited to the conference as observers.",,3.0,,,0.0,
190002,1.0,booby trap,"Any device or material which is designed, constructed or adapted to kill or injure and which functions unexpectedly when a person disturbs or approaches an apparently harmless object or performs an apparently safe act. | Any device or material which is designed, constructed, or adapt ed to kill or injure, and which functions unexpectedly when a person disturbs or approaches an apparently harmless object or performs an apparently safe act.","Ibid. Article 2:2: Booby trap means any device or material which is designed, constructed or adapted to kill or injure and which functions unexpectedly when a person disturbs or approaches an apparently harmless object or performs an apparently safe act. | Ibid. Article 2:4: Booby trap means any device or material which is designed, constructed, or adapt ed to kill or injure, and which functions unexpectedly when a person disturbs or approaches an apparently harmless object or performs an apparently safe act.",0,0,0,0,0,0,0,0,0,0,0,0,0,0,0,1,0,0.0,,,"Assumed directly upon entry into force. Comment: Common understaninding May 6, 1972, Minister Semenov made the following statement: In an effort to accommodate the wishes of the U.S. side, the Soviet Delegation is prepared to proceed on the basis that the two sides will in fact observe the obligations of both the Interim Agreement and the ABM Treaty beginning from the date of signature of these two documents. In reply, the U.S. Delegation made the following statement on May 20, 1972: The United States agrees in principle with the Soviet statement made on May 6 concerning observance of obligations beginning from date of signature but we would like to make clear our understanding that this means that, pending ratification and acceptance, neither side would take any action prohibited by the agreements after they had entered into force. This understanding would continue to apply in the absence of notification by either signatory of its intention not to proceed with ratification or approval. The Soviet Delegation indicated agreement with the U.S. statement.",0.0,,,booby trap,0,CCW prohibited weapon; purely military,1981,Protocol II to the Convention on Prohibitions or Restrictions on the Use of Certain Conventional Weapons which may be deemed to be Excessively Injurious or to have Indiscriminate Effects,"Protocol II on Mines, BoobyTraps and Other Devices","Multilateral, Conventional Weapons",,,0,,,2,3.0,1981-05-10,0,1.0,1980-10-10,,,1.0,1983-12-02,,,0.0,2,0.0,,0.0,"Convention on Prohibitions or Restrictions on the Use of Certain Conventional Weapons Which May Be Deemed to Be Excessively Injurious or to Have Indiscriminate Effects. 1980. Accessed 24082023. https.//treaties.unoda.org/t/ccwc. Article 1.a. At any time after the entry into force of this Convention any High Contracting Party may propose amendments to this Convention or any annexed Protocol by which it is bound. Any proposal for an amendment shall be communicated to the Depositary, who shall notify it to all the High Contracting Parties and shall seek their views on whether a conference should be convened to consider the proposal. If a majority, that shall not be less than eighteen of the High Contracting Parties, so agree, he shall promptly convene a conference to which all High Contracting Parties shall be invited. States not parties to this Convention shall be invited to the conference as observers.",,3.0,,,0.0,
190005,1.0,booby trap,"Any device or material which is designed, constructed or adapted to kill or injure and which functions unexpectedly when a person disturbs or approaches an apparently harmless object or performs an apparently safe act. | Any device or material which is designed, constructed, or adapt ed to kill or injure, and which functions unexpectedly when a person disturbs or approaches an apparently harmless object or performs an apparently safe act.","Ibid. Article 2:2: Booby trap means any device or material which is designed, constructed or adapted to kill or injure and which functions unexpectedly when a person disturbs or approaches an apparently harmless object or performs an apparently safe act. | Ibid. Article 2:4: Booby trap means any device or material which is designed, constructed, or adapt ed to kill or injure, and which functions unexpectedly when a person disturbs or approaches an apparently harmless object or performs an apparently safe act.",0,0,0,0,0,0,0,0,0,0,0,0,0,0,0,1,0,0.0,,,"Assumed directly upon entry into force. Comment: Common understaninding May 6, 1972, Minister Semenov made the following statement: In an effort to accommodate the wishes of the U.S. side, the Soviet Delegation is prepared to proceed on the basis that the two sides will in fact observe the obligations of both the Interim Agreement and the ABM Treaty beginning from the date of signature of these two documents. In reply, the U.S. Delegation made the following statement on May 20, 1972: The United States agrees in principle with the Soviet statement made on May 6 concerning observance of obligations beginning from date of signature but we would like to make clear our understanding that this means that, pending ratification and acceptance, neither side would take any action prohibited by the agreements after they had entered into force. This understanding would continue to apply in the absence of notification by either signatory of its intention not to proceed with ratification or approval. The Soviet Delegation indicated agreement with the U.S. statement.",0.0,,,booby trap,0,CCW prohibited weapon; purely military,1996,"Protocol on Prohibitions or Restrictions on the Use of Mines, BoobyTraps and Other Devices as amended on 3 May 1996","Protocol II(Amended) on Mines, BoobyTraps and Other Devices","Multilateral, Conventional Weapons",,,0,,,2,3.0,,0,1.0,1996-05-03,,,1.0,1998-03-12,,,0.0,2,1.0,,0.0,"Convention on Prohibitions or Restrictions on the Use of Certain Conventional Weapons Which May Be Deemed to Be Excessively Injurious or to Have Indiscriminate Effects. 1980. Accessed 24082023. https.//treaties.unoda.org/t/ccwc. Article 1.a. At any time after the entry into force of this Convention any High Contracting Party may propose amendments to this Convention or any annexed Protocol by which it is bound. Any proposal for an amendment shall be communicated to the Depositary, who shall notify it to all the High Contracting Parties and shall seek their views on whether a conference should be convened to consider the proposal. If a majority, that shall not be less than eighteen of the High Contracting Parties, so agree, he shall promptly convene a conference to which all High Contracting Parties shall be invited. States not parties to this Convention shall be invited to the conference as observers.",,3.0,,,0.0,
190002,1.0,other devise,"Manually emplaced munitions and devices designed to kill, injure or damage and which are actuated by remote control or automatically after a lapse of time. | Manually emplaced munitions and devices including improvised explosivedevices designed to kill, injure or damage and which are actuated manually, by remote control or automatically after a lapse of time.","Ibid. Article 2:3: Other devices means manually emplaced munitions and devices designed to kill, injure or damage and which are actuated by remote control or automatically after a lapse of time. | Ibid. Article 2:5: Other devices means manually emplaced munitions and devices including improvised explosivedevices designed to kill, injure or damage and which are actuated manually, by remote control or automatically after a lapse of time.",0,0,0,0,0,0,0,0,0,0,0,0,0,0,0,1,0,0.0,,,"Assumed directly upon entry into force. Comment: Common understaninding May 6, 1972, Minister Semenov made the following statement: In an effort to accommodate the wishes of the U.S. side, the Soviet Delegation is prepared to proceed on the basis that the two sides will in fact observe the obligations of both the Interim Agreement and the ABM Treaty beginning from the date of signature of these two documents. In reply, the U.S. Delegation made the following statement on May 20, 1972: The United States agrees in principle with the Soviet statement made on May 6 concerning observance of obligations beginning from date of signature but we would like to make clear our understanding that this means that, pending ratification and acceptance, neither side would take any action prohibited by the agreements after they had entered into force. This understanding would continue to apply in the absence of notification by either signatory of its intention not to proceed with ratification or approval. The Soviet Delegation indicated agreement with the U.S. statement.",0.0,,,other devise,0,CCW weapon category; purely military,1981,Protocol II to the Convention on Prohibitions or Restrictions on the Use of Certain Conventional Weapons which may be deemed to be Excessively Injurious or to have Indiscriminate Effects,"Protocol II on Mines, BoobyTraps and Other Devices","Multilateral, Conventional Weapons",,,0,,,2,3.0,1981-05-10,0,1.0,1980-10-10,,,1.0,1983-12-02,,,0.0,2,0.0,,0.0,"Convention on Prohibitions or Restrictions on the Use of Certain Conventional Weapons Which May Be Deemed to Be Excessively Injurious or to Have Indiscriminate Effects. 1980. Accessed 24082023. https.//treaties.unoda.org/t/ccwc. Article 1.a. At any time after the entry into force of this Convention any High Contracting Party may propose amendments to this Convention or any annexed Protocol by which it is bound. Any proposal for an amendment shall be communicated to the Depositary, who shall notify it to all the High Contracting Parties and shall seek their views on whether a conference should be convened to consider the proposal. If a majority, that shall not be less than eighteen of the High Contracting Parties, so agree, he shall promptly convene a conference to which all High Contracting Parties shall be invited. States not parties to this Convention shall be invited to the conference as observers.",,3.0,,,0.0,
190005,1.0,other devise,"Manually emplaced munitions and devices designed to kill, injure or damage and which are actuated by remote control or automatically after a lapse of time. | Manually emplaced munitions and devices including improvised explosivedevices designed to kill, injure or damage and which are actuated manually, by remote control or automatically after a lapse of time.","Ibid. Article 2:3: Other devices means manually emplaced munitions and devices designed to kill, injure or damage and which are actuated by remote control or automatically after a lapse of time. | Ibid. Article 2:5: Other devices means manually emplaced munitions and devices including improvised explosivedevices designed to kill, injure or damage and which are actuated manually, by remote control or automatically after a lapse of time.",0,0,0,0,0,0,0,0,0,0,0,0,0,0,0,1,0,0.0,,,"Assumed directly upon entry into force. Comment: Common understaninding May 6, 1972, Minister Semenov made the following statement: In an effort to accommodate the wishes of the U.S. side, the Soviet Delegation is prepared to proceed on the basis that the two sides will in fact observe the obligations of both the Interim Agreement and the ABM Treaty beginning from the date of signature of these two documents. In reply, the U.S. Delegation made the following statement on May 20, 1972: The United States agrees in principle with the Soviet statement made on May 6 concerning observance of obligations beginning from date of signature but we would like to make clear our understanding that this means that, pending ratification and acceptance, neither side would take any action prohibited by the agreements after they had entered into force. This understanding would continue to apply in the absence of notification by either signatory of its intention not to proceed with ratification or approval. The Soviet Delegation indicated agreement with the U.S. statement.",0.0,,,other devise,0,CCW weapon category; purely military,1996,"Protocol on Prohibitions or Restrictions on the Use of Mines, BoobyTraps and Other Devices as amended on 3 May 1996","Protocol II(Amended) on Mines, BoobyTraps and Other Devices","Multilateral, Conventional Weapons",,,0,,,2,3.0,,0,1.0,1996-05-03,,,1.0,1998-03-12,,,0.0,2,1.0,,0.0,"Convention on Prohibitions or Restrictions on the Use of Certain Conventional Weapons Which May Be Deemed to Be Excessively Injurious or to Have Indiscriminate Effects. 1980. Accessed 24082023. https.//treaties.unoda.org/t/ccwc. Article 1.a. At any time after the entry into force of this Convention any High Contracting Party may propose amendments to this Convention or any annexed Protocol by which it is bound. Any proposal for an amendment shall be communicated to the Depositary, who shall notify it to all the High Contracting Parties and shall seek their views on whether a conference should be convened to consider the proposal. If a majority, that shall not be less than eighteen of the High Contracting Parties, so agree, he shall promptly convene a conference to which all High Contracting Parties shall be invited. States not parties to this Convention shall be invited to the conference as observers.",,3.0,,,0.0,
190002,1.0,mines other than remotely delivered mine,"Any munition placed under, on or near the ground or other surface area and designed to be detonated or exploded by the presence, proximity or contact of a person or vehicle","Ibid. Article 2:1: Mine means any munition placed under, on or near the ground or other surface area and designed to be detonated or exploded by the presence, proximity or contact of a person or vehicle, and remotely delivered mine means any mine so defined delivered by artillery, rocket, mortar or similar means or dropped from an aircraft.",0,0,0,0,0,0,0,0,0,0,0,0,0,0,0,1,0,0.0,,,"Assumed directly upon entry into force. Comment: Common understaninding May 6, 1972, Minister Semenov made the following statement: In an effort to accommodate the wishes of the U.S. side, the Soviet Delegation is prepared to proceed on the basis that the two sides will in fact observe the obligations of both the Interim Agreement and the ABM Treaty beginning from the date of signature of these two documents. In reply, the U.S. Delegation made the following statement on May 20, 1972: The United States agrees in principle with the Soviet statement made on May 6 concerning observance of obligations beginning from date of signature but we would like to make clear our understanding that this means that, pending ratification and acceptance, neither side would take any action prohibited by the agreements after they had entered into force. This understanding would continue to apply in the absence of notification by either signatory of its intention not to proceed with ratification or approval. The Soviet Delegation indicated agreement with the U.S. statement.",0.0,,,mines other than remotely delivered mine,0,Prohibited weapon (CCW/Ottawa); purely military,1981,Protocol II to the Convention on Prohibitions or Restrictions on the Use of Certain Conventional Weapons which may be deemed to be Excessively Injurious or to have Indiscriminate Effects,"Protocol II on Mines, BoobyTraps and Other Devices","Multilateral, Conventional Weapons",,,0,,,2,3.0,1981-05-10,0,1.0,1980-10-10,,,1.0,1983-12-02,,,0.0,2,0.0,,0.0,"Convention on Prohibitions or Restrictions on the Use of Certain Conventional Weapons Which May Be Deemed to Be Excessively Injurious or to Have Indiscriminate Effects. 1980. Accessed 24082023. https.//treaties.unoda.org/t/ccwc. Article 1.a. At any time after the entry into force of this Convention any High Contracting Party may propose amendments to this Convention or any annexed Protocol by which it is bound. Any proposal for an amendment shall be communicated to the Depositary, who shall notify it to all the High Contracting Parties and shall seek their views on whether a conference should be convened to consider the proposal. If a majority, that shall not be less than eighteen of the High Contracting Parties, so agree, he shall promptly convene a conference to which all High Contracting Parties shall be invited. States not parties to this Convention shall be invited to the conference as observers.",,3.0,,,0.0,
190002,1.0,certain booby trap,,,0,0,0,0,0,0,0,0,0,0,0,0,0,0,0,1,0,0.0,,,"Assumed directly upon entry into force. Comment: Common understaninding May 6, 1972, Minister Semenov made the following statement: In an effort to accommodate the wishes of the U.S. side, the Soviet Delegation is prepared to proceed on the basis that the two sides will in fact observe the obligations of both the Interim Agreement and the ABM Treaty beginning from the date of signature of these two documents. In reply, the U.S. Delegation made the following statement on May 20, 1972: The United States agrees in principle with the Soviet statement made on May 6 concerning observance of obligations beginning from date of signature but we would like to make clear our understanding that this means that, pending ratification and acceptance, neither side would take any action prohibited by the agreements after they had entered into force. This understanding would continue to apply in the absence of notification by either signatory of its intention not to proceed with ratification or approval. The Soviet Delegation indicated agreement with the U.S. statement.",0.0,,,certain booby trap,0,CCW prohibited weapon; purely military,1981,Protocol II to the Convention on Prohibitions or Restrictions on the Use of Certain Conventional Weapons which may be deemed to be Excessively Injurious or to have Indiscriminate Effects,"Protocol II on Mines, BoobyTraps and Other Devices","Multilateral, Conventional Weapons",,,0,,,2,3.0,1981-05-10,0,1.0,1980-10-10,,,1.0,1983-12-02,,,0.0,2,0.0,,0.0,"Convention on Prohibitions or Restrictions on the Use of Certain Conventional Weapons Which May Be Deemed to Be Excessively Injurious or to Have Indiscriminate Effects. 1980. Accessed 24082023. https.//treaties.unoda.org/t/ccwc. Article 1.a. At any time after the entry into force of this Convention any High Contracting Party may propose amendments to this Convention or any annexed Protocol by which it is bound. Any proposal for an amendment shall be communicated to the Depositary, who shall notify it to all the High Contracting Parties and shall seek their views on whether a conference should be convened to consider the proposal. If a majority, that shall not be less than eighteen of the High Contracting Parties, so agree, he shall promptly convene a conference to which all High Contracting Parties shall be invited. States not parties to this Convention shall be invited to the conference as observers.",,3.0,,,0.0,
190003,1.0,incendiary weapon,"Any weapon or munition which is primarily designed to set fire to objects or to cause burn injury to persons through the action of flame, heat, or a combination thereof, produced by a chemical reaction of a substance delivered on the target. (a) Incendiary weapons can take the form of, for example, flame throwers, fougasses, shells, rockets, grenades, mines, bombs and other containers of incendiary substances.  (b) Incendiary weapons do not include:   (i) Munitions which may have incidental incendiary effects, such as illuminants, tracers, smoke or signalling systems;   (ii) Munitions designed to combine penetration, blast or fragmentation effects with an additional incendiary effect, such as armour piercing projectiles, fragmentation shells, explosive bombs and similar combined effects munitions in which the incendiary effect is not specifically designed to cause burn injury to persons, but to be used against military objectives, such as armoured vehicles, aircraft and installations or facilities.","Ibid. Article 1: 1: 1. Incendiary weapon means any weapon or munition which is primarily designed to set fire to objects or to cause burn injury to persons through the action of flame, heat, or a combination thereof, produced by a chemical reaction of a substance delivered on the target.  (a) Incendiary weapons can take the form of, for example, flame throwers, fougasses, shells, rockets, grenades, mines, bombs and other containers of incendiary substances.  (b) Incendiary weapons do not include:   (i) Munitions which may have incidental incendiary effects, such as illuminants, tracers, smoke or signalling systems;   (ii) Munitions designed to combine penetration, blast or fragmentation effects with an additional incendiary effect, such as armour piercing projectiles, fragmentation shells, explosive bombs and similar combined effects munitions in which the incendiary effect is not specifically designed to cause burn injury to persons, but to be used against military objectives, such as armoured vehicles, aircraft and installations or facilities.",0,0,0,0,0,0,0,0,0,0,0,0,0,0,0,1,0,0.0,,,"Assumed directly upon entry into force. Comment: Common understaninding May 6, 1972, Minister Semenov made the following statement: In an effort to accommodate the wishes of the U.S. side, the Soviet Delegation is prepared to proceed on the basis that the two sides will in fact observe the obligations of both the Interim Agreement and the ABM Treaty beginning from the date of signature of these two documents. In reply, the U.S. Delegation made the following statement on May 20, 1972: The United States agrees in principle with the Soviet statement made on May 6 concerning observance of obligations beginning from date of signature but we would like to make clear our understanding that this means that, pending ratification and acceptance, neither side would take any action prohibited by the agreements after they had entered into force. This understanding would continue to apply in the absence of notification by either signatory of its intention not to proceed with ratification or approval. The Soviet Delegation indicated agreement with the U.S. statement.",0.0,,,incendiary weapon,0,CCW weapon category; purely military,1981,Protocol III to the Convention on Prohibitions or Restrictions on the Use of Certain Conventional Weapons which may be deemed to be Excessively Injurious or to have Indiscriminate Effects,Protocol III on Incediary Weapons,"Multilateral, Conventional Weapons",,,0,,,2,3.0,1981-05-10,0,1.0,1980-10-10,,,1.0,1983-12-02,,,0.0,2,0.0,,0.0,"Convention on Prohibitions or Restrictions on the Use of Certain Conventional Weapons Which May Be Deemed to Be Excessively Injurious or to Have Indiscriminate Effects. 1980. Accessed 24082023. https.//treaties.unoda.org/t/ccwc. Article 1.a. At any time after the entry into force of this Convention any High Contracting Party may propose amendments to this Convention or any annexed Protocol by which it is bound. Any proposal for an amendment shall be communicated to the Depositary, who shall notify it to all the High Contracting Parties and shall seek their views on whether a conference should be convened to consider the proposal. If a majority, that shall not be less than eighteen of the High Contracting Parties, so agree, he shall promptly convene a conference to which all High Contracting Parties shall be invited. States not parties to this Convention shall be invited to the conference as observers.",,3.0,,,0.0,
190003,1.0,air-delivered incendiary weapon,,,0,0,0,0,0,0,0,0,0,0,0,0,0,0,0,1,0,0.0,,,"Assumed directly upon entry into force. Comment: Common understaninding May 6, 1972, Minister Semenov made the following statement: In an effort to accommodate the wishes of the U.S. side, the Soviet Delegation is prepared to proceed on the basis that the two sides will in fact observe the obligations of both the Interim Agreement and the ABM Treaty beginning from the date of signature of these two documents. In reply, the U.S. Delegation made the following statement on May 20, 1972: The United States agrees in principle with the Soviet statement made on May 6 concerning observance of obligations beginning from date of signature but we would like to make clear our understanding that this means that, pending ratification and acceptance, neither side would take any action prohibited by the agreements after they had entered into force. This understanding would continue to apply in the absence of notification by either signatory of its intention not to proceed with ratification or approval. The Soviet Delegation indicated agreement with the U.S. statement.",0.0,,,air-delivered incendiary weapon,0,CCW weapon category; purely military,1981,Protocol III to the Convention on Prohibitions or Restrictions on the Use of Certain Conventional Weapons which may be deemed to be Excessively Injurious or to have Indiscriminate Effects,Protocol III on Incediary Weapons,"Multilateral, Conventional Weapons",,,0,,,2,3.0,1981-05-10,0,1.0,1980-10-10,,,1.0,1983-12-02,,,0.0,2,0.0,,0.0,"Convention on Prohibitions or Restrictions on the Use of Certain Conventional Weapons Which May Be Deemed to Be Excessively Injurious or to Have Indiscriminate Effects. 1980. Accessed 24082023. https.//treaties.unoda.org/t/ccwc. Article 1.a. At any time after the entry into force of this Convention any High Contracting Party may propose amendments to this Convention or any annexed Protocol by which it is bound. Any proposal for an amendment shall be communicated to the Depositary, who shall notify it to all the High Contracting Parties and shall seek their views on whether a conference should be convened to consider the proposal. If a majority, that shall not be less than eighteen of the High Contracting Parties, so agree, he shall promptly convene a conference to which all High Contracting Parties shall be invited. States not parties to this Convention shall be invited to the conference as observers.",,3.0,,,0.0,
190004,1.0,laser weapon,"Laser weapons specifically designed to cause permanent blindness to unenhanced vision, that is to the naked eye or to the eye with corrective eyesight devices. For the purpose of this Protocol permanent blindness means irreversible and uncorrectable loss of vision which is seriously disabling with no prospect of recovery. Serious disability is equivalent to visual acuity of less than 20/200 Snellen measured using both eyes.","Ibid. Article 1:It is prohibited to employ laser weapons specifically designed, as their sole combat function or as one of their combat functions, to cause permanent blindness to unenhanced vision, that is to the naked eye or to the eye with corrective eyesight devices. The High Contracting Parties shall not transfer such weapons to any State or non-State entity. Article 4: For the purpose of this Protocol permanent blindness means irreversible and uncorrectable loss of vision which is seriously disabling with no prospect of recovery. Serious disability is equivalent to visual acuity of less than 20/200 Snellen measured using both eyes.",0,0,0,0,0,0,1,0,0,0,0,0,0,0,0,1,0,0.0,,,"Assumed directly upon entry into force. Comment: Common understaninding May 6, 1972, Minister Semenov made the following statement: In an effort to accommodate the wishes of the U.S. side, the Soviet Delegation is prepared to proceed on the basis that the two sides will in fact observe the obligations of both the Interim Agreement and the ABM Treaty beginning from the date of signature of these two documents. In reply, the U.S. Delegation made the following statement on May 20, 1972: The United States agrees in principle with the Soviet statement made on May 6 concerning observance of obligations beginning from date of signature but we would like to make clear our understanding that this means that, pending ratification and acceptance, neither side would take any action prohibited by the agreements after they had entered into force. This understanding would continue to apply in the absence of notification by either signatory of its intention not to proceed with ratification or approval. The Soviet Delegation indicated agreement with the U.S. statement.",0.0,,,laser weapon,0,CCW Protocol IV (blinding lasers) â designed specifically as a weapon; distinct from dual-use industrial/scientific lasers in 6A005,1995,"Additional Protocol to the Convention on Prohibitions or Restrictions on the Use of Certain Conventional Weapons which may be deemed to be Excessively Injurious or to have Indiscriminate Effects (Protocol IV, entitled Protocol on Blinding Laser Weapons),",Protocol IV on Binding Laser Weapons,"Multilateral, Conventional Weapons",,,0,,,2,3.0,,0,1.0,1995-10-13,,,1.0,1998-07-30,,,0.0,2,0.0,,0.0,"Convention on Prohibitions or Restrictions on the Use of Certain Conventional Weapons Which May Be Deemed to Be Excessively Injurious or to Have Indiscriminate Effects. 1980. Accessed 24082023. https.//treaties.unoda.org/t/ccwc. Article 1.a. At any time after the entry into force of this Convention any High Contracting Party may propose amendments to this Convention or any annexed Protocol by which it is bound. Any proposal for an amendment shall be communicated to the Depositary, who shall notify it to all the High Contracting Parties and shall seek their views on whether a conference should be convened to consider the proposal. If a majority, that shall not be less than eighteen of the High Contracting Parties, so agree, he shall promptly convene a conference to which all High Contracting Parties shall be invited. States not parties to this Convention shall be invited to the conference as observers.",,3.0,,,0.0,
190006,3.0,explosive reminants of war,Explosive remnants of war means unexploded ordnance and abandoned explosive ordnance.,Ibid. Article 2:4: Explosive remnants of war means unexploded ordnance and abandoned explosive ordnance.,0,0,0,0,0,0,0,0,0,0,0,0,0,0,0,0,1,0.0,,,"Assumed directly upon entry into force. Comment: Common understaninding May 6, 1972, Minister Semenov made the following statement: In an effort to accommodate the wishes of the U.S. side, the Soviet Delegation is prepared to proceed on the basis that the two sides will in fact observe the obligations of both the Interim Agreement and the ABM Treaty beginning from the date of signature of these two documents. In reply, the U.S. Delegation made the following statement on May 20, 1972: The United States agrees in principle with the Soviet statement made on May 6 concerning observance of obligations beginning from date of signature but we would like to make clear our understanding that this means that, pending ratification and acceptance, neither side would take any action prohibited by the agreements after they had entered into force. This understanding would continue to apply in the absence of notification by either signatory of its intention not to proceed with ratification or approval. The Soviet Delegation indicated agreement with the U.S. statement.",0.0,,,explosive reminants of war,0,CCW Protocol V; refers to remnants of warfare; not a dual-use item,2001,Amendment to the Convention on Prohibitions or Restrictions on the Use of Certain Conventional Weapons which may be deemed to be Excessively Injurious or to have Indiscriminate Effects,Amendment to the Convention on Certain Conventional Weapons,"Multilateral, Conventional Weapons",,,0,,,2,3.0,,0,1.0,2001-12-21,,,1.0,2004-05-18,,,0.0,2,0.0,,0.0,"Convention on Prohibitions or Restrictions on the Use of Certain Conventional Weapons Which May Be Deemed to Be Excessively Injurious or to Have Indiscriminate Effects. 1980. Accessed 24082023. https.//treaties.unoda.org/t/ccwc. Article 1.a. At any time after the entry into force of this Convention any High Contracting Party may propose amendments to this Convention or any annexed Protocol by which it is bound. Any proposal for an amendment shall be communicated to the Depositary, who shall notify it to all the High Contracting Parties and shall seek their views on whether a conference should be convened to consider the proposal. If a majority, that shall not be less than eighteen of the High Contracting Parties, so agree, he shall promptly convene a conference to which all High Contracting Parties shall be invited. States not parties to this Convention shall be invited to the conference as observers.",,3.0,,,0.0,
190006,1.0,explosive ordnance,"Conventional munitions containing explosives, with the exception of mines, booby traps and other devices as defined in Protocol II of this Convention as amended on 3 May 1996.","Ibid. Article 2:1: Explosive ordnance means conventional munitions containing explosives, with the exception of mines, booby traps and other devices as defined in Protocol II of this Convention as amended on 3 May 1996. ",0,0,0,0,0,0,0,0,0,0,1,1,0,1,1,0,0,0.0,,,"Assumed directly upon entry into force. Comment: Common understaninding May 6, 1972, Minister Semenov made the following statement: In an effort to accommodate the wishes of the U.S. side, the Soviet Delegation is prepared to proceed on the basis that the two sides will in fact observe the obligations of both the Interim Agreement and the ABM Treaty beginning from the date of signature of these two documents. In reply, the U.S. Delegation made the following statement on May 20, 1972: The United States agrees in principle with the Soviet statement made on May 6 concerning observance of obligations beginning from date of signature but we would like to make clear our understanding that this means that, pending ratification and acceptance, neither side would take any action prohibited by the agreements after they had entered into force. This understanding would continue to apply in the absence of notification by either signatory of its intention not to proceed with ratification or approval. The Soviet Delegation indicated agreement with the U.S. statement.",0.0,,,explosive ordnance,0,Military ordnance; purely military,2001,Amendment to the Convention on Prohibitions or Restrictions on the Use of Certain Conventional Weapons which may be deemed to be Excessively Injurious or to have Indiscriminate Effects,Amendment to the Convention on Certain Conventional Weapons,"Multilateral, Conventional Weapons",,,0,,,2,3.0,,0,1.0,2001-12-21,,,1.0,2004-05-18,,,0.0,2,0.0,,0.0,"Convention on Prohibitions or Restrictions on the Use of Certain Conventional Weapons Which May Be Deemed to Be Excessively Injurious or to Have Indiscriminate Effects. 1980. Accessed 24082023. https.//treaties.unoda.org/t/ccwc. Article 1.a. At any time after the entry into force of this Convention any High Contracting Party may propose amendments to this Convention or any annexed Protocol by which it is bound. Any proposal for an amendment shall be communicated to the Depositary, who shall notify it to all the High Contracting Parties and shall seek their views on whether a conference should be convened to consider the proposal. If a majority, that shall not be less than eighteen of the High Contracting Parties, so agree, he shall promptly convene a conference to which all High Contracting Parties shall be invited. States not parties to this Convention shall be invited to the conference as observers.",,3.0,,,0.0,
190005,1.0,anti-personel mines other than remotely delivered mine,,,0,0,0,0,0,0,0,0,0,0,0,0,0,0,1,1,0,0.0,,,"Assumed directly upon entry into force. Comment: Common understaninding May 6, 1972, Minister Semenov made the following statement: In an effort to accommodate the wishes of the U.S. side, the Soviet Delegation is prepared to proceed on the basis that the two sides will in fact observe the obligations of both the Interim Agreement and the ABM Treaty beginning from the date of signature of these two documents. In reply, the U.S. Delegation made the following statement on May 20, 1972: The United States agrees in principle with the Soviet statement made on May 6 concerning observance of obligations beginning from date of signature but we would like to make clear our understanding that this means that, pending ratification and acceptance, neither side would take any action prohibited by the agreements after they had entered into force. This understanding would continue to apply in the absence of notification by either signatory of its intention not to proceed with ratification or approval. The Soviet Delegation indicated agreement with the U.S. statement.",0.0,,,anti-personel mines other than remotely delivered mine,0,Ottawa Treaty prohibition; purely military,1996,"Protocol on Prohibitions or Restrictions on the Use of Mines, BoobyTraps and Other Devices as amended on 3 May 1996","Protocol II(Amended) on Mines, BoobyTraps and Other Devices","Multilateral, Conventional Weapons",,,0,,,2,3.0,,0,1.0,1996-05-03,,,1.0,1998-03-12,,,0.0,2,1.0,,0.0,"Convention on Prohibitions or Restrictions on the Use of Certain Conventional Weapons Which May Be Deemed to Be Excessively Injurious or to Have Indiscriminate Effects. 1980. Accessed 24082023. https.//treaties.unoda.org/t/ccwc. Article 1.a. At any time after the entry into force of this Convention any High Contracting Party may propose amendments to this Convention or any annexed Protocol by which it is bound. Any proposal for an amendment shall be communicated to the Depositary, who shall notify it to all the High Contracting Parties and shall seek their views on whether a conference should be convened to consider the proposal. If a majority, that shall not be less than eighteen of the High Contracting Parties, so agree, he shall promptly convene a conference to which all High Contracting Parties shall be invited. States not parties to this Convention shall be invited to the conference as observers.",,3.0,,,0.0,
190005,1.0,remotely delivered mine,,,0,0,0,0,0,0,0,0,0,0,0,0,0,0,1,1,0,0.0,,,"Assumed directly upon entry into force. Comment: Common understaninding May 6, 1972, Minister Semenov made the following statement: In an effort to accommodate the wishes of the U.S. side, the Soviet Delegation is prepared to proceed on the basis that the two sides will in fact observe the obligations of both the Interim Agreement and the ABM Treaty beginning from the date of signature of these two documents. In reply, the U.S. Delegation made the following statement on May 20, 1972: The United States agrees in principle with the Soviet statement made on May 6 concerning observance of obligations beginning from date of signature but we would like to make clear our understanding that this means that, pending ratification and acceptance, neither side would take any action prohibited by the agreements after they had entered into force. This understanding would continue to apply in the absence of notification by either signatory of its intention not to proceed with ratification or approval. The Soviet Delegation indicated agreement with the U.S. statement.",0.0,,,remotely delivered mine,0,CCW restriction; purely military,1996,"Protocol on Prohibitions or Restrictions on the Use of Mines, BoobyTraps and Other Devices as amended on 3 May 1996","Protocol II(Amended) on Mines, BoobyTraps and Other Devices","Multilateral, Conventional Weapons",,,0,,,2,3.0,,0,1.0,1996-05-03,,,1.0,1998-03-12,,,0.0,2,1.0,,0.0,"Convention on Prohibitions or Restrictions on the Use of Certain Conventional Weapons Which May Be Deemed to Be Excessively Injurious or to Have Indiscriminate Effects. 1980. Accessed 24082023. https.//treaties.unoda.org/t/ccwc. Article 1.a. At any time after the entry into force of this Convention any High Contracting Party may propose amendments to this Convention or any annexed Protocol by which it is bound. Any proposal for an amendment shall be communicated to the Depositary, who shall notify it to all the High Contracting Parties and shall seek their views on whether a conference should be convened to consider the proposal. If a majority, that shall not be less than eighteen of the High Contracting Parties, so agree, he shall promptly convene a conference to which all High Contracting Parties shall be invited. States not parties to this Convention shall be invited to the conference as observers.",,3.0,,,0.0,
20,1.0,capital ship,"A capital ship, in the case of ships hereafter built, is defined as a vessel of war, not an aircraft carrier, whose displacement exceeds 10,000 tons (10,160 metric tons) standard displacement, or which carries a gun with a calibre exceeding 8 inches (203 millimetres). | A capital ship, in the case of ships hereafter built, is defined as a vessel of war, not an aircraft carrier,whose displacement exceeds 10,000 tons (10,160 metric tons) standard displacement, or which carries a gun with a calibre exceeding 8 inches (203 millimetres).","Ibid. Chapter II. Part 4. | No definition in this treaty. Definition taken from the Washington Treaty   London Naval Treaty is a continuation of the Washington treaty. A TREATY BETWEEN THE UNITED STATES OF AMERICA, THE BRITISH EMPIRE, FRANCE, ITALY, AND JAPAN, LIMITING NAVAL ARMAMENT. 1922. The American Journal of International Law, vol. 16, no. 2, 1922, pp. 41-56. JSTOR, https://doi.org/10.2307/2213014. Accessed September 14, 2023.",0,0,0,0,0,0,0,0,0,1,0,1,1,0,0,0,0,0.0,,,"Assumed directly upon entry into force. Comment: Common understaninding May 6, 1972, Minister Semenov made the following statement: In an effort to accommodate the wishes of the U.S. side, the Soviet Delegation is prepared to proceed on the basis that the two sides will in fact observe the obligations of both the Interim Agreement and the ABM Treaty beginning from the date of signature of these two documents. In reply, the U.S. Delegation made the following statement on May 20, 1972: The United States agrees in principle with the Soviet statement made on May 6 concerning observance of obligations beginning from date of signature but we would like to make clear our understanding that this means that, pending ratification and acceptance, neither side would take any action prohibited by the agreements after they had entered into force. This understanding would continue to apply in the absence of notification by either signatory of its intention not to proceed with ratification or approval. The Soviet Delegation indicated agreement with the U.S. statement.",0.0,,,capital ship,0,Washington Naval Treaty category; military vessel,1922,Washington Naval Treaty,"Five Power Treaty, Naval Limitation Treaty","Multilateral, Conventional Weapons",0.0,,0,,,2,3.0,1922-02-06,3,99.0,,,"The United Kingdom of Great Britain and Northern Ireland(1922-02-06), France(1922-02-06), Italy(1922-02-06), Japan(1922-02-06), The United States of America(1922-02-06)",1.0,1923-08-17,,,5.0,2,0.0,"France(no date), Italy(no date)",0.0,Ibid. Article XXI.,3.0,0.0,,3,1.0,Japan(1934-12-29)
301,1.0,capital ship,"A capital ship, in the case of ships hereafter built, is defined as a vessel of war, not an aircraft carrier, whose displacement exceeds 10,000 tons (10,160 metric tons) standard displacement, or which carries a gun with a calibre exceeding 8 inches (203 millimetres). | A capital ship, in the case of ships hereafter built, is defined as a vessel of war, not an aircraft carrier,whose displacement exceeds 10,000 tons (10,160 metric tons) standard displacement, or which carries a gun with a calibre exceeding 8 inches (203 millimetres).","Ibid. Chapter II. Part 4. | No definition in this treaty. Definition taken from the Washington Treaty   London Naval Treaty is a continuation of the Washington treaty. A TREATY BETWEEN THE UNITED STATES OF AMERICA, THE BRITISH EMPIRE, FRANCE, ITALY, AND JAPAN, LIMITING NAVAL ARMAMENT. 1922. The American Journal of International Law, vol. 16, no. 2, 1922, pp. 41-56. JSTOR, https://doi.org/10.2307/2213014. Accessed September 14, 2023.",0,0,0,0,0,0,0,0,0,1,0,1,1,0,0,0,0,0.0,,,"Assumed directly upon entry into force. Comment: Common understaninding May 6, 1972, Minister Semenov made the following statement: In an effort to accommodate the wishes of the U.S. side, the Soviet Delegation is prepared to proceed on the basis that the two sides will in fact observe the obligations of both the Interim Agreement and the ABM Treaty beginning from the date of signature of these two documents. In reply, the U.S. Delegation made the following statement on May 20, 1972: The United States agrees in principle with the Soviet statement made on May 6 concerning observance of obligations beginning from date of signature but we would like to make clear our understanding that this means that, pending ratification and acceptance, neither side would take any action prohibited by the agreements after they had entered into force. This understanding would continue to apply in the absence of notification by either signatory of its intention not to proceed with ratification or approval. The Soviet Delegation indicated agreement with the U.S. statement.",0.0,,,capital ship,0,Washington Naval Treaty category; military vessel,1930,Treaty for the Limitation and Reduction of Naval Armament,London Naval Treaty,"Multilateral, Conventional Weapons",0.0,,0,,,2,3.0,1930-04-22,3,99.0,,,"Commonwealth of Australia(1930-04-22), Dominion of Canada(1930-04-22), Dominion of New Zealand(1930-04-22), India(1930-04-22), Irish Free State(1930-04-22), Japan(1930-04-22), South Africa(1930-04-22), The United Kingdom of Great Britain and Northern Ireland(1930-04-22), The United States of America(1930-04-22)",1.0,1930-10-27,,,9.0,2,0.0,,2.0,,,3.0,,,0.0,
20,1.0,merchant ship,,,0,0,0,0,0,0,0,0,0,1,0,0,0,0,0,0,0,0.0,,,"Assumed directly upon entry into force. Comment: Common understaninding May 6, 1972, Minister Semenov made the following statement: In an effort to accommodate the wishes of the U.S. side, the Soviet Delegation is prepared to proceed on the basis that the two sides will in fact observe the obligations of both the Interim Agreement and the ABM Treaty beginning from the date of signature of these two documents. In reply, the U.S. Delegation made the following statement on May 20, 1972: The United States agrees in principle with the Soviet statement made on May 6 concerning observance of obligations beginning from date of signature but we would like to make clear our understanding that this means that, pending ratification and acceptance, neither side would take any action prohibited by the agreements after they had entered into force. This understanding would continue to apply in the absence of notification by either signatory of its intention not to proceed with ratification or approval. The Soviet Delegation indicated agreement with the U.S. statement.",0.0,,,merchant ship,0,Civilian vessel; not a weapons category with dual-use status in this list context,1922,Washington Naval Treaty,"Five Power Treaty, Naval Limitation Treaty","Multilateral, Conventional Weapons",0.0,,0,,,2,3.0,1922-02-06,3,99.0,,,"The United Kingdom of Great Britain and Northern Ireland(1922-02-06), France(1922-02-06), Italy(1922-02-06), Japan(1922-02-06), The United States of America(1922-02-06)",1.0,1923-08-17,,,5.0,2,0.0,"France(no date), Italy(no date)",0.0,Ibid. Article XXI.,3.0,0.0,,3,1.0,Japan(1934-12-29)
302,1.0,merchant ship,,,0,0,0,0,0,0,0,0,0,1,0,0,0,0,0,0,0,0.0,,,"Assumed directly upon entry into force. Comment: Common understaninding May 6, 1972, Minister Semenov made the following statement: In an effort to accommodate the wishes of the U.S. side, the Soviet Delegation is prepared to proceed on the basis that the two sides will in fact observe the obligations of both the Interim Agreement and the ABM Treaty beginning from the date of signature of these two documents. In reply, the U.S. Delegation made the following statement on May 20, 1972: The United States agrees in principle with the Soviet statement made on May 6 concerning observance of obligations beginning from date of signature but we would like to make clear our understanding that this means that, pending ratification and acceptance, neither side would take any action prohibited by the agreements after they had entered into force. This understanding would continue to apply in the absence of notification by either signatory of its intention not to proceed with ratification or approval. The Soviet Delegation indicated agreement with the U.S. statement.",0.0,,,merchant ship,0,Civilian vessel; not a weapons category with dual-use status in this list context,1936,"Treaty betweenThe British Empire, The United States of America, and France, for the Limitation of Naval Armaments","Second London Naval Treaty, The 1936 London Naval Treaty","Multilateral, Conventional Weapons",0.0,,0,,,2,3.0,1936-05-25,5,99.0,,,"France(1936-03-25),The United Kingdom of Great Britain and Northern Ireland(1936-03-25), The United States of America(1936-03-25)",0.0,,,,,2,0.0,,0.0,"Ibid. Article XXIV. On the cessation of hostilities, the High Contracting Parties shall consult together with a view to fixing a date upon which the obligations of the Treaty which have been suspended shall again become operative, and to agreeing upon any amendments in the present Treaty which may be considered necessary.",5.0,3.0,,,0.0,
20,1.0,aircraft carrier,"Aircraft carriers are surface vessels of war, whatever their displacement, designed or adapted primarily for the purpose of carrying and operating aircraft at sea. The fitting of a landing on or flying off deck on any vessel of war, provided such vessel has not been designed or adapted primarily for the purpose of carrying and operating aircraft at sea, shall not cause any vessel so fitted to be classified in the category of aircraft carriers.The category of aircraft carriers is divided into two sub categories as follows:(a) Vessels fitted with a flight deck, from which aircraft can take off, or on which aircraft can land from the air;(b) Vessels not fitted with a flight deck as described in (a) above. | An aircraft carrier is defined as a vessel of war with a displacement in excess of 10,000 tons (10,160 metric tons) standard displacement designed for the specific and exclusive purpose of carrying aircraft. It must be so constructed that aircraft can be launched therefrom and landed thereon, and not designed and constructed for carrying a more powerful armament than that allowed to it under Article IX or Article X as the case may be. | The expression aircraft carrier includes any surface vessel of war, whatever its displacement, designed for the specific and exclusive purpose of carrying aircraft and so constructed that aircraft can be launchedtherefrom and landed thereon.","Ibid I:B: Aircraft carriers are surface vessels of war, whatever their displacement, designed or adapted primarily for the purpose of carrying and operating aircraft at sea. The fitting of a landing on or flying off deck on any vessel of war, provided such vessel has not been designed or adapted primarily for the purpose of carrying and operating aircraft at sea, shall not cause any vessel so fitted to be classified in the category of aircraft carriers.The category of aircraft carriers is divided into two sub categories as follows:(a) Vessels fitted with a flight deck, from which aircraft can take off, or on which aircraft can land from the air;(b) Vessels not fitted with a flight deck as described in (a) above. | Ibid. Article 3:1. | Ibid. Chapter II. Part 4.",0,0,0,0,0,0,0,0,0,0,0,1,1,0,0,0,0,0.0,,,"Assumed directly upon entry into force. Comment: Common understaninding May 6, 1972, Minister Semenov made the following statement: In an effort to accommodate the wishes of the U.S. side, the Soviet Delegation is prepared to proceed on the basis that the two sides will in fact observe the obligations of both the Interim Agreement and the ABM Treaty beginning from the date of signature of these two documents. In reply, the U.S. Delegation made the following statement on May 20, 1972: The United States agrees in principle with the Soviet statement made on May 6 concerning observance of obligations beginning from date of signature but we would like to make clear our understanding that this means that, pending ratification and acceptance, neither side would take any action prohibited by the agreements after they had entered into force. This understanding would continue to apply in the absence of notification by either signatory of its intention not to proceed with ratification or approval. The Soviet Delegation indicated agreement with the U.S. statement.",0.0,,,aircraft carrier,0,Military vessel; on military goods list,1922,Washington Naval Treaty,"Five Power Treaty, Naval Limitation Treaty","Multilateral, Conventional Weapons",0.0,,0,,,2,3.0,1922-02-06,3,99.0,,,"The United Kingdom of Great Britain and Northern Ireland(1922-02-06), France(1922-02-06), Italy(1922-02-06), Japan(1922-02-06), The United States of America(1922-02-06)",1.0,1923-08-17,,,5.0,2,0.0,"France(no date), Italy(no date)",0.0,Ibid. Article XXI.,3.0,0.0,,3,1.0,Japan(1934-12-29)
301,1.0,aircraft carrier,"Aircraft carriers are surface vessels of war, whatever their displacement, designed or adapted primarily for the purpose of carrying and operating aircraft at sea. The fitting of a landing on or flying off deck on any vessel of war, provided such vessel has not been designed or adapted primarily for the purpose of carrying and operating aircraft at sea, shall not cause any vessel so fitted to be classified in the category of aircraft carriers.The category of aircraft carriers is divided into two sub categories as follows:(a) Vessels fitted with a flight deck, from which aircraft can take off, or on which aircraft can land from the air;(b) Vessels not fitted with a flight deck as described in (a) above. | An aircraft carrier is defined as a vessel of war with a displacement in excess of 10,000 tons (10,160 metric tons) standard displacement designed for the specific and exclusive purpose of carrying aircraft. It must be so constructed that aircraft can be launched therefrom and landed thereon, and not designed and constructed for carrying a more powerful armament than that allowed to it under Article IX or Article X as the case may be. | The expression aircraft carrier includes any surface vessel of war, whatever its displacement, designed for the specific and exclusive purpose of carrying aircraft and so constructed that aircraft can be launchedtherefrom and landed thereon.","Ibid I:B: Aircraft carriers are surface vessels of war, whatever their displacement, designed or adapted primarily for the purpose of carrying and operating aircraft at sea. The fitting of a landing on or flying off deck on any vessel of war, provided such vessel has not been designed or adapted primarily for the purpose of carrying and operating aircraft at sea, shall not cause any vessel so fitted to be classified in the category of aircraft carriers.The category of aircraft carriers is divided into two sub categories as follows:(a) Vessels fitted with a flight deck, from which aircraft can take off, or on which aircraft can land from the air;(b) Vessels not fitted with a flight deck as described in (a) above. | Ibid. Article 3:1. | Ibid. Chapter II. Part 4.",0,0,0,0,0,0,0,0,0,0,0,1,1,0,0,0,0,0.0,,,"Assumed directly upon entry into force. Comment: Common understaninding May 6, 1972, Minister Semenov made the following statement: In an effort to accommodate the wishes of the U.S. side, the Soviet Delegation is prepared to proceed on the basis that the two sides will in fact observe the obligations of both the Interim Agreement and the ABM Treaty beginning from the date of signature of these two documents. In reply, the U.S. Delegation made the following statement on May 20, 1972: The United States agrees in principle with the Soviet statement made on May 6 concerning observance of obligations beginning from date of signature but we would like to make clear our understanding that this means that, pending ratification and acceptance, neither side would take any action prohibited by the agreements after they had entered into force. This understanding would continue to apply in the absence of notification by either signatory of its intention not to proceed with ratification or approval. The Soviet Delegation indicated agreement with the U.S. statement.",0.0,,,aircraft carrier,0,Military vessel; on military goods list,1930,Treaty for the Limitation and Reduction of Naval Armament,London Naval Treaty,"Multilateral, Conventional Weapons",0.0,,0,,,2,3.0,1930-04-22,3,99.0,,,"Commonwealth of Australia(1930-04-22), Dominion of Canada(1930-04-22), Dominion of New Zealand(1930-04-22), India(1930-04-22), Irish Free State(1930-04-22), Japan(1930-04-22), South Africa(1930-04-22), The United Kingdom of Great Britain and Northern Ireland(1930-04-22), The United States of America(1930-04-22)",1.0,1930-10-27,,,9.0,2,0.0,,2.0,,,3.0,,,0.0,
302,1.0,aircraft carrier,"Aircraft carriers are surface vessels of war, whatever their displacement, designed or adapted primarily for the purpose of carrying and operating aircraft at sea. The fitting of a landing on or flying off deck on any vessel of war, provided such vessel has not been designed or adapted primarily for the purpose of carrying and operating aircraft at sea, shall not cause any vessel so fitted to be classified in the category of aircraft carriers.The category of aircraft carriers is divided into two sub categories as follows:(a) Vessels fitted with a flight deck, from which aircraft can take off, or on which aircraft can land from the air;(b) Vessels not fitted with a flight deck as described in (a) above. | An aircraft carrier is defined as a vessel of war with a displacement in excess of 10,000 tons (10,160 metric tons) standard displacement designed for the specific and exclusive purpose of carrying aircraft. It must be so constructed that aircraft can be launched therefrom and landed thereon, and not designed and constructed for carrying a more powerful armament than that allowed to it under Article IX or Article X as the case may be. | The expression aircraft carrier includes any surface vessel of war, whatever its displacement, designed for the specific and exclusive purpose of carrying aircraft and so constructed that aircraft can be launchedtherefrom and landed thereon.","Ibid I:B: Aircraft carriers are surface vessels of war, whatever their displacement, designed or adapted primarily for the purpose of carrying and operating aircraft at sea. The fitting of a landing on or flying off deck on any vessel of war, provided such vessel has not been designed or adapted primarily for the purpose of carrying and operating aircraft at sea, shall not cause any vessel so fitted to be classified in the category of aircraft carriers.The category of aircraft carriers is divided into two sub categories as follows:(a) Vessels fitted with a flight deck, from which aircraft can take off, or on which aircraft can land from the air;(b) Vessels not fitted with a flight deck as described in (a) above. | Ibid. Article 3:1. | Ibid. Chapter II. Part 4.",0,0,0,0,0,0,0,0,0,0,0,1,1,0,0,0,0,0.0,,,"Assumed directly upon entry into force. Comment: Common understaninding May 6, 1972, Minister Semenov made the following statement: In an effort to accommodate the wishes of the U.S. side, the Soviet Delegation is prepared to proceed on the basis that the two sides will in fact observe the obligations of both the Interim Agreement and the ABM Treaty beginning from the date of signature of these two documents. In reply, the U.S. Delegation made the following statement on May 20, 1972: The United States agrees in principle with the Soviet statement made on May 6 concerning observance of obligations beginning from date of signature but we would like to make clear our understanding that this means that, pending ratification and acceptance, neither side would take any action prohibited by the agreements after they had entered into force. This understanding would continue to apply in the absence of notification by either signatory of its intention not to proceed with ratification or approval. The Soviet Delegation indicated agreement with the U.S. statement.",0.0,,,aircraft carrier,0,Military vessel; on military goods list,1936,"Treaty betweenThe British Empire, The United States of America, and France, for the Limitation of Naval Armaments","Second London Naval Treaty, The 1936 London Naval Treaty","Multilateral, Conventional Weapons",0.0,,0,,,2,3.0,1936-05-25,5,99.0,,,"France(1936-03-25),The United Kingdom of Great Britain and Northern Ireland(1936-03-25), The United States of America(1936-03-25)",0.0,,,,,2,0.0,,0.0,"Ibid. Article XXIV. On the cessation of hostilities, the High Contracting Parties shall consult together with a view to fixing a date upon which the obligations of the Treaty which have been suspended shall again become operative, and to agreeing upon any amendments in the present Treaty which may be considered necessary.",5.0,3.0,,,0.0,
20,1.0,vessels of war other than a captial ship or arcraft carrier,,,0,0,0,0,0,0,0,0,0,0,0,1,1,0,0,0,0,0.0,,,"Assumed directly upon entry into force. Comment: Common understaninding May 6, 1972, Minister Semenov made the following statement: In an effort to accommodate the wishes of the U.S. side, the Soviet Delegation is prepared to proceed on the basis that the two sides will in fact observe the obligations of both the Interim Agreement and the ABM Treaty beginning from the date of signature of these two documents. In reply, the U.S. Delegation made the following statement on May 20, 1972: The United States agrees in principle with the Soviet statement made on May 6 concerning observance of obligations beginning from date of signature but we would like to make clear our understanding that this means that, pending ratification and acceptance, neither side would take any action prohibited by the agreements after they had entered into force. This understanding would continue to apply in the absence of notification by either signatory of its intention not to proceed with ratification or approval. The Soviet Delegation indicated agreement with the U.S. statement.",0.0,,,vessels of war other than a captial ship or arcraft carrier,0,Military vessels; on military goods list,1922,Washington Naval Treaty,"Five Power Treaty, Naval Limitation Treaty","Multilateral, Conventional Weapons",0.0,,0,,,2,3.0,1922-02-06,3,99.0,,,"The United Kingdom of Great Britain and Northern Ireland(1922-02-06), France(1922-02-06), Italy(1922-02-06), Japan(1922-02-06), The United States of America(1922-02-06)",1.0,1923-08-17,,,5.0,2,0.0,"France(no date), Italy(no date)",0.0,Ibid. Article XXI.,3.0,0.0,,3,1.0,Japan(1934-12-29)
20,1.0,vessels of war,,,0,0,0,0,0,0,0,0,0,0,0,1,0,0,1,1,0,0.0,,,"Assumed directly upon entry into force. Comment: Common understaninding May 6, 1972, Minister Semenov made the following statement: In an effort to accommodate the wishes of the U.S. side, the Soviet Delegation is prepared to proceed on the basis that the two sides will in fact observe the obligations of both the Interim Agreement and the ABM Treaty beginning from the date of signature of these two documents. In reply, the U.S. Delegation made the following statement on May 20, 1972: The United States agrees in principle with the Soviet statement made on May 6 concerning observance of obligations beginning from date of signature but we would like to make clear our understanding that this means that, pending ratification and acceptance, neither side would take any action prohibited by the agreements after they had entered into force. This understanding would continue to apply in the absence of notification by either signatory of its intention not to proceed with ratification or approval. The Soviet Delegation indicated agreement with the U.S. statement.",0.0,,,vessels of war,0,Military vessels; on military goods list,1922,Washington Naval Treaty,"Five Power Treaty, Naval Limitation Treaty","Multilateral, Conventional Weapons",0.0,,0,,,2,3.0,1922-02-06,3,99.0,,,"The United Kingdom of Great Britain and Northern Ireland(1922-02-06), France(1922-02-06), Italy(1922-02-06), Japan(1922-02-06), The United States of America(1922-02-06)",1.0,1923-08-17,,,5.0,2,0.0,"France(no date), Italy(no date)",0.0,Ibid. Article XXI.,3.0,0.0,,3,1.0,Japan(1934-12-29)
270,1.0,artillery,"The term artillery means large calibre systems capable of engaging ground targets by delivering primarily indirect fire. Such artillery systems provide the essential indirect fire support to combined arms formations.Large calibre artillery systems are guns, howitzers, artillery pieces combining the characteristics of guns and howitzers, mortars and multiple launch rocket systems with a calibre of 100 millimeters and above. In addition, any future large calibre direct fire system which has a secondary effective indirect fire capability shall be counted against the artillery ceilings.","Ibid. Article II:1:F: The term artillery means large calibre systems capable of engaging ground targets by delivering primarily indirect fire. Such artillery systems provide the essential indirect fire support to combined arms formations.Large calibre artillery systems are guns, howitzers, artillery pieces combining the characteristics of guns and howitzers, mortars and multiple launch rocket systems with a calibre of 100 millimeters and above. In addition, any future large calibre direct fire system which has a secondary effective indirect fire capability shall be counted against the artillery ceilings.",0,0,0,0,0,0,0,0,0,0,0,0,0,1,0,0,0,1.0,40 months,,"Ibid. Article IV:1 6: 1. Within the area of application, as defined in Article II, each State Party shall limit and, as necessary, reduce its battle tanks, armoured combat vehicles, artillery, combat aircraft and attack helicopters so that, 40 months after entry into force of this Treaty and thereafter, for the group of States Parties to which it belongs, as defined in Article II, the aggregate numbers do not exceed:(a) 20,000 battle tanks, of which no more than 16,500 shall be in active units;(B) 30,000 armoured combat vehicles, of which no more than 27,300 shall be in active units. Of the 30,000 armoured combat vehicles, no more than 18,000 shall be armoured infantry fighting vehicles and heavy armament combat vehicles; of armoured infantry fighting vehicles and heavy armament combat vehicles, no more than 1,500 shall be heavy armament combat vehicles;(C) 20,000 pieces of artillery, of which no more than 17,000 shall be in active units;(D) 6,800 combat aircraft; and(E) 2,000 attack helicopters.Battle tanks, armoured combat vehicles and artillery not in active units shall be placed in designated permanent storage sites, as defined in Article II, and shall be located only in the area described in paragraph 2 of this Article. Such designated permanent storage sites may also be located in that part of the territory of the Union of Soviet Socialist Republics comprising the Odessa Military District and the southern part of the Leningrad Military District. In the Odessa Military District, no more than 400 battle tanks and no more than 500 pieces of artillery may be thus stored. In the southern part of the Leningrad Military District, no more than 600 battle tanks, no more than 800 armoured combat vehicles, including no more than 300 armoured combat vehicles of any type with the remaining number consisting of armoured personnel carriers, and no more than 400 pieces of artillery may be thus stored. The southern part of the Leningrad Military District is understood to mean the territory within that military district south of the line East West 60 degrees 15 minutes northern latitude.2. Within the area consisting of the entire land territory in Europe, which includes all the European island territories, of the Kingdom of Belgium, the Czech and Slovak Federal Republic, the Kingdom of Denmark including the Faroe Islands, the French Republic, the Federal Republic of Germany, the Republic of Hungary, the Italian Republic, the Grand Duchy of Luxembourg, the Kingdom of the Netherlands, the Republic of Poland, the Portuguese Republic including the islands of Azores and Madeira, the Kingdom of Spain including the Canary Islands, the United Kingdom of Great Britain and Northern Ireland and that part of the territory of the Union of Soviet Socialist Republics west of the Ural Mountains comprising the Baltic, Byelorussian, Carpathian, Kiev, Moscow and Volga Ural Military Districts, each State Party shall limit and, as necessary, reduce its battle tanks, armoured combat vehicles and artillery so that, 40 months after entry into force of this Treaty and thereafter, for the group of States Parties to which it belongs the aggregate numbers do not exceed:(a) 15,300 battle tanks, of which no more than 11,800 shall be in active units;(B) 24,100 armoured combat vehicles, of which no more than 21,400 shall be in active units; and(C) 14,000 pieces of artillery, of which no more than 11,000 shall be in active units.3. Within the area consisting of the entire land territory in Europe, which includes all the European island territories, of the Kingdom of Belgium, the Czech and Slovak Federal Republic, the Kingdom of Denmark including the Faroe Islands, the French Republic, the Federal Republic of Germany, the Republic of Hungary, the Italian Republic, the Grand Duchy of Luxembourg, the Kingdom of the Netherlands, the Republic of Poland, the United Kingdom of Great Britain and Northern Ireland and that part of the territory of the Union of Soviet Socialist Republics comprising the Baltic, Byelorussian, Carpathian and Kiev Military Districts, each State Party shall limit and, as necessary, reduce its battle tanks, armoured combat vehicles and artillery so that, 40 months after entry into force of this Treaty and thereafter, for the group of States Parties to which it belongs the aggregate numbers in active units do not exceed:(a) 10,300 battle tanks;(B) 19,260 armoured combat vehicles; and(C) 9,100 pieces of artillery; and(D) in the Kiev Military District, the aggregate numbers in active units and designated permanent storage sites together shall not exceed:(1) 2,250 battle tanks;(2) 2,500 armoured combat vehicles; and(3) 1,500 pieces of artillery.4. Within the area consisting of the entire land territory in Europe, which includes all the European island territories, of the Kingdom of Belgium, the Czech and Slovak Federal Republic, the Federal Republic of Germany, the Republic of Hungary, the Grand Duchy of Luxembourg, the Kingdom of the Netherlands and the Republic of Poland, each State Party shall limit and, as necessary, reduce its battle tanks, armoured combat vehicles and artillery so that, 40 months after entry into force of this Treaty and thereafter, for the group of States Parties to which it belongs the aggregate numbers in active units do not exceed:(a) 7,500 battle tanks;(B) 11,250 armoured combat vehicles; and(C) 5,000 pieces of artillery.5. States Parties belonging to the same group of States Parties may locate battle tanks, armoured combat vehicles and artillery in active units in each of the areas described in this Article and Article V, paragraph 1, subparagraph (a) up to the numerical limitations applying in that area, consistent with the maximum levels for holdings notified pursuant to Article VII and provided that no State Party stations conventional armed forces on the territory of another State Party without the agreement of that State Party.6. If a group of States Parties' aggregate numbers of battle tanks, armoured combat vehicles and artillery in active units within the area described in paragraph 4 of this Article are less than the numerical limitations set forth in paragraph 4 of this Article, and provided that no State Party is thereby prevented from reaching its maximum levels for holdings notified in accordance with Article VII, paragraphs 2, 3 and 5, then amounts equal to the difference between the aggregate numbers in each of the categories of battle tanks, armoured combat vehicles and artillery and the specified numerical limitations for that area may be located by States Parties belonging to that group of States Parties in the area described in paragraph 3 of this Article, consistent with the numerical limitations specified in paragraph 3 of this Article. Article V:1: 1. To ensure that the security of each State Party is not affected adversely at any stage:(a) within the area consisting of the entire land territory in Europe, which includes all the European island territories, of the Republic of Bulgaria, the Hellenic Republic, the Republic of Iceland, the Kingdom of Norway, Romania, the part of the Republic of Turkey within the area of application and that part of the Union of Soviet Socialist Republics comprising the Leningrad, Odessa, Transcaucasus and North Caucasus Military Districts, each State Party shall limit and, as necessary, reduce its battle tanks, armoured combat vehicles and artillery so that, 40 months after entry into force of this Treaty and thereafter, for the group of States Parties to which it belongs the aggregate numbers in active units do not exceed the difference between the overall numerical limitations set forth in Article IV, paragraph 1 and those in Article IV, paragraph 2, that is:(1) 4,700 battle tanks;(2) 5,900 armoured combat vehicles; and(3) 6,000 pieces of artillery;(B) notwithstanding the numerical limitations set forth in subparagraph (a) of this paragraph, a State Party or States Parties may on a temporary basis deploy into the territory belonging to the members of the same group of States Parties within the area described in subparagraph (a) of this paragraph additional aggregate numbers in active units for each group of States Parties not to exceed:(1) 459 battle tanks;(2) 723 armoured combat vehicles; and(3) 420 pieces of artillery; and(C) provided that for each group of States Parties no more than one third of each of these additional aggregate numbers shall be deployed to any State Party with territory within the area described in subparagraph (a) of this paragraph, that is:(1) 153 battle tanks;(2) 241 armoured combat vehicles; and(3) 140 pieces of artillery. Article VI: With the objective of ensuring that no single State Party possesses more than approximately one third of the conventional armaments and equipment limited by the Treaty within the area of application, each State Party shall limit and, as necessary, reduce its battle tanks, armoured combat vehicles, artillery, combat aircraft and attack helicopters so that, 40 months after entry into force of this Treaty and thereafter, the numbers within the area of application for that State Party do not exceed: (a) 13,300 battle tanks;(B) 20,000 armoured combat vehicles;(C) 13,700 pieces of artillery;(D) 5,150 combat aircraft; and(E) 1,500 attack helicopters.",0.0,,,artillery,0,Military weapon; on military goods list,1990,Treaty on Conventional Armed Forces in Europe,CFE,"Multilateral, Conventional Weapons",0.0,,1,2.0,"Ibid. Article II. B. The term area of application means the entire land territory of the States Parties in Europe from the Atlantic Ocean to the Ural Mountains, which includes all the European island territories of the States Parties, including the Faroe Islands of the Kingdom of Denmark, Svalbard including Bear Island of the Kingdom of Norway, the islands of Azores and Madeira of the Portuguese Republic, the Canary Islands of the Kingdom of Spain and Franz Josef Land and Novaya Zemlya of The Union of Soviet Socialist Republics. In the case of The Union of Soviet Socialist Republics, the area of application includes all territory lying west of the Ural River and the Caspian Sea. In the case of the Republic of Türkiye, the area of application includes the territory of the Republic of Türkiye north and west of a line extending from the point of intersection of the Turkish border with the 39th parallel to Muradiye, Patnos, Karayazi, Tekman, Kemaliye, Feke, Ceyhan, Dogankent, Gozne and thence to the sea.",2,3.0,1990-11-19,0,1.0,1990-11-19,,"Armenia(1990-11-19), Azerbaijan(1990-11-19), Belarus(1990-11-19), Belgium(1990-11-19), Bulgaria(1990-11-19), Canada(1990-11-19), Denmark(1990-11-19), France(1990-11-19), Georgia(1990-11-19), Germany(1990-11-19), Greece(1990-11-19), Hungary(1990-11-19), Iceland(1990-11-19), Italy(1990-11-19), Kazakhstan(1990-11-19), Luxembourg(1990-11-19), Netherlands(1990-11-19), Norway(1990-11-19), Poland(1990-11-19), Portugal(1990-11-19), Moldova(1990-11-19), Romania(1990-11-19), The Russian Federation(1990-11-19), Spain(1990-11-19), Türkiye(1990-11-19), Ukraine(1990-11-19), The United Kingdom of Great Britain and Northern Ireland(1990-11-19), The United States of America(1990-11-19)",1.0,1992-09-11,,,30.0,2,0.0,,0.0,"Ibid. Article XX. Any State Party may propose amendments to this Treaty. The text of a proposed amendment shall be submitted to the Depositary, which shall circulate it to all the States Parties.",0.0,2.0,,4,1.0,The Russian Federation(2023-11-07)
344,1.0,artillery,"The term artillery means large calibre systems capable of engaging ground targets by delivering primarily indirect fire. Such artillery systems provide the essential indirect fire support to combined arms formations.Large calibre artillery systems are guns, howitzers, artillery pieces combining the characteristics of guns and howitzers, mortars and multiple launch rocket systems with a calibre of 100 millimeters and above. In addition, any future large calibre direct fire system which has a secondary effective indirect fire capability shall be counted against the artillery ceilings.","Ibid. Article II:1:F: The term artillery means large calibre systems capable of engaging ground targets by delivering primarily indirect fire. Such artillery systems provide the essential indirect fire support to combined arms formations.Large calibre artillery systems are guns, howitzers, artillery pieces combining the characteristics of guns and howitzers, mortars and multiple launch rocket systems with a calibre of 100 millimeters and above. In addition, any future large calibre direct fire system which has a secondary effective indirect fire capability shall be counted against the artillery ceilings.",0,0,0,0,0,0,0,0,0,0,0,0,0,1,0,0,0,1.0,40 months,,"Ibid. Article IV:1 6: 1. Within the area of application, as defined in Article II, each State Party shall limit and, as necessary, reduce its battle tanks, armoured combat vehicles, artillery, combat aircraft and attack helicopters so that, 40 months after entry into force of this Treaty and thereafter, for the group of States Parties to which it belongs, as defined in Article II, the aggregate numbers do not exceed:(a) 20,000 battle tanks, of which no more than 16,500 shall be in active units;(B) 30,000 armoured combat vehicles, of which no more than 27,300 shall be in active units. Of the 30,000 armoured combat vehicles, no more than 18,000 shall be armoured infantry fighting vehicles and heavy armament combat vehicles; of armoured infantry fighting vehicles and heavy armament combat vehicles, no more than 1,500 shall be heavy armament combat vehicles;(C) 20,000 pieces of artillery, of which no more than 17,000 shall be in active units;(D) 6,800 combat aircraft; and(E) 2,000 attack helicopters.Battle tanks, armoured combat vehicles and artillery not in active units shall be placed in designated permanent storage sites, as defined in Article II, and shall be located only in the area described in paragraph 2 of this Article. Such designated permanent storage sites may also be located in that part of the territory of the Union of Soviet Socialist Republics comprising the Odessa Military District and the southern part of the Leningrad Military District. In the Odessa Military District, no more than 400 battle tanks and no more than 500 pieces of artillery may be thus stored. In the southern part of the Leningrad Military District, no more than 600 battle tanks, no more than 800 armoured combat vehicles, including no more than 300 armoured combat vehicles of any type with the remaining number consisting of armoured personnel carriers, and no more than 400 pieces of artillery may be thus stored. The southern part of the Leningrad Military District is understood to mean the territory within that military district south of the line East West 60 degrees 15 minutes northern latitude.2. Within the area consisting of the entire land territory in Europe, which includes all the European island territories, of the Kingdom of Belgium, the Czech and Slovak Federal Republic, the Kingdom of Denmark including the Faroe Islands, the French Republic, the Federal Republic of Germany, the Republic of Hungary, the Italian Republic, the Grand Duchy of Luxembourg, the Kingdom of the Netherlands, the Republic of Poland, the Portuguese Republic including the islands of Azores and Madeira, the Kingdom of Spain including the Canary Islands, the United Kingdom of Great Britain and Northern Ireland and that part of the territory of the Union of Soviet Socialist Republics west of the Ural Mountains comprising the Baltic, Byelorussian, Carpathian, Kiev, Moscow and Volga Ural Military Districts, each State Party shall limit and, as necessary, reduce its battle tanks, armoured combat vehicles and artillery so that, 40 months after entry into force of this Treaty and thereafter, for the group of States Parties to which it belongs the aggregate numbers do not exceed:(a) 15,300 battle tanks, of which no more than 11,800 shall be in active units;(B) 24,100 armoured combat vehicles, of which no more than 21,400 shall be in active units; and(C) 14,000 pieces of artillery, of which no more than 11,000 shall be in active units.3. Within the area consisting of the entire land territory in Europe, which includes all the European island territories, of the Kingdom of Belgium, the Czech and Slovak Federal Republic, the Kingdom of Denmark including the Faroe Islands, the French Republic, the Federal Republic of Germany, the Republic of Hungary, the Italian Republic, the Grand Duchy of Luxembourg, the Kingdom of the Netherlands, the Republic of Poland, the United Kingdom of Great Britain and Northern Ireland and that part of the territory of the Union of Soviet Socialist Republics comprising the Baltic, Byelorussian, Carpathian and Kiev Military Districts, each State Party shall limit and, as necessary, reduce its battle tanks, armoured combat vehicles and artillery so that, 40 months after entry into force of this Treaty and thereafter, for the group of States Parties to which it belongs the aggregate numbers in active units do not exceed:(a) 10,300 battle tanks;(B) 19,260 armoured combat vehicles; and(C) 9,100 pieces of artillery; and(D) in the Kiev Military District, the aggregate numbers in active units and designated permanent storage sites together shall not exceed:(1) 2,250 battle tanks;(2) 2,500 armoured combat vehicles; and(3) 1,500 pieces of artillery.4. Within the area consisting of the entire land territory in Europe, which includes all the European island territories, of the Kingdom of Belgium, the Czech and Slovak Federal Republic, the Federal Republic of Germany, the Republic of Hungary, the Grand Duchy of Luxembourg, the Kingdom of the Netherlands and the Republic of Poland, each State Party shall limit and, as necessary, reduce its battle tanks, armoured combat vehicles and artillery so that, 40 months after entry into force of this Treaty and thereafter, for the group of States Parties to which it belongs the aggregate numbers in active units do not exceed:(a) 7,500 battle tanks;(B) 11,250 armoured combat vehicles; and(C) 5,000 pieces of artillery.5. States Parties belonging to the same group of States Parties may locate battle tanks, armoured combat vehicles and artillery in active units in each of the areas described in this Article and Article V, paragraph 1, subparagraph (a) up to the numerical limitations applying in that area, consistent with the maximum levels for holdings notified pursuant to Article VII and provided that no State Party stations conventional armed forces on the territory of another State Party without the agreement of that State Party.6. If a group of States Parties' aggregate numbers of battle tanks, armoured combat vehicles and artillery in active units within the area described in paragraph 4 of this Article are less than the numerical limitations set forth in paragraph 4 of this Article, and provided that no State Party is thereby prevented from reaching its maximum levels for holdings notified in accordance with Article VII, paragraphs 2, 3 and 5, then amounts equal to the difference between the aggregate numbers in each of the categories of battle tanks, armoured combat vehicles and artillery and the specified numerical limitations for that area may be located by States Parties belonging to that group of States Parties in the area described in paragraph 3 of this Article, consistent with the numerical limitations specified in paragraph 3 of this Article. Article V:1: 1. To ensure that the security of each State Party is not affected adversely at any stage:(a) within the area consisting of the entire land territory in Europe, which includes all the European island territories, of the Republic of Bulgaria, the Hellenic Republic, the Republic of Iceland, the Kingdom of Norway, Romania, the part of the Republic of Turkey within the area of application and that part of the Union of Soviet Socialist Republics comprising the Leningrad, Odessa, Transcaucasus and North Caucasus Military Districts, each State Party shall limit and, as necessary, reduce its battle tanks, armoured combat vehicles and artillery so that, 40 months after entry into force of this Treaty and thereafter, for the group of States Parties to which it belongs the aggregate numbers in active units do not exceed the difference between the overall numerical limitations set forth in Article IV, paragraph 1 and those in Article IV, paragraph 2, that is:(1) 4,700 battle tanks;(2) 5,900 armoured combat vehicles; and(3) 6,000 pieces of artillery;(B) notwithstanding the numerical limitations set forth in subparagraph (a) of this paragraph, a State Party or States Parties may on a temporary basis deploy into the territory belonging to the members of the same group of States Parties within the area described in subparagraph (a) of this paragraph additional aggregate numbers in active units for each group of States Parties not to exceed:(1) 459 battle tanks;(2) 723 armoured combat vehicles; and(3) 420 pieces of artillery; and(C) provided that for each group of States Parties no more than one third of each of these additional aggregate numbers shall be deployed to any State Party with territory within the area described in subparagraph (a) of this paragraph, that is:(1) 153 battle tanks;(2) 241 armoured combat vehicles; and(3) 140 pieces of artillery. Article VI: With the objective of ensuring that no single State Party possesses more than approximately one third of the conventional armaments and equipment limited by the Treaty within the area of application, each State Party shall limit and, as necessary, reduce its battle tanks, armoured combat vehicles, artillery, combat aircraft and attack helicopters so that, 40 months after entry into force of this Treaty and thereafter, the numbers within the area of application for that State Party do not exceed: (a) 13,300 battle tanks;(B) 20,000 armoured combat vehicles;(C) 13,700 pieces of artillery;(D) 5,150 combat aircraft; and(E) 1,500 attack helicopters.",0.0,,,artillery,0,Military weapon; on military goods list,1996,Agreement on Sub-Regional Arms Control,Agreement on Sub-Regional Arms Control,"Multilateral, Conventional Weapons, Dual-use",0.0,,2,,Assumed,2,2.0,1996-06-14,0,,,1996-06-14,,1.0,1996-06-14,,,3.0,2,,,0.0,Article XIII: Any party may propose amendments to this agreement. ,0.0,0.0,,150 days,0.0,
301,1.0,heavy cruiser,"Surface vessels of war, other than capital ships or aircraft carriers, the standard displacement of which exceeds 1,850 tons (1,880 metric tons), or with a gun above 5.1 inch (130 mm.) calibre. Heavy cruiser specifically has guns of more than 6.1 inch (155 mm.) calibre.","Ibid. Article 15, 16.",0,0,0,0,0,0,0,0,0,0,0,0,0,1,0,0,0,0.0,,,"Assumed directly upon entry into force. Comment: Common understaninding May 6, 1972, Minister Semenov made the following statement: In an effort to accommodate the wishes of the U.S. side, the Soviet Delegation is prepared to proceed on the basis that the two sides will in fact observe the obligations of both the Interim Agreement and the ABM Treaty beginning from the date of signature of these two documents. In reply, the U.S. Delegation made the following statement on May 20, 1972: The United States agrees in principle with the Soviet statement made on May 6 concerning observance of obligations beginning from date of signature but we would like to make clear our understanding that this means that, pending ratification and acceptance, neither side would take any action prohibited by the agreements after they had entered into force. This understanding would continue to apply in the absence of notification by either signatory of its intention not to proceed with ratification or approval. The Soviet Delegation indicated agreement with the U.S. statement.",0.0,,,heavy cruiser,0,Military vessel (Washington Naval Treaty); purely military,1930,Treaty for the Limitation and Reduction of Naval Armament,London Naval Treaty,"Multilateral, Conventional Weapons",0.0,,0,,,2,3.0,1930-04-22,3,99.0,,,"Commonwealth of Australia(1930-04-22), Dominion of Canada(1930-04-22), Dominion of New Zealand(1930-04-22), India(1930-04-22), Irish Free State(1930-04-22), Japan(1930-04-22), South Africa(1930-04-22), The United Kingdom of Great Britain and Northern Ireland(1930-04-22), The United States of America(1930-04-22)",1.0,1930-10-27,,,9.0,2,0.0,,2.0,,,3.0,,,0.0,
301,1.0,light cruiser,"Surface vessels of war, other than capital ships or aircraft carriers, the standard displacement of which exceeds 1,850 tons (1,880 metric tons), or with a gun above 5.1 inch (130 mm.) calibre. Light cruiser specifically has guns of 6.1 inch (155 mm.) calibre or less.","Ibid. Article 15, 16.",0,0,0,0,0,0,0,0,0,0,0,0,0,1,0,0,0,0.0,,,"Assumed directly upon entry into force. Comment: Common understaninding May 6, 1972, Minister Semenov made the following statement: In an effort to accommodate the wishes of the U.S. side, the Soviet Delegation is prepared to proceed on the basis that the two sides will in fact observe the obligations of both the Interim Agreement and the ABM Treaty beginning from the date of signature of these two documents. In reply, the U.S. Delegation made the following statement on May 20, 1972: The United States agrees in principle with the Soviet statement made on May 6 concerning observance of obligations beginning from date of signature but we would like to make clear our understanding that this means that, pending ratification and acceptance, neither side would take any action prohibited by the agreements after they had entered into force. This understanding would continue to apply in the absence of notification by either signatory of its intention not to proceed with ratification or approval. The Soviet Delegation indicated agreement with the U.S. statement.",0.0,,,light cruiser,0,Military vessel (Washington Naval Treaty); purely military,1930,Treaty for the Limitation and Reduction of Naval Armament,London Naval Treaty,"Multilateral, Conventional Weapons",0.0,,0,,,2,3.0,1930-04-22,3,99.0,,,"Commonwealth of Australia(1930-04-22), Dominion of Canada(1930-04-22), Dominion of New Zealand(1930-04-22), India(1930-04-22), Irish Free State(1930-04-22), Japan(1930-04-22), South Africa(1930-04-22), The United Kingdom of Great Britain and Northern Ireland(1930-04-22), The United States of America(1930-04-22)",1.0,1930-10-27,,,9.0,2,0.0,,2.0,,,3.0,,,0.0,
8,1.0,light cruiser,"Surface vessels of war, other than capital ships or aircraft carriers, the standard displacement of which exceeds 1,850 tons (1,880 metric tons), or with a gun above 5.1 inch (130 mm.) calibre. Light cruiser specifically has guns of 6.1 inch (155 mm.) calibre or less.","Ibid. Article 15, 16.",0,0,0,0,0,0,0,0,0,0,0,0,0,1,0,0,0,0.0,,,"Assumed directly upon entry into force. Comment: Common understaninding May 6, 1972, Minister Semenov made the following statement: In an effort to accommodate the wishes of the U.S. side, the Soviet Delegation is prepared to proceed on the basis that the two sides will in fact observe the obligations of both the Interim Agreement and the ABM Treaty beginning from the date of signature of these two documents. In reply, the U.S. Delegation made the following statement on May 20, 1972: The United States agrees in principle with the Soviet statement made on May 6 concerning observance of obligations beginning from date of signature but we would like to make clear our understanding that this means that, pending ratification and acceptance, neither side would take any action prohibited by the agreements after they had entered into force. This understanding would continue to apply in the absence of notification by either signatory of its intention not to proceed with ratification or approval. The Soviet Delegation indicated agreement with the U.S. statement.",0.0,,,light cruiser,0,Military vessel (Washington Naval Treaty); purely military,1919,The Treaty of Peace between the Allied and Associated Powers and Germany,Treaty of Versailles,"Multilateral, Conventional Weapons",1.0,The armistice agreement of 1918.,1,2.0,German territories,2,3.0,1919-06-28,3,0.0,,,"Belgium(1920-01-10), Bolivia(1920-01-10), Brazil(1920-01-10), Cuba(1920-01-10), Czechoslovakia(1920-01-10), Ecuador(1920-01-10), France(1920-01-10), Germany(1920-01-10), Greece(1920-01-10), Guatemala(1920-01-10), Haiti(1920-01-10), Hejaz(1920-01-10), Honduras(1920-01-10), Italy(1920-01-10), Japan(1920-01-10), Liberia(1920-01-10), Nicaragua(1920-01-10), Panama(1920-01-10), Peru(1920-01-10), Poland(1920-01-10), Portugal(1920-01-10), Romania(1920-01-10), Serbia(1920-01-10), Thailand(1920-01-10), United Kingdom(1920-01-10), United States(1920-01-10), Uruguay(1920-01-10)",1.0,1920-01-20,,,27.0,2,0.0,,0.0,Article 19 and 26,5.0,2.0,,3,0.0,
301,1.0,destroyer,"Surface vessels of war the standard displacement of which does not exceed 1,850 tons (1,880 metric tons), and with a gun not above 5.1 inch (130mm.) calibre.",Ibid. Article 15.,0,0,0,0,0,0,0,0,0,0,0,0,0,0,0,0,0,0.0,,,Assumed directly upon force given no explicit indication otherwise,0.0,,,destroyer,0,Military vessel; purely military,1930,Treaty for the Limitation and Reduction of Naval Armament,London Naval Treaty,"Multilateral, Conventional Weapons",0.0,,0,,,2,3.0,1930-04-22,3,99.0,,,"Commonwealth of Australia(1930-04-22), Dominion of Canada(1930-04-22), Dominion of New Zealand(1930-04-22), India(1930-04-22), Irish Free State(1930-04-22), Japan(1930-04-22), South Africa(1930-04-22), The United Kingdom of Great Britain and Northern Ireland(1930-04-22), The United States of America(1930-04-22)",1.0,1930-10-27,,,9.0,2,0.0,,2.0,,,3.0,,,0.0,
8,1.0,destroyer,"Surface vessels of war the standard displacement of which does not exceed 1,850 tons (1,880 metric tons), and with a gun not above 5.1 inch (130mm.) calibre.",Ibid. Article 15.,0,0,0,0,0,0,0,0,0,0,0,0,0,0,0,0,0,0.0,,,Assumed directly upon force given no explicit indication otherwise,0.0,,,destroyer,0,Military vessel; purely military,1919,The Treaty of Peace between the Allied and Associated Powers and Germany,Treaty of Versailles,"Multilateral, Conventional Weapons",1.0,The armistice agreement of 1918.,1,2.0,German territories,2,3.0,1919-06-28,3,0.0,,,"Belgium(1920-01-10), Bolivia(1920-01-10), Brazil(1920-01-10), Cuba(1920-01-10), Czechoslovakia(1920-01-10), Ecuador(1920-01-10), France(1920-01-10), Germany(1920-01-10), Greece(1920-01-10), Guatemala(1920-01-10), Haiti(1920-01-10), Hejaz(1920-01-10), Honduras(1920-01-10), Italy(1920-01-10), Japan(1920-01-10), Liberia(1920-01-10), Nicaragua(1920-01-10), Panama(1920-01-10), Peru(1920-01-10), Poland(1920-01-10), Portugal(1920-01-10), Romania(1920-01-10), Serbia(1920-01-10), Thailand(1920-01-10), United Kingdom(1920-01-10), United States(1920-01-10), Uruguay(1920-01-10)",1.0,1920-01-20,,,27.0,2,0.0,,0.0,Article 19 and 26,5.0,2.0,,3,0.0,
302,1.0,surface vessel,,,0,0,0,0,0,0,0,0,0,1,0,0,0,0,1,0,0,0.0,,,Assumed directly upon force given no explicit indication otherwise,0.0,,,surface vessel,0,Generic vessel; as weapons category refers to military surface combatants,1936,"Treaty betweenThe British Empire, The United States of America, and France, for the Limitation of Naval Armaments","Second London Naval Treaty, The 1936 London Naval Treaty","Multilateral, Conventional Weapons",0.0,,0,,,2,3.0,1936-05-25,5,99.0,,,"France(1936-03-25),The United Kingdom of Great Britain and Northern Ireland(1936-03-25), The United States of America(1936-03-25)",0.0,,,,,2,0.0,,0.0,"Ibid. Article XXIV. On the cessation of hostilities, the High Contracting Parties shall consult together with a view to fixing a date upon which the obligations of the Treaty which have been suspended shall again become operative, and to agreeing upon any amendments in the present Treaty which may be considered necessary.",5.0,3.0,,,0.0,
302,1.0,light surface vessel,"Light surface vessels are surface vessels of war other than aircraft carriers, minor war vessels or auxiliary vessels, the standard displacement of which exceeds 100 tons (102 metric tons) and does not exceed 10,000 tons (10,160 metric tons), and which do not carry a gun with a calibre exceeding 8 in. (203 mm.).The category of light surface vessels is divided into three sub categories as follows:(a) Vessels which carry a gun with a calibre exceeding 6.1 in. (155 mm.);(b) Vessels which do not carry a gun with a calibre exceeding 6.1 in. (155 mm.) and the standard displacement of which exceeds 3,000 tons (3,048 metric tons);(c) Vessels which do not carry a gun with a calibre exceeding 6.1 in. (155 mm.) and the standard displacement of which does not exceed 3,000 tons (3,048 metric tons).","Ibid. Article I:B: Light surface vessels are surface vessels of war other than aircraft carriers, minor war vessels or auxiliary vessels, the standard displacement of which exceeds 100 tons (102 metric tons) and does not exceed 10,000 tons (10,160 metric tons), and which do not carry a gun with a calibre exceeding 8 in. (203 mm.).The category of light surface vessels is divided into three sub categories as follows:(a) Vessels which carry a gun with a calibre exceeding 6.1 in. (155 mm.);(b) Vessels which do not carry a gun with a calibre exceeding 6.1 in. (155 mm.) and the standard displacement of which exceeds 3,000 tons (3,048 metric tons);(c) Vessels which do not carry a gun with a calibre exceeding 6.1 in. (155 mm.) and the standard displacement of which does not exceed 3,000 tons (3,048 metric tons).",0,0,0,0,0,0,0,0,0,0,0,1,1,0,0,0,0,0.0,,,Assumed directly upon force given no explicit indication otherwise,0.0,,,light surface vessel,0,Military vessel category; purely military,1936,"Treaty betweenThe British Empire, The United States of America, and France, for the Limitation of Naval Armaments","Second London Naval Treaty, The 1936 London Naval Treaty","Multilateral, Conventional Weapons",0.0,,0,,,2,3.0,1936-05-25,5,99.0,,,"France(1936-03-25),The United Kingdom of Great Britain and Northern Ireland(1936-03-25), The United States of America(1936-03-25)",0.0,,,,,2,0.0,,0.0,"Ibid. Article XXIV. On the cessation of hostilities, the High Contracting Parties shall consult together with a view to fixing a date upon which the obligations of the Treaty which have been suspended shall again become operative, and to agreeing upon any amendments in the present Treaty which may be considered necessary.",5.0,3.0,,,0.0,
302,1.0,capital ships a,"Capital ships are surface vessels of war belonging to one of the two following sub categories:(a) Surface vessels of war, other than aircraft carriers, auxiliary vessels, or capital ships of sub category (b), the standard displacement of which exceeds 10,000 tons (10,160 metric tons) or which carry a gun with a calibre exceeding 8 in. (203 mm.).","Ibid. Article I:B: Capital ships are surface vessels of war belonging to one of the two following sub categories:(a) Surface vessels of war, other than aircraft carriers, auxiliary vessels, or capital ships of sub category (b), the standard displacement of which exceeds 10,000 tons (10,160 metric tons) or which carry a gun with a calibre exceeding 8 in. (203 mm.);(b) Surface vessels of war, other than aircraft carriers, the standard displacement of which does not exceed 8,000 tons (8,128 metric tons) and which carry a gun with a calibre exceeding 8 in. (203 mm.).",0,0,0,0,0,0,0,0,0,0,0,1,1,0,0,0,0,0.0,,,Assumed directly upon force given no explicit indication otherwise,0.0,,,capital ships a,0,Washington Naval Treaty category; purely military,1936,"Treaty betweenThe British Empire, The United States of America, and France, for the Limitation of Naval Armaments","Second London Naval Treaty, The 1936 London Naval Treaty","Multilateral, Conventional Weapons",0.0,,0,,,2,3.0,1936-05-25,5,99.0,,,"France(1936-03-25),The United Kingdom of Great Britain and Northern Ireland(1936-03-25), The United States of America(1936-03-25)",0.0,,,,,2,0.0,,0.0,"Ibid. Article XXIV. On the cessation of hostilities, the High Contracting Parties shall consult together with a view to fixing a date upon which the obligations of the Treaty which have been suspended shall again become operative, and to agreeing upon any amendments in the present Treaty which may be considered necessary.",5.0,3.0,,,0.0,
302,1.0,capital ships b,"Capital ships are surface vessels of war belonging to one of the two following sub categories:(b) Surface vessels of war, other than aircraft carriers, the standard displacement of which does not exceed 8,000 tons (8,128 metric tons) and which carry a gun with a calibre exceeding 8 in. (203 mm.).","Ibid. Article I:B: Capital ships are surface vessels of war belonging to one of the two following sub categories:(a) Surface vessels of war, other than aircraft carriers, auxiliary vessels, or capital ships of sub category (b), the standard displacement of which exceeds 10,000 tons (10,160 metric tons) or which carry a gun with a calibre exceeding 8 in. (203 mm.);(b) Surface vessels of war, other than aircraft carriers, the standard displacement of which does not exceed 8,000 tons (8,128 metric tons) and which carry a gun with a calibre exceeding 8 in. (203 mm.).",0,0,0,0,0,0,0,0,0,0,0,1,1,0,0,0,0,0.0,,,Assumed directly upon force given no explicit indication otherwise,0.0,,,capital ships b,0,Washington Naval Treaty category; purely military,1936,"Treaty betweenThe British Empire, The United States of America, and France, for the Limitation of Naval Armaments","Second London Naval Treaty, The 1936 London Naval Treaty","Multilateral, Conventional Weapons",0.0,,0,,,2,3.0,1936-05-25,5,99.0,,,"France(1936-03-25),The United Kingdom of Great Britain and Northern Ireland(1936-03-25), The United States of America(1936-03-25)",0.0,,,,,2,0.0,,0.0,"Ibid. Article XXIV. On the cessation of hostilities, the High Contracting Parties shall consult together with a view to fixing a date upon which the obligations of the Treaty which have been suspended shall again become operative, and to agreeing upon any amendments in the present Treaty which may be considered necessary.",5.0,3.0,,,0.0,
370,1.0,firearm,"Firearms means any barreled weapon which will or is designed to or may be readily converted to expel a bullet or projectile by the action of an explosive, except antique firearms manufactured before the 20th Century or their replicas; orb. any other weapon or destructive device such as any explosive, incendiary or gas bomb, grenade, rocket, rocket launcher, missile, missile system, or mine.","Ibid. Article 1:3: Firearms:a. any barreled weapon which will or is designed to or may be readily converted to expel a bullet or projectile by the action of an explosive, except antique firearms manufactured before the 20th Century or their replicas; orb. any other weapon or destructive device such as any explosive, incendiary or gas bomb, grenade, rocket, rocket launcher, missile, missile system, or mine.",0,0,0,0,0,0,0,0,0,0,0,1,1,0,1,0,0,0.0,,,Assumed directly upon force given no explicit indication otherwise,0.0,,,firearm,0,Small arms; on military goods list; not dual-use,1997,"InterAmerican Convention Against the Illicit Manufacturing of and Trafficking in Firearms, Ammunition, Explosives, and Other Related Materials","American Convention Against the Illicit Manufacturing of and Trafficking in Firearms, Ammunition, Explosives, and Other Related Materials","Multilateral, Conventional Weapons",0.0,,1,3.0,"Ibid. Document Info. InterAmerican Convention Against the Illicit Manufacturing of and Trafficking in Firearms, Ammunition, Explosives, and Other Related Materials.",2,3.0,1997-11-14,0,1.0,1997-11-14,,"Antigua and Barbuda(1997-11-14), Argentina(1997-11-14), Bahamas(1998-04-25), Barbados(2001-04-06), Belize(1997-11-14), Bolivia(Plurinational State of)(1997-11-14), Brazil(1997-11-14), Canada(1997-11-14), Chile(1997-11-14), Colombia(1997-11-14), Costa Rica(1997-11-14), Dominican Republic(1997-11-14), Ecuador(1997-11-14), El Salvador(1997-11-14), Grenada(1997-11-14), Guatemala(1997-11-14), Guyana(1997-11-14), Haiti(1997-11-14), Honduras(1997-11-14), Jamaica(1997-11-14), Mexico(1997-11-14), Nicaragua(1997-11-14), Panama(1997-11-14), Paraguay(1997-11-14), Peru(1997-11-14), Saint Kitts and Nevis(1997-11-14), Saint Lucia(1998-06-03), Saint Vincent and the Grenadines(1997-11-14), Suriname(1997-11-14), Trinidad and Tobago(1997-11-14), The United States of America(1997-11-14), Uruguay(1997-11-14), Venezuela(Bolivarian Republic of)(1997-11-14)",1.0,1998-01-07,,,31.0,0,1.0,,2.0,,,0.0,,1,0.0,
370,1.0,ammunition,"Ammunition: the complete round or its components, including cartridge cases, primers, propellant powder, bullets, or projectiles that are used in any firearm.","Ibid. Article 1:4: Ammunition: the complete round or its components, including cartridge cases, primers, propellant powder, bullets, or projectiles that are used in any firearm.",0,0,0,0,0,0,0,0,0,0,0,0,1,0,1,0,0,0.0,,,Assumed directly upon force given no explicit indication otherwise,0.0,,,ammunition,0,Military ammunition; not in dual-use list,1997,"InterAmerican Convention Against the Illicit Manufacturing of and Trafficking in Firearms, Ammunition, Explosives, and Other Related Materials","American Convention Against the Illicit Manufacturing of and Trafficking in Firearms, Ammunition, Explosives, and Other Related Materials","Multilateral, Conventional Weapons",0.0,,1,3.0,"Ibid. Document Info. InterAmerican Convention Against the Illicit Manufacturing of and Trafficking in Firearms, Ammunition, Explosives, and Other Related Materials.",2,3.0,1997-11-14,0,1.0,1997-11-14,,"Antigua and Barbuda(1997-11-14), Argentina(1997-11-14), Bahamas(1998-04-25), Barbados(2001-04-06), Belize(1997-11-14), Bolivia(Plurinational State of)(1997-11-14), Brazil(1997-11-14), Canada(1997-11-14), Chile(1997-11-14), Colombia(1997-11-14), Costa Rica(1997-11-14), Dominican Republic(1997-11-14), Ecuador(1997-11-14), El Salvador(1997-11-14), Grenada(1997-11-14), Guatemala(1997-11-14), Guyana(1997-11-14), Haiti(1997-11-14), Honduras(1997-11-14), Jamaica(1997-11-14), Mexico(1997-11-14), Nicaragua(1997-11-14), Panama(1997-11-14), Paraguay(1997-11-14), Peru(1997-11-14), Saint Kitts and Nevis(1997-11-14), Saint Lucia(1998-06-03), Saint Vincent and the Grenadines(1997-11-14), Suriname(1997-11-14), Trinidad and Tobago(1997-11-14), The United States of America(1997-11-14), Uruguay(1997-11-14), Venezuela(Bolivarian Republic of)(1997-11-14)",1.0,1998-01-07,,,31.0,0,1.0,,2.0,,,0.0,,1,0.0,
370,1.0,explosive,"Explosives: any substance or article that is made, manufactured, or used to produce an explosion, detonation, or propulsive or pyrotechnic effect, except:a. substances and articles that are not in and of themselves explosive; orb. substances and articles listed in the Annex to this Convention.","Ibid. Article 1:5: Explosives: any substance or article that is made, manufactured, or used to produce an explosion, detonation, or propulsive or pyrotechnic effect, except:a. substances and articles that are not in and of themselves explosive; orb. substances and articles listed in the Annex to this Convention.",0,0,0,0,0,0,0,0,0,0,0,0,1,0,1,0,0,0.0,,,Assumed directly upon force given no explicit indication otherwise,0.0,,,explosive,1,1C239 and 1A007/1A008 â high explosives and energetic materials are in the dual-use list; civilian uses in mining/demolition/construction,1997,"InterAmerican Convention Against the Illicit Manufacturing of and Trafficking in Firearms, Ammunition, Explosives, and Other Related Materials","American Convention Against the Illicit Manufacturing of and Trafficking in Firearms, Ammunition, Explosives, and Other Related Materials","Multilateral, Conventional Weapons",0.0,,1,3.0,"Ibid. Document Info. InterAmerican Convention Against the Illicit Manufacturing of and Trafficking in Firearms, Ammunition, Explosives, and Other Related Materials.",2,3.0,1997-11-14,0,1.0,1997-11-14,,"Antigua and Barbuda(1997-11-14), Argentina(1997-11-14), Bahamas(1998-04-25), Barbados(2001-04-06), Belize(1997-11-14), Bolivia(Plurinational State of)(1997-11-14), Brazil(1997-11-14), Canada(1997-11-14), Chile(1997-11-14), Colombia(1997-11-14), Costa Rica(1997-11-14), Dominican Republic(1997-11-14), Ecuador(1997-11-14), El Salvador(1997-11-14), Grenada(1997-11-14), Guatemala(1997-11-14), Guyana(1997-11-14), Haiti(1997-11-14), Honduras(1997-11-14), Jamaica(1997-11-14), Mexico(1997-11-14), Nicaragua(1997-11-14), Panama(1997-11-14), Paraguay(1997-11-14), Peru(1997-11-14), Saint Kitts and Nevis(1997-11-14), Saint Lucia(1998-06-03), Saint Vincent and the Grenadines(1997-11-14), Suriname(1997-11-14), Trinidad and Tobago(1997-11-14), The United States of America(1997-11-14), Uruguay(1997-11-14), Venezuela(Bolivarian Republic of)(1997-11-14)",1.0,1998-01-07,,,31.0,0,1.0,,2.0,,,0.0,,1,0.0,
370,3.0,related material,"Other related materials: any component, part, or replacement part of a firearm, or an accessory which can be attached to a firearm.","Ibid. Article 1:6: Other related materials: any component, part, or replacement part of a firearm, or an accessory which can be attached to a firearm.",0,0,0,0,0,0,0,0,0,0,0,0,1,0,1,0,0,0.0,,,Assumed directly upon force given no explicit indication otherwise,0.0,,,related material,0,Vague category; in context of conventional arms control refers to military materials,1997,"InterAmerican Convention Against the Illicit Manufacturing of and Trafficking in Firearms, Ammunition, Explosives, and Other Related Materials","American Convention Against the Illicit Manufacturing of and Trafficking in Firearms, Ammunition, Explosives, and Other Related Materials","Multilateral, Conventional Weapons",0.0,,1,3.0,"Ibid. Document Info. InterAmerican Convention Against the Illicit Manufacturing of and Trafficking in Firearms, Ammunition, Explosives, and Other Related Materials.",2,3.0,1997-11-14,0,1.0,1997-11-14,,"Antigua and Barbuda(1997-11-14), Argentina(1997-11-14), Bahamas(1998-04-25), Barbados(2001-04-06), Belize(1997-11-14), Bolivia(Plurinational State of)(1997-11-14), Brazil(1997-11-14), Canada(1997-11-14), Chile(1997-11-14), Colombia(1997-11-14), Costa Rica(1997-11-14), Dominican Republic(1997-11-14), Ecuador(1997-11-14), El Salvador(1997-11-14), Grenada(1997-11-14), Guatemala(1997-11-14), Guyana(1997-11-14), Haiti(1997-11-14), Honduras(1997-11-14), Jamaica(1997-11-14), Mexico(1997-11-14), Nicaragua(1997-11-14), Panama(1997-11-14), Paraguay(1997-11-14), Peru(1997-11-14), Saint Kitts and Nevis(1997-11-14), Saint Lucia(1998-06-03), Saint Vincent and the Grenadines(1997-11-14), Suriname(1997-11-14), Trinidad and Tobago(1997-11-14), The United States of America(1997-11-14), Uruguay(1997-11-14), Venezuela(Bolivarian Republic of)(1997-11-14)",1.0,1998-01-07,,,31.0,0,1.0,,2.0,,,0.0,,1,0.0,
380,1.0,conventional weapon,"Conventional weapons means those systems set forth in Annex I to this Convention. Annex I is an integral part of this Convention. Annex I: The list of conventional weapons covered by this Convention is set forth below. Such list is based on the United Nations Register of Conventional Arms.In accordance with the Article I, this annex is an integral part of this Convention. Any changes to this Annex shall be adopted in conformity with the amendment procedure stipulated in Article XI.I. Battle tanksTracked or wheeled self propelled armored fighting vehicles with high cross country mobility and a high level of self protection, weighing at least 16.5 metric tons unladen weight, with a high muzzle velocity direct fire main gun of at least 75 millimeters caliber.II. Armored combat vehiclesTracked, semi tracked, or wheeled self propelled vehicles, with armored protection and cross country capability, either: (a) designed and equipped to transport a squad of four or more infantrymen, or (B) armed with an integral or organic weapon of at least 12.5 millimeters caliber or a missile launcher.III. Large caliber artillery systemsGuns, howitzers, artillery pieces combining the characteristics of a gun or a howitzer, mortars, or multiple launch rocket systems, capable of engaging surface targets by delivering primarily indirect fire, with a caliber of 100 millimeters and above.IV. Combat aircraftFixed wing or variable geometry wing aircraft designed, equipped, or modified to engage targets by employing guided missiles, unguided rockets, bombs, guns, cannons, or other weapons of destruction, including versions of these aircraft which perform specialized electronic warfare, suppression of air defense, or reconnaissance missions. The term combat aircraft does not include primary trainer aircraft, unless designed, equipped, or modified as described above.V. Attack helicoptersRotary wing aircraft designed, equipped, or modified to engage targets by employing guided or unguided anti armor, air to surface, air to subsurface, or air to air weapons and equipped with an integrated fire control and aiming system for these weapons, including versions of these aircraft which perform specialized reconnaissance or electronic warfare missions.VI. WarshipsVessels or submarines armed and equipped for military use with a standard displacement of 750 metric tons or above, and those with a standard displacement of less than 750 metric tons, equipped for launching missiles with a range of at least 25 kilometers or torpedoes with similar range.VII. Missiles and missile launchersGuided or unguided rockets, ballistic or cruise missiles capable of delivering a warhead or weapon of destruction to a range of at least 25 kilometers, and means designed or modified specifically for launching such missiles or rockets, if not covered by categories I through VI. This category:a. Also includes remotely piloted vehicles with the characteristics for missiles as defined above;b. Does not include ground to air missiles.","Ibid. Article 1:a: Conventional weapons means those systems set forth in Annex I to this Convention. Annex I is an integral part of this Convention. Annex I: The list of conventional weapons covered by this Convention is set forth below. Such list is based on the United Nations Register of Conventional Arms.In accordance with the Article I, this annex is an integral part of this Convention. Any changes to this Annex shall be adopted in conformity with the amendment procedure stipulated in Article XI.I. Battle tanksTracked or wheeled self propelled armored fighting vehicles with high cross country mobility and a high level of self protection, weighing at least 16.5 metric tons unladen weight, with a high muzzle velocity direct fire main gun of at least 75 millimeters caliber.II. Armored combat vehiclesTracked, semi tracked, or wheeled self propelled vehicles, with armored protection and cross country capability, either: (a) designed and equipped to transport a squad of four or more infantrymen, or (B) armed with an integral or organic weapon of at least 12.5 millimeters caliber or a missile launcher.III. Large caliber artillery systemsGuns, howitzers, artillery pieces combining the characteristics of a gun or a howitzer, mortars, or multiple launch rocket systems, capable of engaging surface targets by delivering primarily indirect fire, with a caliber of 100 millimeters and above.IV. Combat aircraftFixed wing or variable geometry wing aircraft designed, equipped, or modified to engage targets by employing guided missiles, unguided rockets, bombs, guns, cannons, or other weapons of destruction, including versions of these aircraft which perform specialized electronic warfare, suppression of air defense, or reconnaissance missions. The term combat aircraft does not include primary trainer aircraft, unless designed, equipped, or modified as described above.V. Attack helicoptersRotary wing aircraft designed, equipped, or modified to engage targets by employing guided or unguided anti armor, air to surface, air to subsurface, or air to air weapons and equipped with an integrated fire control and aiming system for these weapons, including versions of these aircraft which perform specialized reconnaissance or electronic warfare missions.VI. WarshipsVessels or submarines armed and equipped for military use with a standard displacement of 750 metric tons or above, and those with a standard displacement of less than 750 metric tons, equipped for launching missiles with a range of at least 25 kilometers or torpedoes with similar range.VII. Missiles and missile launchersGuided or unguided rockets, ballistic or cruise missiles capable of delivering a warhead or weapon of destruction to a range of at least 25 kilometers, and means designed or modified specifically for launching such missiles or rockets, if not covered by categories I through VI. This category:a. Also includes remotely piloted vehicles with the characteristics for missiles as defined above;b. Does not include ground to air missiles.",0,0,0,0,0,0,0,0,0,0,0,1,1,0,1,0,0,0.0,,,Assumed directly upon force given no explicit indication otherwise,0.0,,,conventional weapon,0,Generic military category; on military goods list not dual-use list,1999,InterAmerican Convention on Transparency in Conventional Weapons Acuisition,American Convention on Transparency in Conventional Weapons Acuisition,"Multilateral, Conventional Weapons",0.0,,1,3.0,"Article II. The objective of this Convention is to contribute more fully to regional openness and transparency in the acquisition of conventional weapons by exchanging information regarding such acquisitions, for the purpose of promoting confidence among States in the Americas.",2,3.0,1999-07-07,0,1.0,1999-06-07,,"Argentina(1999-06-07), Barbados(2001-06-06), Bolivia(Plurinational State of)(1999-06-07), Brazil(1999-06-07), Canada(1999-06-07), Chile(1999-06-07), Colombia(1999-06-07), Costa Rica(1999-06-07), Dominica(1999-06-07), Ecuador(1999-06-07), El Salvador(1999-06-07), Guatemala(1999-06-07), Haiti(1999-06-07), Honduras(2001-12-18), Mexico(1999-06-07), Nicaragua(1999-06-07), Paraguay(1999-06-07), Peru(1999-06-07), The United States of America(1999-06-07), Uruguay(1999-06-07), Venezuela(Bolivarian Republic of)(1999-06-07)",1.0,2002-11-21,,,17.0,0,0.0,,0.0,"Ibid. Article XI. Any State Party may submit to the depositary a proposal to amend this Convention. The depositary shall circulate any such proposal to all States Parties. Upon the request of a majority of the States Parties, the depositary shall, no sooner than 60 days from the date of such request, convene a conference of the States Parties to consider the proposed amendment. An amendment shall be adopted upon approval by two thirds of the States Parties present at the conference. Any amendment so adopted shall enter into force for the States ratifying, accepting, approving, or acceding to it 30 days after two thirds of the States Parties have deposited their respective instruments of ratification, acceptance, or approval of the amendment, or of accession thereto. Thereafter, such an amendment shall enter into force for any other State Party on the 30th day after that State Party deposits its instrument of ratification, acceptance, or approval of the amendment, or of accession thereto.",2.0,0.0,,2,0.0,
1402,1.0,abm interceptor missile,"Interceptor missile, as used in the First Agreed Statement of September 26, 1997, shall refer to any missile subject to the provisions of paragraph (a) of Article VI of the Treaty if such a missile: (a) has been developed by a Party as a missile to counter ballistic missiles other than strategic ballistic missiles; or (b) has been declared by a Party as a missile to counter ballistic missiles other than strategic ballistic missiles; or (c) has been tested by a Party even once with the use of a ballistic target missile. | Interceptor missiles constructed and deployed for an ABM role, or of a type tested in an ABM mode that are operational, under construction, undergoing testing, undergoing overhaul, repair or conversion, or mothballed","Common Understandings Related To The First Agreed Statement Of September 26, 1997, Relating To The Treaty Between The United States Of America And The Union Of Soviet Socialist Republics On The Limitation Of Anti Ballistic Missile Systems Of May 26, 1972. I: The term interceptor missile, as used in the First Agreed Statement of September 26, 1997, shall refer to any missile subject to the provisions of paragraph (a) of Article VI of the Treaty if such a missile: (a) has been developed by a Party as a missile to counter ballistic missiles other than strategic ballistic missiles; or (b) has been declared by a Party as a missile to counter ballistic missiles other than strategic ballistic missiles; or (c) has been tested by a Party even once with the use of a ballistic target missile. | Ibid. Article II:1: For the purpose of this Treaty an ABM system is a system to counter strategic ballistic missiles or their elements in flight trajectory, currently consisting of:(a) ABM interceptor missiles, which are interceptor missiles constructed and deployed for an ABM role, or of a type tested in an ABM mode;(b) ABM launchers, which are launchers constructed and deployed for launching ABM interceptor missiles; and(c) ABM radars, which are radars constructed and deployed for an ABM role, or of a type tested in an ABM mode. Article II:2: The ABM system components listed in paragraph 1 of this Article include those which are:(a) operational;(b) under construction;(c) undergoing testing;(d) undergoing overhaul, repair or conversion; or(e) mothballed.",0,0,0,0,0,0,1,0,0,1,1,0,0,1,0,0,0,2.0,,Within the shortest possible agreed period of time,"Within the shortest possible agreed period of time. Ibid. Article VII: ABM systems or their components in excess of the numbers or outside the areas specified in this Treaty, as well as ABM systems or their components prohibited by this Treaty, shall be destroyed or dismantled under agreed procedures within the shortest possible agreed period of time. Comment: Agreed Statements, Common Understandings, And Unilateral Statements Regarding The Treaty Between The United States Of America And The Union Of Soviet Socialist Republics On The Limitation Of Anti Ballistic Missiles, Common Understandings, E: On May 6, 1972, Minister Semenov made the following statement:In an effort to accommodate the wishes of the U.S. side, the Soviet Delegation is prepared to proceed on the basis that the two sides will in fact observe the obligations of both the Interim Agreement and the ABM Treaty beginning from the date of signature of these two documents.In reply, the U.S. Delegation made the following statement on May 20, 1972:The United States agrees in principle with the Soviet statement made on May 6 concerning observance of obligations beginning from date of signature but we would like to make clear our understanding that this means that, pending ratification and acceptance, neither side would take any action prohibited by the agreements after they had entered into force. This understanding would continue to apply in the absence of notification by either signatory of its intention not to proceed with ratification or approval.The Soviet Delegation indicated agreement with the U.S. statement.",0.0,,,abm interceptor missile,0,ABM Treaty category; purely military,1972,Treaty Between The United States of America and The Union of Soviet Socialist Republics on The Limitation of AntiBallistic Missile Systems,ABM Treaty,"Bilateral, Nuclear Weapons",0.0,,0,,,1,3.0,1972-05-26,1,,,,"The Union of Soviet Socialist Republics(1972-05-26), The United States of America(1972-05-26)",1.0,1972-10-03,,,2.0,2,0.0,,0.0,Ibid. Article XIV. 1. Each Party may propose amendments to this Treaty. Agreed amendments shall enter into force in accordance with the procedures governing the entry into force of this Treaty.,0.0,0.0,,1,1.0,The United States(2002-06-13)
140201,1.0,abm interceptor missile,"Interceptor missile, as used in the First Agreed Statement of September 26, 1997, shall refer to any missile subject to the provisions of paragraph (a) of Article VI of the Treaty if such a missile: (a) has been developed by a Party as a missile to counter ballistic missiles other than strategic ballistic missiles; or (b) has been declared by a Party as a missile to counter ballistic missiles other than strategic ballistic missiles; or (c) has been tested by a Party even once with the use of a ballistic target missile. | Interceptor missiles constructed and deployed for an ABM role, or of a type tested in an ABM mode that are operational, under construction, undergoing testing, undergoing overhaul, repair or conversion, or mothballed","Common Understandings Related To The First Agreed Statement Of September 26, 1997, Relating To The Treaty Between The United States Of America And The Union Of Soviet Socialist Republics On The Limitation Of Anti Ballistic Missile Systems Of May 26, 1972. I: The term interceptor missile, as used in the First Agreed Statement of September 26, 1997, shall refer to any missile subject to the provisions of paragraph (a) of Article VI of the Treaty if such a missile: (a) has been developed by a Party as a missile to counter ballistic missiles other than strategic ballistic missiles; or (b) has been declared by a Party as a missile to counter ballistic missiles other than strategic ballistic missiles; or (c) has been tested by a Party even once with the use of a ballistic target missile. | Ibid. Article II:1: For the purpose of this Treaty an ABM system is a system to counter strategic ballistic missiles or their elements in flight trajectory, currently consisting of:(a) ABM interceptor missiles, which are interceptor missiles constructed and deployed for an ABM role, or of a type tested in an ABM mode;(b) ABM launchers, which are launchers constructed and deployed for launching ABM interceptor missiles; and(c) ABM radars, which are radars constructed and deployed for an ABM role, or of a type tested in an ABM mode. Article II:2: The ABM system components listed in paragraph 1 of this Article include those which are:(a) operational;(b) under construction;(c) undergoing testing;(d) undergoing overhaul, repair or conversion; or(e) mothballed.",0,0,0,0,0,0,1,0,0,1,1,0,0,1,0,0,0,2.0,,Within the shortest possible agreed period of time,"Within the shortest possible agreed period of time. Ibid. Article VII: ABM systems or their components in excess of the numbers or outside the areas specified in this Treaty, as well as ABM systems or their components prohibited by this Treaty, shall be destroyed or dismantled under agreed procedures within the shortest possible agreed period of time. Comment: Agreed Statements, Common Understandings, And Unilateral Statements Regarding The Treaty Between The United States Of America And The Union Of Soviet Socialist Republics On The Limitation Of Anti Ballistic Missiles, Common Understandings, E: On May 6, 1972, Minister Semenov made the following statement:In an effort to accommodate the wishes of the U.S. side, the Soviet Delegation is prepared to proceed on the basis that the two sides will in fact observe the obligations of both the Interim Agreement and the ABM Treaty beginning from the date of signature of these two documents.In reply, the U.S. Delegation made the following statement on May 20, 1972:The United States agrees in principle with the Soviet statement made on May 6 concerning observance of obligations beginning from date of signature but we would like to make clear our understanding that this means that, pending ratification and acceptance, neither side would take any action prohibited by the agreements after they had entered into force. This understanding would continue to apply in the absence of notification by either signatory of its intention not to proceed with ratification or approval.The Soviet Delegation indicated agreement with the U.S. statement.",0.0,,,abm interceptor missile,0,ABM Treaty category; purely military,1974,Protocol To The Treaty Between The United States of America And The Union of Soviet Socialist Republics On The Limitation Of Anti-Ballistic Missile Systems,Protocol To The Treaty Between The United States of America And The Union of Soviet Socialist Republics On The Limitation Of Anti-Ballistic Missile Systems,"Bilateral, Nuclear Weapons",0.0,,0,,,1,3.0,1974-07-03,1,,,,"The Union of Soviet Socialist Republics(1974-07-03), The United States of America(1974-07-03)",1.0,1976-05-24,,,2.0,2,0.0,,2.0,,,0.0,,1,1.0,The United States(2002-06-13)
140205,1.0,abm interceptor missile,"Interceptor missile, as used in the First Agreed Statement of September 26, 1997, shall refer to any missile subject to the provisions of paragraph (a) of Article VI of the Treaty if such a missile: (a) has been developed by a Party as a missile to counter ballistic missiles other than strategic ballistic missiles; or (b) has been declared by a Party as a missile to counter ballistic missiles other than strategic ballistic missiles; or (c) has been tested by a Party even once with the use of a ballistic target missile. | Interceptor missiles constructed and deployed for an ABM role, or of a type tested in an ABM mode that are operational, under construction, undergoing testing, undergoing overhaul, repair or conversion, or mothballed","Common Understandings Related To The First Agreed Statement Of September 26, 1997, Relating To The Treaty Between The United States Of America And The Union Of Soviet Socialist Republics On The Limitation Of Anti Ballistic Missile Systems Of May 26, 1972. I: The term interceptor missile, as used in the First Agreed Statement of September 26, 1997, shall refer to any missile subject to the provisions of paragraph (a) of Article VI of the Treaty if such a missile: (a) has been developed by a Party as a missile to counter ballistic missiles other than strategic ballistic missiles; or (b) has been declared by a Party as a missile to counter ballistic missiles other than strategic ballistic missiles; or (c) has been tested by a Party even once with the use of a ballistic target missile. | Ibid. Article II:1: For the purpose of this Treaty an ABM system is a system to counter strategic ballistic missiles or their elements in flight trajectory, currently consisting of:(a) ABM interceptor missiles, which are interceptor missiles constructed and deployed for an ABM role, or of a type tested in an ABM mode;(b) ABM launchers, which are launchers constructed and deployed for launching ABM interceptor missiles; and(c) ABM radars, which are radars constructed and deployed for an ABM role, or of a type tested in an ABM mode. Article II:2: The ABM system components listed in paragraph 1 of this Article include those which are:(a) operational;(b) under construction;(c) undergoing testing;(d) undergoing overhaul, repair or conversion; or(e) mothballed.",0,0,0,0,0,0,1,0,0,1,1,0,0,1,0,0,0,2.0,,Within the shortest possible agreed period of time,"Within the shortest possible agreed period of time. Ibid. Article VII: ABM systems or their components in excess of the numbers or outside the areas specified in this Treaty, as well as ABM systems or their components prohibited by this Treaty, shall be destroyed or dismantled under agreed procedures within the shortest possible agreed period of time. Comment: Agreed Statements, Common Understandings, And Unilateral Statements Regarding The Treaty Between The United States Of America And The Union Of Soviet Socialist Republics On The Limitation Of Anti Ballistic Missiles, Common Understandings, E: On May 6, 1972, Minister Semenov made the following statement:In an effort to accommodate the wishes of the U.S. side, the Soviet Delegation is prepared to proceed on the basis that the two sides will in fact observe the obligations of both the Interim Agreement and the ABM Treaty beginning from the date of signature of these two documents.In reply, the U.S. Delegation made the following statement on May 20, 1972:The United States agrees in principle with the Soviet statement made on May 6 concerning observance of obligations beginning from date of signature but we would like to make clear our understanding that this means that, pending ratification and acceptance, neither side would take any action prohibited by the agreements after they had entered into force. This understanding would continue to apply in the absence of notification by either signatory of its intention not to proceed with ratification or approval.The Soviet Delegation indicated agreement with the U.S. statement.",0.0,,,abm interceptor missile,0,ABM Treaty category; purely military,1985,"Common Understanding of June 6, 1985",S.C.C Common Understandings (Jun 06 1985),"Bilateral, Nuclear Weapons",0.0,,0,,,1,1.0,1985-06-06,1,,,,"The Union of Soviet Socialist Republics(1985-06-06), The United States of America(1985-06-06)",1.0,1985-06-06,,,2.0,2,0.0,,2.0,,,2.0,,1,1.0,The United States(2002-06-13)
140206,1.0,abm interceptor missile,"Interceptor missile, as used in the First Agreed Statement of September 26, 1997, shall refer to any missile subject to the provisions of paragraph (a) of Article VI of the Treaty if such a missile: (a) has been developed by a Party as a missile to counter ballistic missiles other than strategic ballistic missiles; or (b) has been declared by a Party as a missile to counter ballistic missiles other than strategic ballistic missiles; or (c) has been tested by a Party even once with the use of a ballistic target missile. | Interceptor missiles constructed and deployed for an ABM role, or of a type tested in an ABM mode that are operational, under construction, undergoing testing, undergoing overhaul, repair or conversion, or mothballed","Common Understandings Related To The First Agreed Statement Of September 26, 1997, Relating To The Treaty Between The United States Of America And The Union Of Soviet Socialist Republics On The Limitation Of Anti Ballistic Missile Systems Of May 26, 1972. I: The term interceptor missile, as used in the First Agreed Statement of September 26, 1997, shall refer to any missile subject to the provisions of paragraph (a) of Article VI of the Treaty if such a missile: (a) has been developed by a Party as a missile to counter ballistic missiles other than strategic ballistic missiles; or (b) has been declared by a Party as a missile to counter ballistic missiles other than strategic ballistic missiles; or (c) has been tested by a Party even once with the use of a ballistic target missile. | Ibid. Article II:1: For the purpose of this Treaty an ABM system is a system to counter strategic ballistic missiles or their elements in flight trajectory, currently consisting of:(a) ABM interceptor missiles, which are interceptor missiles constructed and deployed for an ABM role, or of a type tested in an ABM mode;(b) ABM launchers, which are launchers constructed and deployed for launching ABM interceptor missiles; and(c) ABM radars, which are radars constructed and deployed for an ABM role, or of a type tested in an ABM mode. Article II:2: The ABM system components listed in paragraph 1 of this Article include those which are:(a) operational;(b) under construction;(c) undergoing testing;(d) undergoing overhaul, repair or conversion; or(e) mothballed.",0,0,0,0,0,0,1,0,0,1,1,0,0,1,0,0,0,2.0,,Within the shortest possible agreed period of time,"Within the shortest possible agreed period of time. Ibid. Article VII: ABM systems or their components in excess of the numbers or outside the areas specified in this Treaty, as well as ABM systems or their components prohibited by this Treaty, shall be destroyed or dismantled under agreed procedures within the shortest possible agreed period of time. Comment: Agreed Statements, Common Understandings, And Unilateral Statements Regarding The Treaty Between The United States Of America And The Union Of Soviet Socialist Republics On The Limitation Of Anti Ballistic Missiles, Common Understandings, E: On May 6, 1972, Minister Semenov made the following statement:In an effort to accommodate the wishes of the U.S. side, the Soviet Delegation is prepared to proceed on the basis that the two sides will in fact observe the obligations of both the Interim Agreement and the ABM Treaty beginning from the date of signature of these two documents.In reply, the U.S. Delegation made the following statement on May 20, 1972:The United States agrees in principle with the Soviet statement made on May 6 concerning observance of obligations beginning from date of signature but we would like to make clear our understanding that this means that, pending ratification and acceptance, neither side would take any action prohibited by the agreements after they had entered into force. This understanding would continue to apply in the absence of notification by either signatory of its intention not to proceed with ratification or approval.The Soviet Delegation indicated agreement with the U.S. statement.",0.0,,,abm interceptor missile,0,ABM Treaty category; purely military,1997,"Memorandum Of Understanding Relating To The Treaty Between The United States of America And The Union of Soviet Socialist Republics On The Limitation Of AntiBallistic Missile Systems Of May 26, 1972","Memorandum Of Understanding Relating To The Treaty Between The United States of America And The Union of Soviet Socialist Republics On The Limitation Of AntiBallistic Missile Systems Of May 26, 1972","Multilateral, Nuclear Weapons",0.0,,0,,,1,3.0,1997-09-26,1,,,,"Belarus(1997-09-26), Kazakhstan(1997-09-26), The Russian Federation(1997-09-26), Ukraine(1997-09-26), The United States of America(1997-09-26)",1.0,,,,6.0,2,0.0,,0.0,"Ibid. Agreement On ConfidenceBuilding Measures Related To Systems To Counter Ballistic Missiles Other Than Strategic Ballistic Missiles. Article VI. 1.b. To promote the objectives and implementation of the provisions of this Agreement, the Parties, within the framework of the Standing Consultative Commission established in accordance with the Treaty Between The United States of America and The Union of Soviet Socialist Republics on the Limitation of AntiBallistic Missile Systems of May 26, 1972, shall consider.(b),amendments to the provisions of this Agreement and other possible proposals on further increasing its viability.",4.0,3.0,,,1.0,The United States(2002-06-13)
1402,1.0,abm launcher,"Launchers constructed and deployed for launching ABM interceptor missiles that are operational, under construction, undergoing testing, undergoing overhaul, repair or conversion, or mothballed","Ibid. Article II:1: For the purpose of this Treaty an ABM system is a system to counter strategic ballistic missiles or their elements in flight trajectory, currently consisting of:(a) ABM interceptor missiles, which are interceptor missiles constructed and deployed for an ABM role, or of a type tested in an ABM mode;(b) ABM launchers, which are launchers constructed and deployed for launching ABM interceptor missiles; and(c) ABM radars, which are radars constructed and deployed for an ABM role, or of a type tested in an ABM mode. Article II:2: The ABM system components listed in paragraph 1 of this Article include those which are:(a) operational;(b) under construction;(c) undergoing testing;(d) undergoing overhaul, repair or conversion; or(e) mothballed.",0,0,0,0,0,0,1,0,0,1,1,0,0,1,0,0,0,2.0,,Within the shortest possible agreed period of time,"Within the shortest possible agreed period of time. Ibid. Article VII: ABM systems or their components in excess of the numbers or outside the areas specified in this Treaty, as well as ABM systems or their components prohibited by this Treaty, shall be destroyed or dismantled under agreed procedures within the shortest possible agreed period of time. Comment: Agreed Statements, Common Understandings, And Unilateral Statements Regarding The Treaty Between The United States Of America And The Union Of Soviet Socialist Republics On The Limitation Of Anti Ballistic Missiles, Common Understandings, E: On May 6, 1972, Minister Semenov made the following statement:In an effort to accommodate the wishes of the U.S. side, the Soviet Delegation is prepared to proceed on the basis that the two sides will in fact observe the obligations of both the Interim Agreement and the ABM Treaty beginning from the date of signature of these two documents.In reply, the U.S. Delegation made the following statement on May 20, 1972:The United States agrees in principle with the Soviet statement made on May 6 concerning observance of obligations beginning from date of signature but we would like to make clear our understanding that this means that, pending ratification and acceptance, neither side would take any action prohibited by the agreements after they had entered into force. This understanding would continue to apply in the absence of notification by either signatory of its intention not to proceed with ratification or approval.The Soviet Delegation indicated agreement with the U.S. statement.",0.0,,,abm launcher,0,ABM Treaty category; purely military,1972,Treaty Between The United States of America and The Union of Soviet Socialist Republics on The Limitation of AntiBallistic Missile Systems,ABM Treaty,"Bilateral, Nuclear Weapons",0.0,,0,,,1,3.0,1972-05-26,1,,,,"The Union of Soviet Socialist Republics(1972-05-26), The United States of America(1972-05-26)",1.0,1972-10-03,,,2.0,2,0.0,,0.0,Ibid. Article XIV. 1. Each Party may propose amendments to this Treaty. Agreed amendments shall enter into force in accordance with the procedures governing the entry into force of this Treaty.,0.0,0.0,,1,1.0,The United States(2002-06-13)
140201,1.0,abm launcher,"Launchers constructed and deployed for launching ABM interceptor missiles that are operational, under construction, undergoing testing, undergoing overhaul, repair or conversion, or mothballed","Ibid. Article II:1: For the purpose of this Treaty an ABM system is a system to counter strategic ballistic missiles or their elements in flight trajectory, currently consisting of:(a) ABM interceptor missiles, which are interceptor missiles constructed and deployed for an ABM role, or of a type tested in an ABM mode;(b) ABM launchers, which are launchers constructed and deployed for launching ABM interceptor missiles; and(c) ABM radars, which are radars constructed and deployed for an ABM role, or of a type tested in an ABM mode. Article II:2: The ABM system components listed in paragraph 1 of this Article include those which are:(a) operational;(b) under construction;(c) undergoing testing;(d) undergoing overhaul, repair or conversion; or(e) mothballed.",0,0,0,0,0,0,1,0,0,1,1,0,0,1,0,0,0,2.0,,Within the shortest possible agreed period of time,"Within the shortest possible agreed period of time. Ibid. Article VII: ABM systems or their components in excess of the numbers or outside the areas specified in this Treaty, as well as ABM systems or their components prohibited by this Treaty, shall be destroyed or dismantled under agreed procedures within the shortest possible agreed period of time. Comment: Agreed Statements, Common Understandings, And Unilateral Statements Regarding The Treaty Between The United States Of America And The Union Of Soviet Socialist Republics On The Limitation Of Anti Ballistic Missiles, Common Understandings, E: On May 6, 1972, Minister Semenov made the following statement:In an effort to accommodate the wishes of the U.S. side, the Soviet Delegation is prepared to proceed on the basis that the two sides will in fact observe the obligations of both the Interim Agreement and the ABM Treaty beginning from the date of signature of these two documents.In reply, the U.S. Delegation made the following statement on May 20, 1972:The United States agrees in principle with the Soviet statement made on May 6 concerning observance of obligations beginning from date of signature but we would like to make clear our understanding that this means that, pending ratification and acceptance, neither side would take any action prohibited by the agreements after they had entered into force. This understanding would continue to apply in the absence of notification by either signatory of its intention not to proceed with ratification or approval.The Soviet Delegation indicated agreement with the U.S. statement.",0.0,,,abm launcher,0,ABM Treaty category; purely military,1974,Protocol To The Treaty Between The United States of America And The Union of Soviet Socialist Republics On The Limitation Of Anti-Ballistic Missile Systems,Protocol To The Treaty Between The United States of America And The Union of Soviet Socialist Republics On The Limitation Of Anti-Ballistic Missile Systems,"Bilateral, Nuclear Weapons",0.0,,0,,,1,3.0,1974-07-03,1,,,,"The Union of Soviet Socialist Republics(1974-07-03), The United States of America(1974-07-03)",1.0,1976-05-24,,,2.0,2,0.0,,2.0,,,0.0,,1,1.0,The United States(2002-06-13)
140206,1.0,abm launcher,"Launchers constructed and deployed for launching ABM interceptor missiles that are operational, under construction, undergoing testing, undergoing overhaul, repair or conversion, or mothballed","Ibid. Article II:1: For the purpose of this Treaty an ABM system is a system to counter strategic ballistic missiles or their elements in flight trajectory, currently consisting of:(a) ABM interceptor missiles, which are interceptor missiles constructed and deployed for an ABM role, or of a type tested in an ABM mode;(b) ABM launchers, which are launchers constructed and deployed for launching ABM interceptor missiles; and(c) ABM radars, which are radars constructed and deployed for an ABM role, or of a type tested in an ABM mode. Article II:2: The ABM system components listed in paragraph 1 of this Article include those which are:(a) operational;(b) under construction;(c) undergoing testing;(d) undergoing overhaul, repair or conversion; or(e) mothballed.",0,0,0,0,0,0,1,0,0,1,1,0,0,1,0,0,0,2.0,,Within the shortest possible agreed period of time,"Within the shortest possible agreed period of time. Ibid. Article VII: ABM systems or their components in excess of the numbers or outside the areas specified in this Treaty, as well as ABM systems or their components prohibited by this Treaty, shall be destroyed or dismantled under agreed procedures within the shortest possible agreed period of time. Comment: Agreed Statements, Common Understandings, And Unilateral Statements Regarding The Treaty Between The United States Of America And The Union Of Soviet Socialist Republics On The Limitation Of Anti Ballistic Missiles, Common Understandings, E: On May 6, 1972, Minister Semenov made the following statement:In an effort to accommodate the wishes of the U.S. side, the Soviet Delegation is prepared to proceed on the basis that the two sides will in fact observe the obligations of both the Interim Agreement and the ABM Treaty beginning from the date of signature of these two documents.In reply, the U.S. Delegation made the following statement on May 20, 1972:The United States agrees in principle with the Soviet statement made on May 6 concerning observance of obligations beginning from date of signature but we would like to make clear our understanding that this means that, pending ratification and acceptance, neither side would take any action prohibited by the agreements after they had entered into force. This understanding would continue to apply in the absence of notification by either signatory of its intention not to proceed with ratification or approval.The Soviet Delegation indicated agreement with the U.S. statement.",0.0,,,abm launcher,0,ABM Treaty category; purely military,1997,"Memorandum Of Understanding Relating To The Treaty Between The United States of America And The Union of Soviet Socialist Republics On The Limitation Of AntiBallistic Missile Systems Of May 26, 1972","Memorandum Of Understanding Relating To The Treaty Between The United States of America And The Union of Soviet Socialist Republics On The Limitation Of AntiBallistic Missile Systems Of May 26, 1972","Multilateral, Nuclear Weapons",0.0,,0,,,1,3.0,1997-09-26,1,,,,"Belarus(1997-09-26), Kazakhstan(1997-09-26), The Russian Federation(1997-09-26), Ukraine(1997-09-26), The United States of America(1997-09-26)",1.0,,,,6.0,2,0.0,,0.0,"Ibid. Agreement On ConfidenceBuilding Measures Related To Systems To Counter Ballistic Missiles Other Than Strategic Ballistic Missiles. Article VI. 1.b. To promote the objectives and implementation of the provisions of this Agreement, the Parties, within the framework of the Standing Consultative Commission established in accordance with the Treaty Between The United States of America and The Union of Soviet Socialist Republics on the Limitation of AntiBallistic Missile Systems of May 26, 1972, shall consider.(b),amendments to the provisions of this Agreement and other possible proposals on further increasing its viability.",4.0,3.0,,,1.0,The United States(2002-06-13)
1402,1.0,abm radar,"Radars constructed and deployed for an ABM role, or of a type tested in an ABM mode that are operational, under construction, undergoing testing, undergoing overhaul, repair or conversion, or mothballed","Ibid. Article II:1: For the purpose of this Treaty an ABM system is a system to counter strategic ballistic missiles or their elements in flight trajectory, currently consisting of:(a) ABM interceptor missiles, which are interceptor missiles constructed and deployed for an ABM role, or of a type tested in an ABM mode;(b) ABM launchers, which are launchers constructed and deployed for launching ABM interceptor missiles; and(c) ABM radars, which are radars constructed and deployed for an ABM role, or of a type tested in an ABM mode. Article II:2: The ABM system components listed in paragraph 1 of this Article include those which are:(a) operational;(b) under construction;(c) undergoing testing;(d) undergoing overhaul, repair or conversion; or(e) mothballed.",0,0,0,0,0,0,1,0,0,1,1,0,0,1,0,0,0,2.0,,Within the shortest possible agreed period of time,"Within the shortest possible agreed period of time. Ibid. Article VII: ABM systems or their components in excess of the numbers or outside the areas specified in this Treaty, as well as ABM systems or their components prohibited by this Treaty, shall be destroyed or dismantled under agreed procedures within the shortest possible agreed period of time. Comment: Agreed Statements, Common Understandings, And Unilateral Statements Regarding The Treaty Between The United States Of America And The Union Of Soviet Socialist Republics On The Limitation Of Anti Ballistic Missiles, Common Understandings, E: On May 6, 1972, Minister Semenov made the following statement:In an effort to accommodate the wishes of the U.S. side, the Soviet Delegation is prepared to proceed on the basis that the two sides will in fact observe the obligations of both the Interim Agreement and the ABM Treaty beginning from the date of signature of these two documents.In reply, the U.S. Delegation made the following statement on May 20, 1972:The United States agrees in principle with the Soviet statement made on May 6 concerning observance of obligations beginning from date of signature but we would like to make clear our understanding that this means that, pending ratification and acceptance, neither side would take any action prohibited by the agreements after they had entered into force. This understanding would continue to apply in the absence of notification by either signatory of its intention not to proceed with ratification or approval.The Soviet Delegation indicated agreement with the U.S. statement.",0.0,,,abm radar,0,ABM Treaty category; purely military,1972,Treaty Between The United States of America and The Union of Soviet Socialist Republics on The Limitation of AntiBallistic Missile Systems,ABM Treaty,"Bilateral, Nuclear Weapons",0.0,,0,,,1,3.0,1972-05-26,1,,,,"The Union of Soviet Socialist Republics(1972-05-26), The United States of America(1972-05-26)",1.0,1972-10-03,,,2.0,2,0.0,,0.0,Ibid. Article XIV. 1. Each Party may propose amendments to this Treaty. Agreed amendments shall enter into force in accordance with the procedures governing the entry into force of this Treaty.,0.0,0.0,,1,1.0,The United States(2002-06-13)
140201,1.0,abm radar,"Radars constructed and deployed for an ABM role, or of a type tested in an ABM mode that are operational, under construction, undergoing testing, undergoing overhaul, repair or conversion, or mothballed","Ibid. Article II:1: For the purpose of this Treaty an ABM system is a system to counter strategic ballistic missiles or their elements in flight trajectory, currently consisting of:(a) ABM interceptor missiles, which are interceptor missiles constructed and deployed for an ABM role, or of a type tested in an ABM mode;(b) ABM launchers, which are launchers constructed and deployed for launching ABM interceptor missiles; and(c) ABM radars, which are radars constructed and deployed for an ABM role, or of a type tested in an ABM mode. Article II:2: The ABM system components listed in paragraph 1 of this Article include those which are:(a) operational;(b) under construction;(c) undergoing testing;(d) undergoing overhaul, repair or conversion; or(e) mothballed.",0,0,0,0,0,0,1,0,0,1,1,0,0,1,0,0,0,2.0,,Within the shortest possible agreed period of time,"Within the shortest possible agreed period of time. Ibid. Article VII: ABM systems or their components in excess of the numbers or outside the areas specified in this Treaty, as well as ABM systems or their components prohibited by this Treaty, shall be destroyed or dismantled under agreed procedures within the shortest possible agreed period of time. Comment: Agreed Statements, Common Understandings, And Unilateral Statements Regarding The Treaty Between The United States Of America And The Union Of Soviet Socialist Republics On The Limitation Of Anti Ballistic Missiles, Common Understandings, E: On May 6, 1972, Minister Semenov made the following statement:In an effort to accommodate the wishes of the U.S. side, the Soviet Delegation is prepared to proceed on the basis that the two sides will in fact observe the obligations of both the Interim Agreement and the ABM Treaty beginning from the date of signature of these two documents.In reply, the U.S. Delegation made the following statement on May 20, 1972:The United States agrees in principle with the Soviet statement made on May 6 concerning observance of obligations beginning from date of signature but we would like to make clear our understanding that this means that, pending ratification and acceptance, neither side would take any action prohibited by the agreements after they had entered into force. This understanding would continue to apply in the absence of notification by either signatory of its intention not to proceed with ratification or approval.The Soviet Delegation indicated agreement with the U.S. statement.",0.0,,,abm radar,0,ABM Treaty category; purely military,1974,Protocol To The Treaty Between The United States of America And The Union of Soviet Socialist Republics On The Limitation Of Anti-Ballistic Missile Systems,Protocol To The Treaty Between The United States of America And The Union of Soviet Socialist Republics On The Limitation Of Anti-Ballistic Missile Systems,"Bilateral, Nuclear Weapons",0.0,,0,,,1,3.0,1974-07-03,1,,,,"The Union of Soviet Socialist Republics(1974-07-03), The United States of America(1974-07-03)",1.0,1976-05-24,,,2.0,2,0.0,,2.0,,,0.0,,1,1.0,The United States(2002-06-13)
140206,1.0,abm radar,"Radars constructed and deployed for an ABM role, or of a type tested in an ABM mode that are operational, under construction, undergoing testing, undergoing overhaul, repair or conversion, or mothballed","Ibid. Article II:1: For the purpose of this Treaty an ABM system is a system to counter strategic ballistic missiles or their elements in flight trajectory, currently consisting of:(a) ABM interceptor missiles, which are interceptor missiles constructed and deployed for an ABM role, or of a type tested in an ABM mode;(b) ABM launchers, which are launchers constructed and deployed for launching ABM interceptor missiles; and(c) ABM radars, which are radars constructed and deployed for an ABM role, or of a type tested in an ABM mode. Article II:2: The ABM system components listed in paragraph 1 of this Article include those which are:(a) operational;(b) under construction;(c) undergoing testing;(d) undergoing overhaul, repair or conversion; or(e) mothballed.",0,0,0,0,0,0,1,0,0,1,1,0,0,1,0,0,0,2.0,,Within the shortest possible agreed period of time,"Within the shortest possible agreed period of time. Ibid. Article VII: ABM systems or their components in excess of the numbers or outside the areas specified in this Treaty, as well as ABM systems or their components prohibited by this Treaty, shall be destroyed or dismantled under agreed procedures within the shortest possible agreed period of time. Comment: Agreed Statements, Common Understandings, And Unilateral Statements Regarding The Treaty Between The United States Of America And The Union Of Soviet Socialist Republics On The Limitation Of Anti Ballistic Missiles, Common Understandings, E: On May 6, 1972, Minister Semenov made the following statement:In an effort to accommodate the wishes of the U.S. side, the Soviet Delegation is prepared to proceed on the basis that the two sides will in fact observe the obligations of both the Interim Agreement and the ABM Treaty beginning from the date of signature of these two documents.In reply, the U.S. Delegation made the following statement on May 20, 1972:The United States agrees in principle with the Soviet statement made on May 6 concerning observance of obligations beginning from date of signature but we would like to make clear our understanding that this means that, pending ratification and acceptance, neither side would take any action prohibited by the agreements after they had entered into force. This understanding would continue to apply in the absence of notification by either signatory of its intention not to proceed with ratification or approval.The Soviet Delegation indicated agreement with the U.S. statement.",0.0,,,abm radar,0,ABM Treaty category; purely military,1997,"Memorandum Of Understanding Relating To The Treaty Between The United States of America And The Union of Soviet Socialist Republics On The Limitation Of AntiBallistic Missile Systems Of May 26, 1972","Memorandum Of Understanding Relating To The Treaty Between The United States of America And The Union of Soviet Socialist Republics On The Limitation Of AntiBallistic Missile Systems Of May 26, 1972","Multilateral, Nuclear Weapons",0.0,,0,,,1,3.0,1997-09-26,1,,,,"Belarus(1997-09-26), Kazakhstan(1997-09-26), The Russian Federation(1997-09-26), Ukraine(1997-09-26), The United States of America(1997-09-26)",1.0,,,,6.0,2,0.0,,0.0,"Ibid. Agreement On ConfidenceBuilding Measures Related To Systems To Counter Ballistic Missiles Other Than Strategic Ballistic Missiles. Article VI. 1.b. To promote the objectives and implementation of the provisions of this Agreement, the Parties, within the framework of the Standing Consultative Commission established in accordance with the Treaty Between The United States of America and The Union of Soviet Socialist Republics on the Limitation of AntiBallistic Missile Systems of May 26, 1972, shall consider.(b),amendments to the provisions of this Agreement and other possible proposals on further increasing its viability.",4.0,3.0,,,1.0,The United States(2002-06-13)
1402,1.0,early warning radar,,,0,0,0,0,0,0,0,0,0,0,0,0,0,1,0,0,0,2.0,,Within the shortest possible agreed period of time,"Within the shortest possible agreed period of time. Ibid. Article VII: ABM systems or their components in excess of the numbers or outside the areas specified in this Treaty, as well as ABM systems or their components prohibited by this Treaty, shall be destroyed or dismantled under agreed procedures within the shortest possible agreed period of time. Comment: Agreed Statements, Common Understandings, And Unilateral Statements Regarding The Treaty Between The United States Of America And The Union Of Soviet Socialist Republics On The Limitation Of Anti Ballistic Missiles, Common Understandings, E: On May 6, 1972, Minister Semenov made the following statement:In an effort to accommodate the wishes of the U.S. side, the Soviet Delegation is prepared to proceed on the basis that the two sides will in fact observe the obligations of both the Interim Agreement and the ABM Treaty beginning from the date of signature of these two documents.In reply, the U.S. Delegation made the following statement on May 20, 1972:The United States agrees in principle with the Soviet statement made on May 6 concerning observance of obligations beginning from date of signature but we would like to make clear our understanding that this means that, pending ratification and acceptance, neither side would take any action prohibited by the agreements after they had entered into force. This understanding would continue to apply in the absence of notification by either signatory of its intention not to proceed with ratification or approval.The Soviet Delegation indicated agreement with the U.S. statement.",0.0,,,early warning radar,0,Military early-warning system; ABM Treaty context; purely military,1972,Treaty Between The United States of America and The Union of Soviet Socialist Republics on The Limitation of AntiBallistic Missile Systems,ABM Treaty,"Bilateral, Nuclear Weapons",0.0,,0,,,1,3.0,1972-05-26,1,,,,"The Union of Soviet Socialist Republics(1972-05-26), The United States of America(1972-05-26)",1.0,1972-10-03,,,2.0,2,0.0,,0.0,Ibid. Article XIV. 1. Each Party may propose amendments to this Treaty. Agreed amendments shall enter into force in accordance with the procedures governing the entry into force of this Treaty.,0.0,0.0,,1,1.0,The United States(2002-06-13)
140206,1.0,early warning radar,,,0,0,0,0,0,0,0,0,0,0,0,0,0,1,0,0,0,2.0,,Within the shortest possible agreed period of time,"Within the shortest possible agreed period of time. Ibid. Article VII: ABM systems or their components in excess of the numbers or outside the areas specified in this Treaty, as well as ABM systems or their components prohibited by this Treaty, shall be destroyed or dismantled under agreed procedures within the shortest possible agreed period of time. Comment: Agreed Statements, Common Understandings, And Unilateral Statements Regarding The Treaty Between The United States Of America And The Union Of Soviet Socialist Republics On The Limitation Of Anti Ballistic Missiles, Common Understandings, E: On May 6, 1972, Minister Semenov made the following statement:In an effort to accommodate the wishes of the U.S. side, the Soviet Delegation is prepared to proceed on the basis that the two sides will in fact observe the obligations of both the Interim Agreement and the ABM Treaty beginning from the date of signature of these two documents.In reply, the U.S. Delegation made the following statement on May 20, 1972:The United States agrees in principle with the Soviet statement made on May 6 concerning observance of obligations beginning from date of signature but we would like to make clear our understanding that this means that, pending ratification and acceptance, neither side would take any action prohibited by the agreements after they had entered into force. This understanding would continue to apply in the absence of notification by either signatory of its intention not to proceed with ratification or approval.The Soviet Delegation indicated agreement with the U.S. statement.",0.0,,,early warning radar,0,Military early-warning system; ABM Treaty context; purely military,1997,"Memorandum Of Understanding Relating To The Treaty Between The United States of America And The Union of Soviet Socialist Republics On The Limitation Of AntiBallistic Missile Systems Of May 26, 1972","Memorandum Of Understanding Relating To The Treaty Between The United States of America And The Union of Soviet Socialist Republics On The Limitation Of AntiBallistic Missile Systems Of May 26, 1972","Multilateral, Nuclear Weapons",0.0,,0,,,1,3.0,1997-09-26,1,,,,"Belarus(1997-09-26), Kazakhstan(1997-09-26), The Russian Federation(1997-09-26), Ukraine(1997-09-26), The United States of America(1997-09-26)",1.0,,,,6.0,2,0.0,,0.0,"Ibid. Agreement On ConfidenceBuilding Measures Related To Systems To Counter Ballistic Missiles Other Than Strategic Ballistic Missiles. Article VI. 1.b. To promote the objectives and implementation of the provisions of this Agreement, the Parties, within the framework of the Standing Consultative Commission established in accordance with the Treaty Between The United States of America and The Union of Soviet Socialist Republics on the Limitation of AntiBallistic Missile Systems of May 26, 1972, shall consider.(b),amendments to the provisions of this Agreement and other possible proposals on further increasing its viability.",4.0,3.0,,,1.0,The United States(2002-06-13)
1402,1.0,automatic or semi-automatic rapid reload systems for abm launcher,,,1,0,0,0,0,0,1,0,0,0,0,0,0,0,0,0,0,2.0,,Within the shortest possible agreed period of time,"Within the shortest possible agreed period of time. Ibid. Article VII: ABM systems or their components in excess of the numbers or outside the areas specified in this Treaty, as well as ABM systems or their components prohibited by this Treaty, shall be destroyed or dismantled under agreed procedures within the shortest possible agreed period of time. Comment: Agreed Statements, Common Understandings, And Unilateral Statements Regarding The Treaty Between The United States Of America And The Union Of Soviet Socialist Republics On The Limitation Of Anti Ballistic Missiles, Common Understandings, E: On May 6, 1972, Minister Semenov made the following statement:In an effort to accommodate the wishes of the U.S. side, the Soviet Delegation is prepared to proceed on the basis that the two sides will in fact observe the obligations of both the Interim Agreement and the ABM Treaty beginning from the date of signature of these two documents.In reply, the U.S. Delegation made the following statement on May 20, 1972:The United States agrees in principle with the Soviet statement made on May 6 concerning observance of obligations beginning from date of signature but we would like to make clear our understanding that this means that, pending ratification and acceptance, neither side would take any action prohibited by the agreements after they had entered into force. This understanding would continue to apply in the absence of notification by either signatory of its intention not to proceed with ratification or approval.The Soviet Delegation indicated agreement with the U.S. statement.",0.0,,,automatic or semi-automatic rapid reload systems for abm launcher,0,ABM Treaty military equipment; purely military,1972,Treaty Between The United States of America and The Union of Soviet Socialist Republics on The Limitation of AntiBallistic Missile Systems,ABM Treaty,"Bilateral, Nuclear Weapons",0.0,,0,,,1,3.0,1972-05-26,1,,,,"The Union of Soviet Socialist Republics(1972-05-26), The United States of America(1972-05-26)",1.0,1972-10-03,,,2.0,2,0.0,,0.0,Ibid. Article XIV. 1. Each Party may propose amendments to this Treaty. Agreed amendments shall enter into force in accordance with the procedures governing the entry into force of this Treaty.,0.0,0.0,,1,1.0,The United States(2002-06-13)
140202,4.0,abm interceptor missiles (destruction procedures only),,,0,0,0,0,0,0,0,0,0,0,0,0,0,0,0,0,0,,,,,0.0,,,abm interceptor missiles (destruction procedures only),0,ABM Treaty category; purely military,1974,"Protocol on Procedures Governing Replacement, Dismantling or Destruction, and Notification Thereof, for ABM Systems and Their Components (July 3, 1974),","Protocol on Procedures Governing Replacement, Dismantling or Destruction, and Notification Thereof, for ABM Systems and Their Components (July 3, 1974)","Bilateral, Nuclear Weapons",0.0,,0,,,1,2.0,1974-07-03,1,,,7/3/1974,"The Union of Soviet Socialist Republics(1974-07-03), The United States of America(1974-07-03)",1.0,1974-07-03,,,2.0,2,0.0,,0.0,"Ibid. Article 7. This Protocol and the attached Procedures shall enter into force upon signature of this Protocol and remain in force for the duration of the Treaty, and may be amended by the Standing Consultative Commission as it deems appropriate.",0.0,0.0,,1,1.0,The United States(2002-06-13)
140203,4.0,abm interceptor missiles (destruction procedures only),,,0,0,0,0,0,0,0,0,0,0,0,0,0,0,0,0,0,,,,,0.0,,,abm interceptor missiles (destruction procedures only),0,ABM Treaty category; purely military,1976,"Supplementary Protocol to the Protocol on Procedures Governing Replacement, Dismantling or Destruction, and Notification Thereof, for ABM Systems and Their Components of July 3, 1974 (October 28, 1976),",Supplementary Protocol on Replacement,"Bilateral, Nuclear Weapons",0.0,,0,,,1,2.0,1976-10-28,1,,,10/28/1976,"The Union of Soviet Socialist Republics(1976-10-28), The United States of America(1976-10-28)",1.0,1976-10-28,,,2.0,2,0.0,,0.0,"Ibid. Document info. The attached Procedures shall enter into force upon signature of this Supplementary Protocol and remain in force for the duration of the Treaty, and may be amended by the Standing Consultative Commission as it deems appropriate.",0.0,0.0,,1,1.0,The United States(2002-06-13)
140203,4.0,abm lauchers (destruction procedures only),,,0,0,0,0,0,0,0,0,0,0,0,0,0,0,0,0,0,,,,,0.0,,,abm lauchers (destruction procedures only),0,ABM Treaty category; purely military,1976,"Supplementary Protocol to the Protocol on Procedures Governing Replacement, Dismantling or Destruction, and Notification Thereof, for ABM Systems and Their Components of July 3, 1974 (October 28, 1976),",Supplementary Protocol on Replacement,"Bilateral, Nuclear Weapons",0.0,,0,,,1,2.0,1976-10-28,1,,,10/28/1976,"The Union of Soviet Socialist Republics(1976-10-28), The United States of America(1976-10-28)",1.0,1976-10-28,,,2.0,2,0.0,,0.0,"Ibid. Document info. The attached Procedures shall enter into force upon signature of this Supplementary Protocol and remain in force for the duration of the Treaty, and may be amended by the Standing Consultative Commission as it deems appropriate.",0.0,0.0,,1,1.0,The United States(2002-06-13)
140203,4.0,abm radars (destruction procedures only),,,0,0,0,0,0,0,0,0,0,0,0,0,0,0,0,0,0,,,,,0.0,,,abm radars (destruction procedures only),0,ABM Treaty category; purely military,1976,"Supplementary Protocol to the Protocol on Procedures Governing Replacement, Dismantling or Destruction, and Notification Thereof, for ABM Systems and Their Components of July 3, 1974 (October 28, 1976),",Supplementary Protocol on Replacement,"Bilateral, Nuclear Weapons",0.0,,0,,,1,2.0,1976-10-28,1,,,10/28/1976,"The Union of Soviet Socialist Republics(1976-10-28), The United States of America(1976-10-28)",1.0,1976-10-28,,,2.0,2,0.0,,0.0,"Ibid. Document info. The attached Procedures shall enter into force upon signature of this Supplementary Protocol and remain in force for the duration of the Treaty, and may be amended by the Standing Consultative Commission as it deems appropriate.",0.0,0.0,,1,1.0,The United States(2002-06-13)
140203,4.0,abm radar complexes (destruction procedures only),,,0,0,0,0,0,0,0,0,0,0,0,0,0,0,0,0,0,,,,,0.0,,,abm radar complexes (destruction procedures only),0,ABM Treaty category; purely military,1976,"Supplementary Protocol to the Protocol on Procedures Governing Replacement, Dismantling or Destruction, and Notification Thereof, for ABM Systems and Their Components of July 3, 1974 (October 28, 1976),",Supplementary Protocol on Replacement,"Bilateral, Nuclear Weapons",0.0,,0,,,1,2.0,1976-10-28,1,,,10/28/1976,"The Union of Soviet Socialist Republics(1976-10-28), The United States of America(1976-10-28)",1.0,1976-10-28,,,2.0,2,0.0,,0.0,"Ibid. Document info. The attached Procedures shall enter into force upon signature of this Supplementary Protocol and remain in force for the duration of the Treaty, and may be amended by the Standing Consultative Commission as it deems appropriate.",0.0,0.0,,1,1.0,The United States(2002-06-13)
140204,1.0,air defense component,,,0,0,0,0,0,0,0,0,0,0,1,0,0,0,0,0,0,0.0,,,Assumed directly upon force given no explicit indication otherwise,0.0,,,air defense component,0,Military air defense; on military goods list,1978,"Agreed Statements of November 1, 1978",S.C.C Agreed Statements (Nov 01 1978),"Bilateral, Nuclear Weapons",0.0,,0,,,1,1.0,1978-11-01,1,,,,"The Union of Soviet Socialist Republics(1978-11-02), The United States of America(1978-11-02)",1.0,1978-11-01,,,2.0,2,0.0,,2.0,,,2.0,,1,1.0,The United States(2002-06-13)
140204,1.0,air defense radar,,,0,0,0,0,0,0,0,0,0,0,0,0,0,0,0,1,0,0.0,,,Assumed directly upon force given no explicit indication otherwise,0.0,,,air defense radar,0,Military radar; on military goods list,1978,"Agreed Statements of November 1, 1978",S.C.C Agreed Statements (Nov 01 1978),"Bilateral, Nuclear Weapons",0.0,,0,,,1,1.0,1978-11-01,1,,,,"The Union of Soviet Socialist Republics(1978-11-02), The United States of America(1978-11-02)",1.0,1978-11-01,,,2.0,2,0.0,,2.0,,,2.0,,1,1.0,The United States(2002-06-13)
140204,1.0,phased array radars(3m+),,,0,0,0,0,0,0,0,0,0,0,0,0,0,1,0,0,0,0.0,,,Assumed directly upon force given no explicit indication otherwise,0.0,,,phased array radars(3m+),0,ABM Treaty restricted military radar; purely military (dual-use list 6A008 covers different radar systems),1978,"Agreed Statements of November 1, 1978",S.C.C Agreed Statements (Nov 01 1978),"Bilateral, Nuclear Weapons",0.0,,0,,,1,1.0,1978-11-01,1,,,,"The Union of Soviet Socialist Republics(1978-11-02), The United States of America(1978-11-02)",1.0,1978-11-01,,,2.0,2,0.0,,2.0,,,2.0,,1,1.0,The United States(2002-06-13)
140204,1.0,phased array radars(3m-),,,0,0,0,0,0,0,0,0,0,0,0,0,0,1,0,0,0,0.0,,,Assumed directly upon force given no explicit indication otherwise,0.0,,,phased array radars(3m-),0,ABM Treaty military radar category; purely military,1978,"Agreed Statements of November 1, 1978",S.C.C Agreed Statements (Nov 01 1978),"Bilateral, Nuclear Weapons",0.0,,0,,,1,1.0,1978-11-01,1,,,,"The Union of Soviet Socialist Republics(1978-11-02), The United States of America(1978-11-02)",1.0,1978-11-01,,,2.0,2,0.0,,2.0,,,2.0,,1,1.0,The United States(2002-06-13)
140206,1.0,space-based interseptor missiles other than strategic ballistic missile,,,1,1,0,0,0,0,0,0,0,0,0,0,0,0,0,0,0,2.0,,Within the shortest possible agreed period of time,"Ibid. Article IIII: The rights and obligations established by the Treaty remain in force and shall be complied with by the Parties except to the extent modified by this Protocol. In particular, the deployment of an ABM system or its components within the area selected shall remain limited by the levels and other requirements established by the Treaty. ABM Treaty: Within the shortest possible agreed period of time. Ibid. Article VII: ABM systems or their components in excess of the numbers or outside the areas specified in this Treaty, as well as ABM systems or their components prohibited by this Treaty, shall be destroyed or dismantled under agreed procedures within the shortest possible agreed period of time. Comment: Agreed Statements, Common Understandings, And Unilateral Statements Regarding The Treaty Between The United States Of America And The Union Of Soviet Socialist Republics On The Limitation Of Anti Ballistic Missiles, Common Understandings, E: On May 6, 1972, Minister Semenov made the following statement:In an effort to accommodate the wishes of the U.S. side, the Soviet Delegation is prepared to proceed on the basis that the two sides will in fact observe the obligations of both the Interim Agreement and the ABM Treaty beginning from the date of signature of these two documents.In reply, the U.S. Delegation made the following statement on May 20, 1972:The United States agrees in principle with the Soviet statement made on May 6 concerning observance of obligations beginning from date of signature but we would like to make clear our understanding that this means that, pending ratification and acceptance, neither side would take any action prohibited by the agreements after they had entered into force. This understanding would continue to apply in the absence of notification by either signatory of its intention not to proceed with ratification or approval.The Soviet Delegation indicated agreement with the U.S. statement.",0.0,,,space-based interseptor missiles other than strategic ballistic missile,0,Military space weapon; purely military,1997,"Memorandum Of Understanding Relating To The Treaty Between The United States of America And The Union of Soviet Socialist Republics On The Limitation Of AntiBallistic Missile Systems Of May 26, 1972","Memorandum Of Understanding Relating To The Treaty Between The United States of America And The Union of Soviet Socialist Republics On The Limitation Of AntiBallistic Missile Systems Of May 26, 1972","Multilateral, Nuclear Weapons",0.0,,0,,,1,3.0,1997-09-26,1,,,,"Belarus(1997-09-26), Kazakhstan(1997-09-26), The Russian Federation(1997-09-26), Ukraine(1997-09-26), The United States of America(1997-09-26)",1.0,,,,6.0,2,0.0,,0.0,"Ibid. Agreement On ConfidenceBuilding Measures Related To Systems To Counter Ballistic Missiles Other Than Strategic Ballistic Missiles. Article VI. 1.b. To promote the objectives and implementation of the provisions of this Agreement, the Parties, within the framework of the Standing Consultative Commission established in accordance with the Treaty Between The United States of America and The Union of Soviet Socialist Republics on the Limitation of AntiBallistic Missile Systems of May 26, 1972, shall consider.(b),amendments to the provisions of this Agreement and other possible proposals on further increasing its viability.",4.0,3.0,,,1.0,The United States(2002-06-13)
2801,1.0,strategic offensive arm,,,0,0,0,0,0,0,1,0,0,0,0,0,0,1,0,0,0,0.0,,,,0.0,,,strategic offensive arm,0,START Treaty category covering nuclear weapons systems; purely military,1991,"Strategic Arms Reduction Talks (START),Treaty",START I,"Bilateral, Nuclear Weapons",0.0,,0,,,1,3.0,1991-07-31,2,,,,"The Union of Soviet Socialist Republics(1991-07-31), The United States of America(1991-07-31)",1.0,1994-12-05,,,2.0,2,0.0,,0.0,Each Party may propose amendments to this Treaty. Agreed amendments shall enter into force in accordance with the procedures governing entry into force of this Treaty. Ibid Article XVIII,4.0,0.0,,1,0.0,
2803,1.0,strategic offensive arm,,,0,0,0,0,0,0,1,0,0,0,0,0,0,1,0,0,0,0.0,,,,0.0,,,strategic offensive arm,0,START Treaty category covering nuclear weapons systems; purely military,2010,Treaty between The United States of America and The The Russian Federation on Measures for the Further Reduction and Limitation of Strategic Offensive Arms,New START Treaty,"Bilateral, Nuclear Weapons",1.0,Treaty between The United States of America and The The Russian Federation on Strategic Offensive Reductions Treaty (SORT)(2002).,0,,,1,3.0,2010-04-08,0,,,,"The Russian Federation(2010-04-08), The United States of America(2010-04-08)",1.0,2011-02-05,,,2.0,2,0.0,,0.0,ibid. Treaty. Article XV. 1 Each Party may propose amendments to this Treaty.,0.0,0.0,,0,0.0,
2803,1.0,prototype icbm,"The term prototype means, for ICBMs or SLBMs, an ICBM or SLBM of a new type, no more than 20 missiles of which have been launched, and no launchers of missiles of which have been deployed.","ibid.   Protocol: Part One, 58 The term prototype means, for ICBMs or SLBMs, an ICBM or SLBM of a new type, no more than 20 missiles of which have been launched, and no launchers of missiles of which have been deployed.",0,0,0,0,0,0,0,0,0,0,0,0,0,1,0,0,0,0.0,,,,0.0,,,prototype icbm,0,Military prototype; purely military,2010,Treaty between The United States of America and The The Russian Federation on Measures for the Further Reduction and Limitation of Strategic Offensive Arms,New START Treaty,"Bilateral, Nuclear Weapons",1.0,Treaty between The United States of America and The The Russian Federation on Strategic Offensive Reductions Treaty (SORT)(2002).,0,,,1,3.0,2010-04-08,0,,,,"The Russian Federation(2010-04-08), The United States of America(2010-04-08)",1.0,2011-02-05,,,2.0,2,0.0,,0.0,ibid. Treaty. Article XV. 1 Each Party may propose amendments to this Treaty.,0.0,0.0,,0,0.0,
2803,1.0,test launchers of icbm," The term ""test launcher1' means an ICBM launcher or  an SLBM launcher located within a test range. ","ibid.   Protocol. Part One: 80. (58.) The term ""test launcher1' means an ICBM launcher or  an SLBM launcher located within a test range. ",0,0,0,0,0,0,0,0,0,0,0,0,0,1,0,0,0,0.0,,,,0.0,,,test launchers of icbm,0,Military test equipment; purely military,2010,Treaty between The United States of America and The The Russian Federation on Measures for the Further Reduction and Limitation of Strategic Offensive Arms,New START Treaty,"Bilateral, Nuclear Weapons",1.0,Treaty between The United States of America and The The Russian Federation on Strategic Offensive Reductions Treaty (SORT)(2002).,0,,,1,3.0,2010-04-08,0,,,,"The Russian Federation(2010-04-08), The United States of America(2010-04-08)",1.0,2011-02-05,,,2.0,2,0.0,,0.0,ibid. Treaty. Article XV. 1 Each Party may propose amendments to this Treaty.,0.0,0.0,,0,0.0,
2803,1.0,mobile launchers of prototype icbm,"Definition for mobile launcher in Item B. Prototype means, for ICBMs or SLBMs, an ICBM or SLBM of a new type, no more than 20 missiles of which have been launched, and no launchers of missiles of which have been deployed.","ibid.   Protocol: Part One, 58 The term prototype means, for ICBMs or SLBMs, an ICBM or SLBM of a new type, no more than 20 missiles of which have been launched, and no launchers of missiles of which have been deployed.",0,0,0,0,0,0,0,0,0,0,0,0,0,1,0,0,0,0.0,,,,0.0,,,mobile launchers of prototype icbm,0,Military launcher; purely military,2010,Treaty between The United States of America and The The Russian Federation on Measures for the Further Reduction and Limitation of Strategic Offensive Arms,New START Treaty,"Bilateral, Nuclear Weapons",1.0,Treaty between The United States of America and The The Russian Federation on Strategic Offensive Reductions Treaty (SORT)(2002).,0,,,1,3.0,2010-04-08,0,,,,"The Russian Federation(2010-04-08), The United States of America(2010-04-08)",1.0,2011-02-05,,,2.0,2,0.0,,0.0,ibid. Treaty. Article XV. 1 Each Party may propose amendments to this Treaty.,0.0,0.0,,0,0.0,
2803,1.0,silo training launcher,The term silo launcher of ICBMs means an ICBM launcher in a silo structure located in the ground. The term silo training launcher means a fullscale silo launcher of ICBMs specified for training purposes.,"ibid.   Protocol: Part One, 65 The term silo launcher of ICBMs means an ICBM launcher in a silo structure located in the ground., 66 The term silo training launcher means a fullscale silo launcher of ICBMs specified for training purposes..",0,0,0,0,0,0,0,0,0,0,0,0,0,1,0,0,0,0.0,,,,0.0,,,silo training launcher,0,Military training equipment; purely military,2010,Treaty between The United States of America and The The Russian Federation on Measures for the Further Reduction and Limitation of Strategic Offensive Arms,New START Treaty,"Bilateral, Nuclear Weapons",1.0,Treaty between The United States of America and The The Russian Federation on Strategic Offensive Reductions Treaty (SORT)(2002).,0,,,1,3.0,2010-04-08,0,,,,"The Russian Federation(2010-04-08), The United States of America(2010-04-08)",1.0,2011-02-05,,,2.0,2,0.0,,0.0,ibid. Treaty. Article XV. 1 Each Party may propose amendments to this Treaty.,0.0,0.0,,0,0.0,
2803,1.0,prototype slbm,"The term prototype means, for ICBMs or SLBMs, an ICBM or SLBM of a new type, no more than 20 missiles of which have been launched, and no launchers of missiles of which have been deployed.","ibid.   Protocol: Part One, 58 The term prototype means, for ICBMs or SLBMs, an ICBM or SLBM of a new type, no more than 20 missiles of which have been launched, and no launchers of missiles of which have been deployed.",0,0,0,0,0,0,0,0,0,0,0,0,0,1,0,0,0,0.0,,,,0.0,,,prototype slbm,0,Military prototype; purely military,2010,Treaty between The United States of America and The The Russian Federation on Measures for the Further Reduction and Limitation of Strategic Offensive Arms,New START Treaty,"Bilateral, Nuclear Weapons",1.0,Treaty between The United States of America and The The Russian Federation on Strategic Offensive Reductions Treaty (SORT)(2002).,0,,,1,3.0,2010-04-08,0,,,,"The Russian Federation(2010-04-08), The United States of America(2010-04-08)",1.0,2011-02-05,,,2.0,2,0.0,,0.0,ibid. Treaty. Article XV. 1 Each Party may propose amendments to this Treaty.,0.0,0.0,,0,0.0,
2803,1.0,test launchers of slbm,,,0,0,0,0,0,0,0,0,0,0,0,0,0,1,0,0,0,0.0,,,,0.0,,,test launchers of slbm,0,Military test equipment; purely military,2010,Treaty between The United States of America and The The Russian Federation on Measures for the Further Reduction and Limitation of Strategic Offensive Arms,New START Treaty,"Bilateral, Nuclear Weapons",1.0,Treaty between The United States of America and The The Russian Federation on Strategic Offensive Reductions Treaty (SORT)(2002).,0,,,1,3.0,2010-04-08,0,,,,"The Russian Federation(2010-04-08), The United States of America(2010-04-08)",1.0,2011-02-05,,,2.0,2,0.0,,0.0,ibid. Treaty. Article XV. 1 Each Party may propose amendments to this Treaty.,0.0,0.0,,0,0.0,
2801,1.0,test heavy bomber,,,0,0,0,0,0,0,0,0,0,0,0,0,0,1,0,0,0,0.0,,,,0.0,,,test heavy bomber,0,Military aircraft; purely military,1991,"Strategic Arms Reduction Talks (START),Treaty",START I,"Bilateral, Nuclear Weapons",0.0,,0,,,1,3.0,1991-07-31,2,,,,"The Union of Soviet Socialist Republics(1991-07-31), The United States of America(1991-07-31)",1.0,1994-12-05,,,2.0,2,0.0,,0.0,Each Party may propose amendments to this Treaty. Agreed amendments shall enter into force in accordance with the procedures governing entry into force of this Treaty. Ibid Article XVIII,4.0,0.0,,1,0.0,
2803,1.0,test heavy bomber,,,0,0,0,0,0,0,0,0,0,0,0,0,0,1,0,0,0,0.0,,,,0.0,,,test heavy bomber,0,Military aircraft; purely military,2010,Treaty between The United States of America and The The Russian Federation on Measures for the Further Reduction and Limitation of Strategic Offensive Arms,New START Treaty,"Bilateral, Nuclear Weapons",1.0,Treaty between The United States of America and The The Russian Federation on Strategic Offensive Reductions Treaty (SORT)(2002).,0,,,1,3.0,2010-04-08,0,,,,"The Russian Federation(2010-04-08), The United States of America(2010-04-08)",1.0,2011-02-05,,,2.0,2,0.0,,0.0,ibid. Treaty. Article XV. 1 Each Party may propose amendments to this Treaty.,0.0,0.0,,0,0.0,
2803,1.0,icbm warhead,"The term warhead means a unit of account used forcounting toward the 1550 aggregate limit as applied todeployed ICBMs, deployed SLBMs, and deployed heavy bombers.","ibid.   Protocol: Part One, 89 The term warhead means a unit of account used for counting toward the 1550 aggregate limit as applied to deployed ICBMs, deployed SLBMs, and deployed heavy bombers.",0,0,0,0,0,0,0,0,0,0,0,0,0,1,0,0,0,1.0,Seven years,,"ibid.   Treaty. Article II: 1 [] so that seven years after entry into force of this Treaty and thereafter, the aggregate numbers, as counted in accordance with I11 of this Treaty, do not exceed: [].",1.0,"ibid.   Treaty. Article II: 1 [] so that seven years after entry into force of this Treaty and thereafter, the aggregate numbers, as counted in accordance with I11 of this Treaty, do not exceed: [].",,icbm warhead,0,Nuclear warhead; purely military,2010,Treaty between The United States of America and The The Russian Federation on Measures for the Further Reduction and Limitation of Strategic Offensive Arms,New START Treaty,"Bilateral, Nuclear Weapons",1.0,Treaty between The United States of America and The The Russian Federation on Strategic Offensive Reductions Treaty (SORT)(2002).,0,,,1,3.0,2010-04-08,0,,,,"The Russian Federation(2010-04-08), The United States of America(2010-04-08)",1.0,2011-02-05,,,2.0,2,0.0,,0.0,ibid. Treaty. Article XV. 1 Each Party may propose amendments to this Treaty.,0.0,0.0,,0,0.0,
2803,1.0,slbm warhead,"The term warhead means a unit of account used forcounting toward the 1550 aggregate limit as applied todeployed ICBMs, deployed SLBMs, and deployed heavy bombers.","ibid.   Protocol: Part One, 89 The term warhead means a unit of account used for counting toward the 1550 aggregate limit as applied to deployed ICBMs, deployed SLBMs, and deployed heavy bombers.",0,0,0,0,0,0,0,0,0,0,0,0,0,1,0,0,0,1.0,Seven years,,"ibid.   Treaty. Article II: 1 [] so that seven years after entry into force of this Treaty and thereafter, the aggregate numbers, as counted in accordance with I11 of this Treaty, do not exceed: [].",1.0,"ibid.   Treaty. Article II: 1 [] so that seven years after entry into force of this Treaty and thereafter, the aggregate numbers, as counted in accordance with I11 of this Treaty, do not exceed: [].",,slbm warhead,0,Nuclear warhead; purely military,2010,Treaty between The United States of America and The The Russian Federation on Measures for the Further Reduction and Limitation of Strategic Offensive Arms,New START Treaty,"Bilateral, Nuclear Weapons",1.0,Treaty between The United States of America and The The Russian Federation on Strategic Offensive Reductions Treaty (SORT)(2002).,0,,,1,3.0,2010-04-08,0,,,,"The Russian Federation(2010-04-08), The United States of America(2010-04-08)",1.0,2011-02-05,,,2.0,2,0.0,,0.0,ibid. Treaty. Article XV. 1 Each Party may propose amendments to this Treaty.,0.0,0.0,,0,0.0,
2803,1.0,heavy bomber nuclear armaments/warhead,"The term warhead means a unit of account used forcounting toward the 1550 aggregate limit as applied todeployed ICBMs, deployed SLBMs, and deployed heavy bombers.","ibid.   Protocol: Part One, 89 The term warhead means a unit of account used for counting toward the 1550 aggregate limit as applied to deployed ICBMs, deployed SLBMs, and deployed heavy bombers.",0,0,0,0,0,0,0,0,0,0,0,0,0,1,0,0,0,1.0,Seven years,,"ibid.   Treaty. Article II: 1 [] so that seven years after entry into force of this Treaty and thereafter, the aggregate numbers, as counted in accordance with I11 of this Treaty, do not exceed: [].",1.0,"ibid.   Treaty. Article II: 1 [] so that seven years after entry into force of this Treaty and thereafter, the aggregate numbers, as counted in accordance with I11 of this Treaty, do not exceed: [].",,heavy bomber nuclear armaments/warhead,0,Nuclear warhead; purely military,2010,Treaty between The United States of America and The The Russian Federation on Measures for the Further Reduction and Limitation of Strategic Offensive Arms,New START Treaty,"Bilateral, Nuclear Weapons",1.0,Treaty between The United States of America and The The Russian Federation on Strategic Offensive Reductions Treaty (SORT)(2002).,0,,,1,3.0,2010-04-08,0,,,,"The Russian Federation(2010-04-08), The United States of America(2010-04-08)",1.0,2011-02-05,,,2.0,2,0.0,,0.0,ibid. Treaty. Article XV. 1 Each Party may propose amendments to this Treaty.,0.0,0.0,,0,0.0,
1403,1.0,icbms equipped with mirv,"ICBMs and SLBMs of the types which have been flight tested with two or more independently targetable reentry vehicles, regardless of whether or not they have also been flight tested with a single reentry vehicle or with multiple reentry vehicles which are not independently targetable. As of the date of signature of the Treaty, such ICBMs and SLBMs are: for the United States of America, Minuteman III ICBMs, Poseidon C 3 SLBMs, and Trident C 4 SLBMs; and for the Union of Soviet Socialist Republics, RS 16, RS 18, RS 20 ICBMs and RSM 50 SLBMs. 2) Missiles of the types designated by the United States of America as the Poseidon C 3 and known to the Union of Soviet Socialist Republics by the same designation, an SLBM that was first flight tested in 1968 and that has been flight tested with multiple independently targetable reentry vehicles; Missiles of the type designated by the United States of America as the Trident C 4 and known to the Union of Soviet Socialist Republics by the same designation, an SLBM that was first flight tested in 1977 and that has been flight tested with multiple independently targetable reentry vehicles;Missiles of the type designated by the Union of Soviet Socialist Republics as the RS 16 and known to the United States of America as the SS 17, a light ICBM that has been flight tested with a single reentry vehicle and with multiple independently targetable reentry vehicles;Missiles of the type designated by the Union of Soviet Socialist Republics as the RS 18 and known to the United States of America as the SS 19, the heaviest in terms of launch weight and throw weight of light ICBMs, which has been flight tested with a single reentry vehicle and with multiple independently targetable reentry vehicles; Missiles of the type designated by the Union of Soviet Socialist Republics as the RS 20 and known to the United States of America as the SS 18, the heaviest in terms of launch weight and throw weight of heavy ICBMs, which has been flight tested with a single reentry vehicle and with multiple independently targetable reentry vehicles; Missiles of the type designated by the Union of Soviet Socialist Republics as the RSM 50 and known to the United States of America as the SS N 18, an SLBM that has been flight tested with a single reentry vehicle and with multiple independently targetable reentry vehicles. Missiles of the type designated by the United States of America as the Minuteman III and known to the Union of Soviet Socialist Republics by the same designation, a light ICBM that has been flight tested with multiple independently targetable reentry vehicles. 3) Reentry vehicles are independently targetable: if maneuvering and targeting of the reentry vehicles to separate aim points along trajectories which are unrelated to each other are accomplished by means of other devices which may be developed in the future. if, after separation from the booster, maneuvering and targeting of the reentry vehicles to separate aim points along trajectories which are unrelated to each other are accomplished by means of devices which are installed in a self contained dispensing mechanism or on the reentry vehicles, and which are based on the use of electronic or other computers in combination with devices using jet engines, including rocket engines, or aerodynamic systems;","Ibid. Article II:5: Second Agreed Statement: ICBMs and SLBMs equipped with MIRVs are ICBMs and SLBMs of the types which have been flight tested with two or more independently targetable reentry vehicles, regardless of whether or not they have also been flight tested with a single reentry vehicle or with multiple reentry vehicles which are not independently targetable. As of the date of signature of the Treaty, such ICBMs and SLBMs are: for the United States of America, Minuteman III ICBMs, Poseidon C 3 SLBMs, and Trident C 4 SLBMs; and for the Union of Soviet Socialist Republics, RS 16, RS 18, RS 20 ICBMs and RSM 50 SLBMs. Third Common Understanding: The designations by the United States of America and by the Union of Soviet Socialist Republics for ICBMs and SLBMs equipped with MIRVs correspond in the following manner:   Missiles of the types designated by the United States of America as the Poseidon C 3 and known to the Union of Soviet Socialist Republics by the same designation, an SLBM that was first flight tested in 1968 and that has been flight tested with multiple independently targetable reentry vehicles;   Missiles of the type designated by the United States of America as the Trident C 4 and known to the Union of Soviet Socialist Republics by the same designation, an SLBM that was first flight tested in 1977 and that has been flight tested with multiple independently targetable reentry vehicles;   Missiles of the type designated by the Union of Soviet Socialist Republics as the RS 16 and known to the United States of America as the SS 17, a light ICBM that has been flight tested with a single reentry vehicle and with multiple independently targetable reentry vehicles;   Missiles of the type designated by the Union of Soviet Socialist Republics as the RS 18 and known to the United States of America as the SS 19, the heaviest in terms of launch weight and throw weight of light ICBMs, which has been flight tested with a single reentry vehicle and with multiple independently targetable reentry vehicles;   Missiles of the type designated by the Union of Soviet Socialist Republics as the RS 20 and known to the United States of America as the SS 18, the heaviest in terms of launch weight and throw weight of heavy ICBMs, which has been flight tested with a single reentry vehicle and with multiple independently targetable reentry vehicles;   Missiles of the type designated by the Union of Soviet Socialist Republics as the RSM 50 and known to the United States of America as the SS N 18, an SLBM that has been flight tested with a single reentry vehicle and with multiple independently targetable reentry vehicles.   Missiles of the type designated by the United States of America as the Minuteman III and known to the Union of Soviet Socialist Republics by the same designation, a light ICBM that has been flight tested with multiple independently targetable reentry vehicles; Third Agreed statement: Reentry vehicles are independently targetable:(b) if maneuvering and targeting of the reentry vehicles to separate aim points along trajectories which are unrelated to each other are accomplished by means of other devices which may be developed in the future.(a) if, after separation from the booster, maneuvering and targeting of the reentry vehicles to separate aim points along trajectories which are unrelated to each other are accomplished by means of devices which are installed in a self contained dispensing mechanism or on the reentry vehicles, and which are based on the use of electronic or other computers in combination with devices using jet engines, including rocket engines, or aerodynamic systems;",0,0,0,0,0,0,0,0,0,0,1,0,0,1,0,0,0,0.0,,,Assumed ,0.0,,,icbms equipped with mirv,0,Strategic nuclear missiles; purely military,1979,Treaty Between The United States of America and The Union of Soviet Socialist Republics on the Limitation of Strategic Offensive Arms,SALT II,"Bilateral, Nuclear Weapons",0.0,,0,,,1,3.0,1979-06-18,4,,,,"The Union of Soviet Socialist Republics(1979-06-18), The United States of America(1979-06-18)",0.0,,,,,2,0.0,,0.0,Ibid. Article XVIII. Each Party may propose amendments to this Treaty. Agreed amendments shall enter into force in accordance with the procedures governing the entry into force of this Treaty.,0.0,2.0,,1,,
1403,1.0,new types of icbm,"Types of ICBMs not flight tested as of May 1, 1979. 2. Any ICBM which is different from those ICBMs flight tested as of May 1, 1979 in any one or more of the following respects: (a) the number of stages, the length, the largest diameter, the launch weight, or the throw weight, of the missile; (b) the type of propellant (that is, liquid or solid) of any of its stages (the term different, referring to the length, the diameter, the launch weight, and the throw weight of the missile, means a difference in excess of five percent). ","Ibid. Article 9: Each Party undertakes not to flight test or deploy new types of ICBMs, that is, types of ICBMs not flight tested as of May 1, 1979, except that each Party may flight test and deploy one new type of light ICBM. First Agreed Statement: The term new types of ICBMs, as used in paragraph 9 of Article IV of the Treaty, refers to any ICBM which is different from those ICBMs flight tested as of May 1, 1979 in any one or more of the following respects:(a) the number of stages, the length, the largest diameter, the launch weight, or the throw weight, of the missile;(b) the type of propellant (that is, liquid or solid) of any of its stages. First Common Understanding: As used in the First Agreed Statement to paragraph 9 of Article IV of the Treaty, the term different, referring to the length, the diameter, the launch weight, and the throw weight of the missile, means a difference in excess of five percent. ",0,0,0,0,0,0,0,0,0,1,0,0,0,1,0,0,0,0.0,,,Assumed ,0.0,,,new types of icbm,0,Strategic nuclear missiles; purely military,1979,Treaty Between The United States of America and The Union of Soviet Socialist Republics on the Limitation of Strategic Offensive Arms,SALT II,"Bilateral, Nuclear Weapons",0.0,,0,,,1,3.0,1979-06-18,4,,,,"The Union of Soviet Socialist Republics(1979-06-18), The United States of America(1979-06-18)",0.0,,,,,2,0.0,,0.0,Ibid. Article XVIII. Each Party may propose amendments to this Treaty. Agreed amendments shall enter into force in accordance with the procedures governing the entry into force of this Treaty.,0.0,2.0,,1,,
1403,1.0,fixed icbm launcher,,,0,0,1,0,0,0,0,0,0,0,0,0,0,0,0,0,0,0.0,,,Assumed ,0.0,,,fixed icbm launcher,0,Military launcher; purely military,1979,Treaty Between The United States of America and The Union of Soviet Socialist Republics on the Limitation of Strategic Offensive Arms,SALT II,"Bilateral, Nuclear Weapons",0.0,,0,,,1,3.0,1979-06-18,4,,,,"The Union of Soviet Socialist Republics(1979-06-18), The United States of America(1979-06-18)",0.0,,,,,2,0.0,,0.0,Ibid. Article XVIII. Each Party may propose amendments to this Treaty. Agreed amendments shall enter into force in accordance with the procedures governing the entry into force of this Treaty.,0.0,2.0,,1,,
1403,1.0,launchers for icbms equipped with mirv,"Launchers of the types developed and tested for launching ICBMs or SLBMs equipped with MIRVs. 2) All types of launchers developed and tested for launching an ICBM equipped with MIRVs (If a launcher contains or launches an ICBM or an SLBM equipped with MIRVs, that launcher shall be considered to have been developed and tested for launching ICBMs or SLBMs equipped with MIRVs.) 3) If a launcher has been developed and tested for launching an ICBM or an SLBM equipped with MIRVs, all launchers of that type, except for ICBM and SLBM test and training launchers, shall be included in the corresponding aggregate numbers provided for in Article V of the Treaty, pursuant to the provisions of Article VI of the Treaty. 4.all ICBM launchers in the Derazhnya and Pervomaysk areas in the Union of Soviet Socialist Republics are included in the aggregate numbers provided for in Article V of the Treaty.","Ibid. Article II:5: Launchers of ICBMs and SLBMs equipped with multiple independently targetable reentry vehicles (MIRVs) are launchers of the types developed and tested for launching ICBMs or SLBMs equipped with MIRVs. First Agreed statement: If a launcher has been developed and tested for launching an ICBM or an SLBM equipped with MIRVs, all launchers of that type shall be considered to have been developed and tested for launching ICBMs or SLBMs equipped with MIRVs. First Common Understanding: If a launcher contains or launches an ICBM or an SLBM equipped with MIRVs, that launcher shall be considered to have been developed and tested for launching ICBMs or SLBMs equipped with MIRVs. Second Common Understanding: If a launcher has been developed and tested for launching an ICBM or an SLBM equipped with MIRVs, all launchers of that type, except for ICBM and SLBM test and training launchers, shall be included in the corresponding aggregate numbers provided for in Article V of the Treaty, pursuant to the provisions of Article VI of the Treaty. Fourth Common Understanding: For the purposes of this Treaty, all ICBM launchers in the Derazhnya and Pervomaysk areas in the Union of Soviet Socialist Republics are included in the aggregate numbers provided for in Article V of the Treaty. ",0,0,0,0,0,0,0,0,0,0,0,0,0,1,0,0,0,0.0,,,Assumed ,0.0,,,launchers for icbms equipped with mirv,0,Military launcher; purely military,1979,Treaty Between The United States of America and The Union of Soviet Socialist Republics on the Limitation of Strategic Offensive Arms,SALT II,"Bilateral, Nuclear Weapons",0.0,,0,,,1,3.0,1979-06-18,4,,,,"The Union of Soviet Socialist Republics(1979-06-18), The United States of America(1979-06-18)",0.0,,,,,2,0.0,,0.0,Ibid. Article XVIII. Each Party may propose amendments to this Treaty. Agreed amendments shall enter into force in accordance with the procedures governing the entry into force of this Treaty.,0.0,2.0,,1,,
1403,1.0,icbm silo launcher,,,0,0,0,0,0,0,0,0,0,1,0,0,0,0,0,0,0,0.0,,,Assumed ,0.0,,,icbm silo launcher,0,Military silo; purely military,1979,Treaty Between The United States of America and The Union of Soviet Socialist Republics on the Limitation of Strategic Offensive Arms,SALT II,"Bilateral, Nuclear Weapons",0.0,,0,,,1,3.0,1979-06-18,4,,,,"The Union of Soviet Socialist Republics(1979-06-18), The United States of America(1979-06-18)",0.0,,,,,2,0.0,,0.0,Ibid. Article XVIII. Each Party may propose amendments to this Treaty. Agreed amendments shall enter into force in accordance with the procedures governing the entry into force of this Treaty.,0.0,2.0,,1,,
1403,1.0,launchers of light icbms (or icbms of older types deployed prior to 1964),,,0,0,0,0,0,0,0,0,0,1,0,0,0,0,0,0,0,0.0,,,Assumed ,0.0,,,launchers of light icbms (or icbms of older types deployed prior to 1964),0,Military launchers; purely military,1979,Treaty Between The United States of America and The Union of Soviet Socialist Republics on the Limitation of Strategic Offensive Arms,SALT II,"Bilateral, Nuclear Weapons",0.0,,0,,,1,3.0,1979-06-18,4,,,,"The Union of Soviet Socialist Republics(1979-06-18), The United States of America(1979-06-18)",0.0,,,,,2,0.0,,0.0,Ibid. Article XVIII. Each Party may propose amendments to this Treaty. Agreed amendments shall enter into force in accordance with the procedures governing the entry into force of this Treaty.,0.0,2.0,,1,,
1403,1.0,launchers for slbms equipped with mirv,"Launchers of the types developed and tested for launching ICBMs or SLBMs equipped with MIRVs. 2) All types of launchers developed and tested for launching an SLBM equipped with MIRVs (If a launcher contains or launches an ICBM or an SLBM equipped with MIRVs, that launcher shall be considered to have been developed and tested for launching ICBMs or SLBMs equipped with MIRVs.) 3) If a launcher has been developed and tested for launching an ICBM or an SLBM equipped with MIRVs, all launchers of that type, except for ICBM and SLBM test and training launchers, shall be included in the corresponding aggregate numbers provided for in Article V of the Treaty, pursuant to the provisions of Article VI of the Treaty. 4.all ICBM launchers in the Derazhnya and Pervomaysk areas in the Union of Soviet Socialist Republics are included in the aggregate numbers provided for in Article V of the Treaty.","Ibid. Article II:5: Launchers of ICBMs and SLBMs equipped with multiple independently targetable reentry vehicles (MIRVs) are launchers of the types developed and tested for launching ICBMs or SLBMs equipped with MIRVs. First Agreed statement: If a launcher has been developed and tested for launching an ICBM or an SLBM equipped with MIRVs, all launchers of that type shall be considered to have been developed and tested for launching ICBMs or SLBMs equipped with MIRVs. First Common Understanding: If a launcher contains or launches an ICBM or an SLBM equipped with MIRVs, that launcher shall be considered to have been developed and tested for launching ICBMs or SLBMs equipped with MIRVs. Second Common Understanding: If a launcher has been developed and tested for launching an ICBM or an SLBM equipped with MIRVs, all launchers of that type, except for ICBM and SLBM test and training launchers, shall be included in the corresponding aggregate numbers provided for in Article V of the Treaty, pursuant to the provisions of Article VI of the Treaty. Fourth Common Understanding: For the purposes of this Treaty, all ICBM launchers in the Derazhnya and Pervomaysk areas in the Union of Soviet Socialist Republics are included in the aggregate numbers provided for in Article V of the Treaty. ",0,0,0,0,0,0,0,0,0,0,0,0,0,1,0,0,0,0.0,,,Assumed ,0.0,,,launchers for slbms equipped with mirv,0,Military launchers; purely military,1979,Treaty Between The United States of America and The Union of Soviet Socialist Republics on the Limitation of Strategic Offensive Arms,SALT II,"Bilateral, Nuclear Weapons",0.0,,0,,,1,3.0,1979-06-18,4,,,,"The Union of Soviet Socialist Republics(1979-06-18), The United States of America(1979-06-18)",0.0,,,,,2,0.0,,0.0,Ibid. Article XVIII. Each Party may propose amendments to this Treaty. Agreed amendments shall enter into force in accordance with the procedures governing the entry into force of this Treaty.,0.0,2.0,,1,,
1403,1.0,asbm,A ballistic missile with a range in excess of 600 kilometers that is installed in an aircraft or on its external mountings for the purpose of being launched from this aircraft. | Any such missiles capable of a range in excess of 600 kilometers and installed in an aircraft or on its external mountings.,"Ibid. Article II:4: Air to surface ballistic missiles (ASBMs) are any such missiles capable of a range in excess of 600 kilometers and installed in an aircraft or on its external mountings. | START: Definitions Annex', 1991. Term 6 (6) https://www.acq.osd.mil/asda/ssipm/sdc/tc/start1/START1 annex definitions.html.",0,0,0,0,0,0,0,0,0,0,0,1,0,1,0,0,0,1.0,1981-01-01,,"Ibid. Article III: 1: Upon entry into force of this Treaty, each Party undertakes to limit ICBM launchers, SLBM launchers, heavy bombers, and ASBMs to an aggregate number not to exceed 2,400. Article III: 2: Each Party undertakes to limit, from January 1, 1981, strategic offensive arms referred to in paragraph 1 of this Article to an aggregate number not to exceed 2,250, and to initiate reductions of those arms which as of that date would be in excess of this aggregate number.",1.0,"Ibid. Article III: 1: Upon entry into force of this Treaty, each Party undertakes to limit ICBM launchers, SLBM launchers, heavy bombers, and ASBMs to an aggregate number not to exceed 2,400. Article III: 2: Each Party undertakes to limit, from January 1, 1981, strategic offensive arms referred to in paragraph 1 of this Article to an aggregate number not to exceed 2,250, and to initiate reductions of those arms which as of that date would be in excess of this aggregate number.","Phase 1(upon entry into force): Aggregate quantity 2400. Phase 2(january 1, 1981): Aggregate quantity 2250.",asbm,0,Air-to-surface ballistic missile; purely military,1979,Treaty Between The United States of America and The Union of Soviet Socialist Republics on the Limitation of Strategic Offensive Arms,SALT II,"Bilateral, Nuclear Weapons",0.0,,0,,,1,3.0,1979-06-18,4,,,,"The Union of Soviet Socialist Republics(1979-06-18), The United States of America(1979-06-18)",0.0,,,,,2,0.0,,0.0,Ibid. Article XVIII. Each Party may propose amendments to this Treaty. Agreed amendments shall enter into force in accordance with the procedures governing the entry into force of this Treaty.,0.0,2.0,,1,,
2801,1.0,asbm,A ballistic missile with a range in excess of 600 kilometers that is installed in an aircraft or on its external mountings for the purpose of being launched from this aircraft. | Any such missiles capable of a range in excess of 600 kilometers and installed in an aircraft or on its external mountings.,"Ibid. Article II:4: Air to surface ballistic missiles (ASBMs) are any such missiles capable of a range in excess of 600 kilometers and installed in an aircraft or on its external mountings. | START: Definitions Annex', 1991. Term 6 (6) https://www.acq.osd.mil/asda/ssipm/sdc/tc/start1/START1 annex definitions.html.",0,0,0,0,0,0,0,0,0,0,0,1,0,1,0,0,0,1.0,1981-01-01,,"Ibid. Article III: 1: Upon entry into force of this Treaty, each Party undertakes to limit ICBM launchers, SLBM launchers, heavy bombers, and ASBMs to an aggregate number not to exceed 2,400. Article III: 2: Each Party undertakes to limit, from January 1, 1981, strategic offensive arms referred to in paragraph 1 of this Article to an aggregate number not to exceed 2,250, and to initiate reductions of those arms which as of that date would be in excess of this aggregate number.",1.0,"Ibid. Article III: 1: Upon entry into force of this Treaty, each Party undertakes to limit ICBM launchers, SLBM launchers, heavy bombers, and ASBMs to an aggregate number not to exceed 2,400. Article III: 2: Each Party undertakes to limit, from January 1, 1981, strategic offensive arms referred to in paragraph 1 of this Article to an aggregate number not to exceed 2,250, and to initiate reductions of those arms which as of that date would be in excess of this aggregate number.","Phase 1(upon entry into force): Aggregate quantity 2400. Phase 2(january 1, 1981): Aggregate quantity 2250.",asbm,0,Air-to-surface ballistic missile; purely military,1991,"Strategic Arms Reduction Talks (START),Treaty",START I,"Bilateral, Nuclear Weapons",0.0,,0,,,1,3.0,1991-07-31,2,,,,"The Union of Soviet Socialist Republics(1991-07-31), The United States of America(1991-07-31)",1.0,1994-12-05,,,2.0,2,0.0,,0.0,Each Party may propose amendments to this Treaty. Agreed amendments shall enter into force in accordance with the procedures governing entry into force of this Treaty. Ibid Article XVIII,4.0,0.0,,1,0.0,
1403,1.0,asbms equipped with mirv,"ASBMs of the types which have been flight tested with MIRVs(ASBMs of the types which have been flight tested with two or more independently targetable reentry vehicles, regardless of whether or not they have also been flight tested with a single reentry vehicle or with multiple reentry vehicles which are not independently targetable). 2) Reentry vehicles are independently targetable: (b) if maneuvering and targeting of the reentry vehicles to separate aim points along trajectories which are unrelated to each other are accomplished by means of other devices which may be developed in the future. (a) if, after separation from the booster, maneuvering and targeting of the reentry vehicles to separate aim points along trajectories which are unrelated to each other are accomplished by means of devices which are installed in a self contained dispensing mechanism or on the reentry vehicles, and which are based on the use of electronic or other computers in combination with devices using jet engines, including rocket engines, or aerodynamic systems.","Ibid. Article 6: ASBMs equipped with MIRVs are ASBMs of the types which have been flight tested with MIRVs. First Agreed Statement: ASBMs of the types which have been flight tested with MIRVs are all ASBMs of the types which have been flight tested with two or more independently targetable reentry vehicles, regardless of whether or not they have also been flight tested with a single reentry vehicle or with multiple reentry vehicles which are not independently targetable. Second Agreed Statement: Reentry vehicles are independently targetable: (b) if maneuvering and targeting of the reentry vehicles to separate aim points along trajectories which are unrelated to each other are accomplished by means of other devices which may be developed in the future. (a) if, after separation from the booster, maneuvering and targeting of the reentry vehicles to separate aim points along trajectories which are unrelated to each other are accomplished by means of devices which are installed in a self contained dispensing mechanism or on the reentry vehicles, and which are based on the use of electronic or other computers in combination with devices using jet engines, including rocket engines, or aerodynamic systems;",0,0,0,0,0,0,0,0,0,0,1,0,0,1,0,0,0,0.0,,,Assumed ,0.0,,,asbms equipped with mirv,0,Military missile; purely military,1979,Treaty Between The United States of America and The Union of Soviet Socialist Republics on the Limitation of Strategic Offensive Arms,SALT II,"Bilateral, Nuclear Weapons",0.0,,0,,,1,3.0,1979-06-18,4,,,,"The Union of Soviet Socialist Republics(1979-06-18), The United States of America(1979-06-18)",0.0,,,,,2,0.0,,0.0,Ibid. Article XVIII. Each Party may propose amendments to this Treaty. Agreed amendments shall enter into force in accordance with the procedures governing the entry into force of this Treaty.,0.0,2.0,,1,,
1403,1.0,cruise missile,"Unmanned, self propelled, guided, weapon delivery vehicles which sustain flight through the use of aerodynamic lift over most of their flight path and which are flight tested from or deployed on aircraft, that is, air launched cruise missiles, or such vehicles which are referred to as cruise missiles in subparagraph 1(b) of Article IX. 2) All cruise missiles types capable of a range in excess of 600 kilometers( If a cruise missile has been flight tested to a range in excess of 600 kilometers, it shall be considered to be a cruise missile capable of a range in excess of 600 kilometers). 3) Cruise missiles not capable of a range in excess of 600 kilometers shall not be considered to be of a type capable of a range in excess of 600 kilometers if they are distinguishable on the basis of externally observable design features from cruise missiles of types capable of a range in excess of 600 kilometers. 4) The range of which a cruise missile is capable is the maximum distance which can be covered by the missile in its standard design mode flying until fuel exhaustion, determined by projecting its flight path onto the Earths sphere from the point of launch to the point of impact. 5) If an unmanned, self propelled, guided vehicle which sustains flight through the use of aerodynamic lift over most of its flight path has been flight tested or deployed for weapon delivery, all vehicles of that type shall be considered to be weapon delivery vehicles. 6) Unmanned, self propelled, guided vehicles which sustain flight through the use of aerodynamic lift over most of their flight path and are not weapon delivery vehicles, that is, unarmed, pilotless, guided vehicles, shall not be considered to be cruise missiles if such vehicles are distinguishable from cruise missiles on the basis of externally observable design features.","Ibid. Article II:8: Cruise missiles are unmanned, self propelled, guided, weapon delivery vehicles which sustain flight through the use of aerodynamic lift over most of their flight path and which are flight tested from or deployed on aircraft, that is, air launched cruise missiles, or such vehicles which are referred to as cruise missiles in subparagraph 1(b) of Article IX. First Agreed Statement: If a cruise missile is capable of a range in excess of 600 kilometers, all cruise missiles of that type shall be considered to be cruise missiles capable of a range in excess of 600 kilometers. First Common Understanding: If a cruise missile has been flight tested to a range in excess of 600 kilometers, it shall be considered to be a cruise missile capable of a range in excess of 600 kilometers. Second Common Understanding: Cruise missiles not capable of a range in excess of 600 kilometers shall not be considered to be of a type capable of a range in excess of 600 kilometers if they are distinguishable on the basis of externally observable design features from cruise missiles of types capable of a range in excess of 600 kilometers. Second Agreed Statement: The range of which a cruise missile is capable is the maximum distance which can be covered by the missile in its standard design mode flying until fuel exhaustion, determined by projecting its flight path onto the Earths sphere from the point of launch to the point of impact. Third Agreed Statement: If an unmanned, self propelled, guided vehicle which sustains flight through the use of aerodynamic lift over most of its flight path has been flight tested or deployed for weapon delivery, all vehicles of that type shall be considered to be weapon delivery vehicles. Third Common Understanding: Unmanned, self propelled, guided vehicles which sustain flight through the use of aerodynamic lift over most of their flight path and are not weapon delivery vehicles, that is, unarmed, pilotless, guided vehicles, shall not be considered to be cruise missiles if such vehicles are distinguishable from cruise missiles on the basis of externally observable design features.",0,0,0,0,0,0,0,0,0,0,1,0,0,0,0,0,0,0.0,,,Assumed ,0.0,,,cruise missile,0,Military weapon; on military goods list,1979,Treaty Between The United States of America and The Union of Soviet Socialist Republics on the Limitation of Strategic Offensive Arms,SALT II,"Bilateral, Nuclear Weapons",0.0,,0,,,1,3.0,1979-06-18,4,,,,"The Union of Soviet Socialist Republics(1979-06-18), The United States of America(1979-06-18)",0.0,,,,,2,0.0,,0.0,Ibid. Article XVIII. Each Party may propose amendments to this Treaty. Agreed amendments shall enter into force in accordance with the procedures governing the entry into force of this Treaty.,0.0,2.0,,1,,
1403,1.0,non-icbm land-based ballistic missile launcher,,,0,0,0,0,0,0,0,0,0,1,1,0,0,0,0,0,0,0.0,,,Assumed ,0.0,,,non-icbm land-based ballistic missile launcher,0,Military launcher; purely military,1979,Treaty Between The United States of America and The Union of Soviet Socialist Republics on the Limitation of Strategic Offensive Arms,SALT II,"Bilateral, Nuclear Weapons",0.0,,0,,,1,3.0,1979-06-18,4,,,,"The Union of Soviet Socialist Republics(1979-06-18), The United States of America(1979-06-18)",0.0,,,,,2,0.0,,0.0,Ibid. Article XVIII. Each Party may propose amendments to this Treaty. Agreed amendments shall enter into force in accordance with the procedures governing the entry into force of this Treaty.,0.0,2.0,,1,,
1403,1.0,systems for rapid reload of icbm launcher,,,1,1,0,0,0,0,0,0,0,0,0,0,0,0,0,0,0,0.0,,,Assumed ,0.0,,,systems for rapid reload of icbm launcher,0,Military system; purely military,1979,Treaty Between The United States of America and The Union of Soviet Socialist Republics on the Limitation of Strategic Offensive Arms,SALT II,"Bilateral, Nuclear Weapons",0.0,,0,,,1,3.0,1979-06-18,4,,,,"The Union of Soviet Socialist Republics(1979-06-18), The United States of America(1979-06-18)",0.0,,,,,2,0.0,,0.0,Ibid. Article XVIII. Each Party may propose amendments to this Treaty. Agreed amendments shall enter into force in accordance with the procedures governing the entry into force of this Treaty.,0.0,2.0,,1,,
2801,1.0,icbms of a retired or former type,,,0,0,0,0,0,0,0,0,0,0,1,0,0,0,0,0,0,0.0,,,Assumed directly upon force given no explicit indication otherwise,0.0,,,icbms of a retired or former type,0,Military missiles; purely military,1991,"Strategic Arms Reduction Talks (START),Treaty",START I,"Bilateral, Nuclear Weapons",0.0,,0,,,1,3.0,1991-07-31,2,,,,"The Union of Soviet Socialist Republics(1991-07-31), The United States of America(1991-07-31)",1.0,1994-12-05,,,2.0,2,0.0,,0.0,Each Party may propose amendments to this Treaty. Agreed amendments shall enter into force in accordance with the procedures governing entry into force of this Treaty. Ibid Article XVIII,4.0,0.0,,1,0.0,
2801,1.0,icbm equipped with mirv,,,0,0,0,0,0,0,0,0,0,0,1,1,0,1,0,0,0,0.0,,,Assumed directly upon force given no explicit indication otherwise,0.0,,,icbm equipped with mirv,0,Strategic nuclear missile; purely military,1991,"Strategic Arms Reduction Talks (START),Treaty",START I,"Bilateral, Nuclear Weapons",0.0,,0,,,1,3.0,1991-07-31,2,,,,"The Union of Soviet Socialist Republics(1991-07-31), The United States of America(1991-07-31)",1.0,1994-12-05,,,2.0,2,0.0,,0.0,Each Party may propose amendments to this Treaty. Agreed amendments shall enter into force in accordance with the procedures governing entry into force of this Treaty. Ibid Article XVIII,4.0,0.0,,1,0.0,
2801,1.0,icbms for mobile launchers of icbm,"An ICBM of a type, any one of which has been contained on, or flight tested from, a mobile launcher of ICBMs, or has been declared an ICBM for mobile launchers of ICBMs.","START: Definitions Annex', 1991. Term 43 (38) https://www.acq.osd.mil/asda/ssipm/sdc/tc/start1/START1 annex definitions.html.",0,0,0,0,0,0,0,0,0,0,0,0,0,1,0,0,0,2.0,Seven years,,"START, Article II, Paragraph 2. Each Party shall reduce and limit its ICBMs andICBM launchers, SLBMs and SLBM launchers,heavy bombers, ICBM warheads, SLBM warheads,and heavy bomber armaments, so that seven yearsafter entry into force of this Treaty and thereafter, theaggregate numbers...",1.0,"Each Party shall implement the reductions pursuant to paragraph 1 of this Article in three phases, so that its strategic offensive arms do not exceed: (a) by the end of the first phase, that is, no later than 36 months after entry into force of this Treaty, and thereafter, the following aggregate numbers: (i) 2100, for deployed ICBMs and their associated launchers, deployed SLBMs and their associated launchers, and deployed heavy bombers; (ii) 9150, for warheads attributed to deployed ICBMs, deployed SLBMs, and deployed heavy bombers; (iii) 8050, for warheads attributed to deployed ICBMs and deployed SLBMs; (b) by the end of the second phase, that is, no later than 60 months after entry into force of this Treaty, and thereafter, the following aggregate numbers: (i) 1900, for deployed ICBMs and their associated launchers, deployed SLBMs and their associated launchers, and deployed heavy bombers; (ii) 7950, for warheads attributed to deployed ICBMs, deployed SLBMs, and deployed heavy bombers; (iii) 6750, for warheads attributed to deployed ICBMs and deployed SLBMs; (c) by the end of the third phase, that is, no later than 84 months after entry into force of this Treaty: the aggregate numbers provided for in paragraph 1 of this Article.START, Article II, Paragraph 2","START, Article II, Paragraph 2",icbms for mobile launchers of icbm,0,Strategic nuclear missiles; purely military,1991,"Strategic Arms Reduction Talks (START),Treaty",START I,"Bilateral, Nuclear Weapons",0.0,,0,,,1,3.0,1991-07-31,2,,,,"The Union of Soviet Socialist Republics(1991-07-31), The United States of America(1991-07-31)",1.0,1994-12-05,,,2.0,2,0.0,,0.0,Each Party may propose amendments to this Treaty. Agreed amendments shall enter into force in accordance with the procedures governing entry into force of this Treaty. Ibid Article XVIII,4.0,0.0,,1,0.0,
2801,1.0,slbms of a retired or former type,,,0,0,0,0,0,0,0,0,0,0,1,0,0,0,0,0,0,0.0,,,Assumed directly upon force given no explicit indication otherwise,0.0,,,slbms of a retired or former type,0,Military missiles; purely military,1991,"Strategic Arms Reduction Talks (START),Treaty",START I,"Bilateral, Nuclear Weapons",0.0,,0,,,1,3.0,1991-07-31,2,,,,"The Union of Soviet Socialist Republics(1991-07-31), The United States of America(1991-07-31)",1.0,1994-12-05,,,2.0,2,0.0,,0.0,Each Party may propose amendments to this Treaty. Agreed amendments shall enter into force in accordance with the procedures governing entry into force of this Treaty. Ibid Article XVIII,4.0,0.0,,1,0.0,
2801,1.0,slbm equipped with mirv,,,0,0,0,0,0,0,0,0,0,0,1,1,0,1,0,0,0,0.0,,,Assumed directly upon force given no explicit indication otherwise,0.0,,,slbm equipped with mirv,0,Strategic nuclear missile; purely military,1991,"Strategic Arms Reduction Talks (START),Treaty",START I,"Bilateral, Nuclear Weapons",0.0,,0,,,1,3.0,1991-07-31,2,,,,"The Union of Soviet Socialist Republics(1991-07-31), The United States of America(1991-07-31)",1.0,1994-12-05,,,2.0,2,0.0,,0.0,Each Party may propose amendments to this Treaty. Agreed amendments shall enter into force in accordance with the procedures governing entry into force of this Treaty. Ibid Article XVIII,4.0,0.0,,1,0.0,
2801,1.0,heavy slbm,"A SLBM of a type, any one of which has a launch weight greater than 106,000 kilograms or a throw weight greater than 4350 kilograms.","START: Definitions Annex', 1991. Term 40 (110). https://www.acq.osd.mil/asda/ssipm/sdc/tc/start1/START1 annex definitions.html.",1,1,1,0,0,0,0,0,0,0,0,0,0,0,0,0,0,2.0,Seven years,,"START, Article II, Paragraph 2. Each Party shall reduce and limit its ICBMs andICBM launchers, SLBMs and SLBM launchers,heavy bombers, ICBM warheads, SLBM warheads,and heavy bomber armaments, so that seven yearsafter entry into force of this Treaty and thereafter, theaggregate numbers...",1.0,"Each Party shall implement the reductions pursuant to paragraph 1 of this Article in three phases, so that its strategic offensive arms do not exceed: (a) by the end of the first phase, that is, no later than 36 months after entry into force of this Treaty, and thereafter, the following aggregate numbers: (i) 2100, for deployed ICBMs and their associated launchers, deployed SLBMs and their associated launchers, and deployed heavy bombers; (ii) 9150, for warheads attributed to deployed ICBMs, deployed SLBMs, and deployed heavy bombers; (iii) 8050, for warheads attributed to deployed ICBMs and deployed SLBMs; (b) by the end of the second phase, that is, no later than 60 months after entry into force of this Treaty, and thereafter, the following aggregate numbers: (i) 1900, for deployed ICBMs and their associated launchers, deployed SLBMs and their associated launchers, and deployed heavy bombers; (ii) 7950, for warheads attributed to deployed ICBMs, deployed SLBMs, and deployed heavy bombers; (iii) 6750, for warheads attributed to deployed ICBMs and deployed SLBMs; (c) by the end of the third phase, that is, no later than 84 months after entry into force of this Treaty: the aggregate numbers provided for in paragraph 1 of this Article.START, Article II, Paragraph 2","START, Article II, Paragraph 2",heavy slbm,0,Strategic nuclear missile; purely military,1991,"Strategic Arms Reduction Talks (START),Treaty",START I,"Bilateral, Nuclear Weapons",0.0,,0,,,1,3.0,1991-07-31,2,,,,"The Union of Soviet Socialist Republics(1991-07-31), The United States of America(1991-07-31)",1.0,1994-12-05,,,2.0,2,0.0,,0.0,Each Party may propose amendments to this Treaty. Agreed amendments shall enter into force in accordance with the procedures governing entry into force of this Treaty. Ibid Article XVIII,4.0,0.0,,1,0.0,
2801,1.0,heavy icbm launcher,"ICBM launcher means a device intended or used to contain, prepare for launch, and launch an ICBM. ","START: Definitions Annex', 1991. Term 44 (79). https://www.acq.osd.mil/asda/ssipm/sdc/tc/start1/START1 annex definitions.html.",0,0,0,0,0,0,0,0,0,0,0,0,0,1,0,0,0,2.0,Seven years,,"START, Article II, Paragraph 2. Each Party shall reduce and limit its ICBMs andICBM launchers, SLBMs and SLBM launchers,heavy bombers, ICBM warheads, SLBM warheads,and heavy bomber armaments, so that seven yearsafter entry into force of this Treaty and thereafter, theaggregate numbers...",1.0,"Each Party shall implement the reductions pursuant to paragraph 1 of this Article in three phases, so that its strategic offensive arms do not exceed: (a) by the end of the first phase, that is, no later than 36 months after entry into force of this Treaty, and thereafter, the following aggregate numbers: (i) 2100, for deployed ICBMs and their associated launchers, deployed SLBMs and their associated launchers, and deployed heavy bombers; (ii) 9150, for warheads attributed to deployed ICBMs, deployed SLBMs, and deployed heavy bombers; (iii) 8050, for warheads attributed to deployed ICBMs and deployed SLBMs; (b) by the end of the second phase, that is, no later than 60 months after entry into force of this Treaty, and thereafter, the following aggregate numbers: (i) 1900, for deployed ICBMs and their associated launchers, deployed SLBMs and their associated launchers, and deployed heavy bombers; (ii) 7950, for warheads attributed to deployed ICBMs, deployed SLBMs, and deployed heavy bombers; (iii) 6750, for warheads attributed to deployed ICBMs and deployed SLBMs; (c) by the end of the third phase, that is, no later than 84 months after entry into force of this Treaty: the aggregate numbers provided for in paragraph 1 of this Article.START, Article II, Paragraph 2","START, Article II, Paragraph 2",heavy icbm launcher,0,Military launcher; purely military,1991,"Strategic Arms Reduction Talks (START),Treaty",START I,"Bilateral, Nuclear Weapons",0.0,,0,,,1,3.0,1991-07-31,2,,,,"The Union of Soviet Socialist Republics(1991-07-31), The United States of America(1991-07-31)",1.0,1994-12-05,,,2.0,2,0.0,,0.0,Each Party may propose amendments to this Treaty. Agreed amendments shall enter into force in accordance with the procedures governing entry into force of this Treaty. Ibid Article XVIII,4.0,0.0,,1,0.0,
2801,1.0,silo launchers of icbm,A fixed launcher of ICBMs in a silo structure located in the ground.,"START: Definitions Annex', 1991. Term 97 (120). https://www.acq.osd.mil/asda/ssipm/sdc/tc/start1/START1 annex definitions.html.",0,0,0,0,0,0,0,0,0,0,0,0,0,1,0,0,0,0.0,,,Assumed directly upon force given no explicit indication otherwise,0.0,,,silo launchers of icbm,0,Military silos; purely military,1991,"Strategic Arms Reduction Talks (START),Treaty",START I,"Bilateral, Nuclear Weapons",0.0,,0,,,1,3.0,1991-07-31,2,,,,"The Union of Soviet Socialist Republics(1991-07-31), The United States of America(1991-07-31)",1.0,1994-12-05,,,2.0,2,0.0,,0.0,Each Party may propose amendments to this Treaty. Agreed amendments shall enter into force in accordance with the procedures governing entry into force of this Treaty. Ibid Article XVIII,4.0,0.0,,1,0.0,
2801,1.0,silo launchers of heavy icbm,,,1,1,1,0,0,0,0,0,0,0,0,0,0,0,0,0,0,0.0,,,Assumed directly upon force given no explicit indication otherwise,0.0,,,silo launchers of heavy icbm,0,Military silos; purely military,1991,"Strategic Arms Reduction Talks (START),Treaty",START I,"Bilateral, Nuclear Weapons",0.0,,0,,,1,3.0,1991-07-31,2,,,,"The Union of Soviet Socialist Republics(1991-07-31), The United States of America(1991-07-31)",1.0,1994-12-05,,,2.0,2,0.0,,0.0,Each Party may propose amendments to this Treaty. Agreed amendments shall enter into force in accordance with the procedures governing entry into force of this Treaty. Ibid Article XVIII,4.0,0.0,,1,0.0,
2801,1.0,rail mobile launchers of icbm,An erector launcher mechanism for launching ICBMs and the railcar or flatcar on which it is mounted.,"START: Definitions Annex', 1991. Term 85 (22) https://www.acq.osd.mil/asda/ssipm/sdc/tc/start1/START1 annex definitions.html.",0,0,0,0,0,0,0,0,0,0,0,0,0,1,0,0,0,0.0,,,Assumed directly upon force given no explicit indication otherwise,0.0,,,rail mobile launchers of icbm,0,Military launchers; purely military,1991,"Strategic Arms Reduction Talks (START),Treaty",START I,"Bilateral, Nuclear Weapons",0.0,,0,,,1,3.0,1991-07-31,2,,,,"The Union of Soviet Socialist Republics(1991-07-31), The United States of America(1991-07-31)",1.0,1994-12-05,,,2.0,2,0.0,,0.0,Each Party may propose amendments to this Treaty. Agreed amendments shall enter into force in accordance with the procedures governing entry into force of this Treaty. Ibid Article XVIII,4.0,0.0,,1,0.0,
2801,1.0,launchers of heavy slbm,,,1,1,1,0,0,0,0,0,0,0,0,0,0,0,0,0,0,0.0,,,Assumed directly upon force given no explicit indication otherwise,0.0,,,launchers of heavy slbm,0,Military launchers; purely military,1991,"Strategic Arms Reduction Talks (START),Treaty",START I,"Bilateral, Nuclear Weapons",0.0,,0,,,1,3.0,1991-07-31,2,,,,"The Union of Soviet Socialist Republics(1991-07-31), The United States of America(1991-07-31)",1.0,1994-12-05,,,2.0,2,0.0,,0.0,Each Party may propose amendments to this Treaty. Agreed amendments shall enter into force in accordance with the procedures governing entry into force of this Treaty. Ibid Article XVIII,4.0,0.0,,1,0.0,
2801,1.0,former heavy bomber,"A reconnaissance airplane, tanker airplane, or jamming airplane that is not equipped for nuclear armaments or non nuclear air to surface armaments and:(a) that was initially constructed on the basis of the airframe of an existing type of heavy bomber and satisfies the requirements for conversion in accordance with the Conversion or Elimination Protocol; or(b) that has been converted from a heavy bomber in accordance with procedures provided for in the Conversion or Elimination Protocol, or in such a way that it satisfies the requirements for conversion in accordance with the Conversion or Elimination Protocol.","START: Definitions Annex', 1991. Term 33 (12) https://www.acq.osd.mil/asda/ssipm/sdc/tc/start1/START1 annex definitions.html.",0,0,0,0,0,0,0,0,0,1,0,0,0,0,0,0,0,0.0,,,Assumed directly upon force given no explicit indication otherwise,0.0,,,former heavy bomber,0,Military aircraft; purely military,1991,"Strategic Arms Reduction Talks (START),Treaty",START I,"Bilateral, Nuclear Weapons",0.0,,0,,,1,3.0,1991-07-31,2,,,,"The Union of Soviet Socialist Republics(1991-07-31), The United States of America(1991-07-31)",1.0,1994-12-05,,,2.0,2,0.0,,0.0,Each Party may propose amendments to this Treaty. Agreed amendments shall enter into force in accordance with the procedures governing entry into force of this Treaty. Ibid Article XVIII,4.0,0.0,,1,0.0,
2801,1.0,heavy bombers equipped for nuclear armaments other than long-range nuclear alcm,,,0,0,0,0,0,0,0,0,0,1,0,0,0,0,0,0,0,0.0,,,Assumed directly upon force given no explicit indication otherwise,0.0,,,heavy bombers equipped for nuclear armaments other than long-range nuclear alcm,0,Military aircraft; purely military,1991,"Strategic Arms Reduction Talks (START),Treaty",START I,"Bilateral, Nuclear Weapons",0.0,,0,,,1,3.0,1991-07-31,2,,,,"The Union of Soviet Socialist Republics(1991-07-31), The United States of America(1991-07-31)",1.0,1994-12-05,,,2.0,2,0.0,,0.0,Each Party may propose amendments to this Treaty. Agreed amendments shall enter into force in accordance with the procedures governing entry into force of this Treaty. Ibid Article XVIII,4.0,0.0,,1,0.0,
2801,1.0,heavy bombers equipped for non-nuclear armament,,,0,0,0,0,0,0,0,0,0,1,0,0,0,0,0,0,0,0.0,,,Assumed directly upon force given no explicit indication otherwise,0.0,,,heavy bombers equipped for non-nuclear armament,0,Military aircraft; purely military,1991,"Strategic Arms Reduction Talks (START),Treaty",START I,"Bilateral, Nuclear Weapons",0.0,,0,,,1,3.0,1991-07-31,2,,,,"The Union of Soviet Socialist Republics(1991-07-31), The United States of America(1991-07-31)",1.0,1994-12-05,,,2.0,2,0.0,,0.0,Each Party may propose amendments to this Treaty. Agreed amendments shall enter into force in accordance with the procedures governing entry into force of this Treaty. Ibid Article XVIII,4.0,0.0,,1,0.0,
2801,1.0,warheads attributed to deployed icbms and deployed slbm,,,0,0,0,0,0,0,0,0,0,0,0,0,0,1,0,0,0,2.0,Seven years,,"START, Article II, Paragraph 2. Each Party shall reduce and limit its ICBMs andICBM launchers, SLBMs and SLBM launchers,heavy bombers, ICBM warheads, SLBM warheads,and heavy bomber armaments, so that seven yearsafter entry into force of this Treaty and thereafter, theaggregate numbers...",1.0,"Each Party shall implement the reductions pursuant to paragraph 1 of this Article in three phases, so that its strategic offensive arms do not exceed: (a) by the end of the first phase, that is, no later than 36 months after entry into force of this Treaty, and thereafter, the following aggregate numbers: (i) 2100, for deployed ICBMs and their associated launchers, deployed SLBMs and their associated launchers, and deployed heavy bombers; (ii) 9150, for warheads attributed to deployed ICBMs, deployed SLBMs, and deployed heavy bombers; (iii) 8050, for warheads attributed to deployed ICBMs and deployed SLBMs; (b) by the end of the second phase, that is, no later than 60 months after entry into force of this Treaty, and thereafter, the following aggregate numbers: (i) 1900, for deployed ICBMs and their associated launchers, deployed SLBMs and their associated launchers, and deployed heavy bombers; (ii) 7950, for warheads attributed to deployed ICBMs, deployed SLBMs, and deployed heavy bombers; (iii) 6750, for warheads attributed to deployed ICBMs and deployed SLBMs; (c) by the end of the third phase, that is, no later than 84 months after entry into force of this Treaty: the aggregate numbers provided for in paragraph 1 of this Article.START, Article II, Paragraph 2","START, Article II, Paragraph 2",warheads attributed to deployed icbms and deployed slbm,0,Nuclear warheads; purely military,1991,"Strategic Arms Reduction Talks (START),Treaty",START I,"Bilateral, Nuclear Weapons",0.0,,0,,,1,3.0,1991-07-31,2,,,,"The Union of Soviet Socialist Republics(1991-07-31), The United States of America(1991-07-31)",1.0,1994-12-05,,,2.0,2,0.0,,0.0,Each Party may propose amendments to this Treaty. Agreed amendments shall enter into force in accordance with the procedures governing entry into force of this Treaty. Ibid Article XVIII,4.0,0.0,,1,0.0,
2801,1.0,warheads attributed to deployed icbms on mobile launchers of icbm,,,0,0,0,0,0,0,0,0,0,0,0,0,0,1,0,0,0,2.0,Seven years,,"START, Article II, Paragraph 2. Each Party shall reduce and limit its ICBMs andICBM launchers, SLBMs and SLBM launchers,heavy bombers, ICBM warheads, SLBM warheads,and heavy bomber armaments, so that seven yearsafter entry into force of this Treaty and thereafter, theaggregate numbers...",1.0,"Each Party shall implement the reductions pursuant to paragraph 1 of this Article in three phases, so that its strategic offensive arms do not exceed: (a) by the end of the first phase, that is, no later than 36 months after entry into force of this Treaty, and thereafter, the following aggregate numbers: (i) 2100, for deployed ICBMs and their associated launchers, deployed SLBMs and their associated launchers, and deployed heavy bombers; (ii) 9150, for warheads attributed to deployed ICBMs, deployed SLBMs, and deployed heavy bombers; (iii) 8050, for warheads attributed to deployed ICBMs and deployed SLBMs; (b) by the end of the second phase, that is, no later than 60 months after entry into force of this Treaty, and thereafter, the following aggregate numbers: (i) 1900, for deployed ICBMs and their associated launchers, deployed SLBMs and their associated launchers, and deployed heavy bombers; (ii) 7950, for warheads attributed to deployed ICBMs, deployed SLBMs, and deployed heavy bombers; (iii) 6750, for warheads attributed to deployed ICBMs and deployed SLBMs; (c) by the end of the third phase, that is, no later than 84 months after entry into force of this Treaty: the aggregate numbers provided for in paragraph 1 of this Article.START, Article II, Paragraph 2","START, Article II, Paragraph 2",warheads attributed to deployed icbms on mobile launchers of icbm,0,Nuclear warheads; purely military,1991,"Strategic Arms Reduction Talks (START),Treaty",START I,"Bilateral, Nuclear Weapons",0.0,,0,,,1,3.0,1991-07-31,2,,,,"The Union of Soviet Socialist Republics(1991-07-31), The United States of America(1991-07-31)",1.0,1994-12-05,,,2.0,2,0.0,,0.0,Each Party may propose amendments to this Treaty. Agreed amendments shall enter into force in accordance with the procedures governing entry into force of this Treaty. Ibid Article XVIII,4.0,0.0,,1,0.0,
2801,1.0,warheads attributed to deployed heavy bomber,,,0,0,0,0,0,0,0,0,0,0,0,0,0,1,0,0,0,2.0,Seven years,,"START, Article II, Paragraph 2. Each Party shall reduce and limit its ICBMs andICBM launchers, SLBMs and SLBM launchers,heavy bombers, ICBM warheads, SLBM warheads,and heavy bomber armaments, so that seven yearsafter entry into force of this Treaty and thereafter, theaggregate numbers...",1.0,"Each Party shall implement the reductions pursuant to paragraph 1 of this Article in three phases, so that its strategic offensive arms do not exceed: (a) by the end of the first phase, that is, no later than 36 months after entry into force of this Treaty, and thereafter, the following aggregate numbers: (i) 2100, for deployed ICBMs and their associated launchers, deployed SLBMs and their associated launchers, and deployed heavy bombers; (ii) 9150, for warheads attributed to deployed ICBMs, deployed SLBMs, and deployed heavy bombers; (iii) 8050, for warheads attributed to deployed ICBMs and deployed SLBMs; (b) by the end of the second phase, that is, no later than 60 months after entry into force of this Treaty, and thereafter, the following aggregate numbers: (i) 1900, for deployed ICBMs and their associated launchers, deployed SLBMs and their associated launchers, and deployed heavy bombers; (ii) 7950, for warheads attributed to deployed ICBMs, deployed SLBMs, and deployed heavy bombers; (iii) 6750, for warheads attributed to deployed ICBMs and deployed SLBMs; (c) by the end of the third phase, that is, no later than 84 months after entry into force of this Treaty: the aggregate numbers provided for in paragraph 1 of this Article.START, Article II, Paragraph 2","START, Article II, Paragraph 2",warheads attributed to deployed heavy bomber,0,Nuclear warheads; purely military,1991,"Strategic Arms Reduction Talks (START),Treaty",START I,"Bilateral, Nuclear Weapons",0.0,,0,,,1,3.0,1991-07-31,2,,,,"The Union of Soviet Socialist Republics(1991-07-31), The United States of America(1991-07-31)",1.0,1994-12-05,,,2.0,2,0.0,,0.0,Each Party may propose amendments to this Treaty. Agreed amendments shall enter into force in accordance with the procedures governing entry into force of this Treaty. Ibid Article XVIII,4.0,0.0,,1,0.0,
2801,1.0,mobile launchers of heavy icbm,,,1,1,1,0,0,0,0,0,0,0,0,0,0,0,0,0,0,0.0,,,Assumed directly upon force given no explicit indication otherwise,0.0,,,mobile launchers of heavy icbm,0,Military launchers; purely military,1991,"Strategic Arms Reduction Talks (START),Treaty",START I,"Bilateral, Nuclear Weapons",0.0,,0,,,1,3.0,1991-07-31,2,,,,"The Union of Soviet Socialist Republics(1991-07-31), The United States of America(1991-07-31)",1.0,1994-12-05,,,2.0,2,0.0,,0.0,Each Party may propose amendments to this Treaty. Agreed amendments shall enter into force in accordance with the procedures governing entry into force of this Treaty. Ibid Article XVIII,4.0,0.0,,1,0.0,
2801,1.0,transporter loader,"A vehicle that is capable of transporting an assembled ICBM for mobile launchers of ICBMs and from which such an ICBM can be loaded directly onto a mobile launcher of ICBMs, or onto which such an ICBM can be unloaded directly from a mobile launcher of ICBMs, outside facilities where non deployed ICBMs may be located.","START: Definitions Annex', 1991. Term 120 (109). https://www.acq.osd.mil/asda/ssipm/sdc/tc/start1/START1 annex definitions.html.",0,0,0,0,0,0,0,0,0,0,1,1,0,1,0,0,0,0.0,,,Assumed directly upon force given no explicit indication otherwise,0.0,,,transporter loader,0,Military support equipment; purely military,1991,"Strategic Arms Reduction Talks (START),Treaty",START I,"Bilateral, Nuclear Weapons",0.0,,0,,,1,3.0,1991-07-31,2,,,,"The Union of Soviet Socialist Republics(1991-07-31), The United States of America(1991-07-31)",1.0,1994-12-05,,,2.0,2,0.0,,0.0,Each Party may propose amendments to this Treaty. Agreed amendments shall enter into force in accordance with the procedures governing entry into force of this Treaty. Ibid Article XVIII,4.0,0.0,,1,0.0,
2801,1.0,soft site launcher,Any land based fixed launcher of ICBMs or SLBMs other than a silo launcher..,"START: Definitions Annex', 1991. Term 102 (80) https://www.acq.osd.mil/asda/ssipm/sdc/tc/start1/START1 annex definitions.html.",0,0,0,0,0,0,0,0,0,0,0,0,0,1,0,0,0,0.0,,,Assumed directly upon force given no explicit indication otherwise,0.0,,,soft site launcher,0,Military launcher; purely military,1991,"Strategic Arms Reduction Talks (START),Treaty",START I,"Bilateral, Nuclear Weapons",0.0,,0,,,1,3.0,1991-07-31,2,,,,"The Union of Soviet Socialist Republics(1991-07-31), The United States of America(1991-07-31)",1.0,1994-12-05,,,2.0,2,0.0,,0.0,Each Party may propose amendments to this Treaty. Agreed amendments shall enter into force in accordance with the procedures governing entry into force of this Treaty. Ibid Article XVIII,4.0,0.0,,1,0.0,
2801,1.0,silos used as a launch control center,"A silo, other than a silo launcher of ICBMs, that is located at an ICBM base and that is used to control the launch of an ICBM.","START: Definitions Annex', 1991. Term 99 (119) https://www.acq.osd.mil/asda/ssipm/sdc/tc/start1/START1 annex definitions.html.",0,0,0,0,0,0,0,0,0,1,0,0,0,0,0,0,0,0.0,,,Assumed directly upon force given no explicit indication otherwise,0.0,,,silos used as a launch control center,0,Military infrastructure; purely military,1991,"Strategic Arms Reduction Talks (START),Treaty",START I,"Bilateral, Nuclear Weapons",0.0,,0,,,1,3.0,1991-07-31,2,,,,"The Union of Soviet Socialist Republics(1991-07-31), The United States of America(1991-07-31)",1.0,1994-12-05,,,2.0,2,0.0,,0.0,Each Party may propose amendments to this Treaty. Agreed amendments shall enter into force in accordance with the procedures governing entry into force of this Treaty. Ibid Article XVIII,4.0,0.0,,1,0.0,
2801,1.0,rapid reload system,,,1,1,1,0,0,0,0,0,0,0,0,0,0,0,0,0,0,0.0,,,Assumed directly upon force given no explicit indication otherwise,0.0,,,rapid reload system,0,Military system; purely military,1991,"Strategic Arms Reduction Talks (START),Treaty",START I,"Bilateral, Nuclear Weapons",0.0,,0,,,1,3.0,1991-07-31,2,,,,"The Union of Soviet Socialist Republics(1991-07-31), The United States of America(1991-07-31)",1.0,1994-12-05,,,2.0,2,0.0,,0.0,Each Party may propose amendments to this Treaty. Agreed amendments shall enter into force in accordance with the procedures governing entry into force of this Treaty. Ibid Article XVIII,4.0,0.0,,1,0.0,
2801,1.0,ballistic missile,A missile that is a weapon delivery vehicle that has a ballistic trajectory over most of its flight path.,"START: Definitions Annex', 1991. Term 7 (5). https://www.acq.osd.mil/asda/ssipm/sdc/tc/start1/START1 annex definitions.html.",0,0,1,0,0,0,0,0,0,0,1,1,0,1,0,0,0,0.0,,,Assumed directly upon force given no explicit indication otherwise,0.0,,,ballistic missile,0,Military weapon; purely military,1991,"Strategic Arms Reduction Talks (START),Treaty",START I,"Bilateral, Nuclear Weapons",0.0,,0,,,1,3.0,1991-07-31,2,,,,"The Union of Soviet Socialist Republics(1991-07-31), The United States of America(1991-07-31)",1.0,1994-12-05,,,2.0,2,0.0,,0.0,Each Party may propose amendments to this Treaty. Agreed amendments shall enter into force in accordance with the procedures governing entry into force of this Treaty. Ibid Article XVIII,4.0,0.0,,1,0.0,
388,1.0,ballistic missile,A missile that is a weapon delivery vehicle that has a ballistic trajectory over most of its flight path.,"START: Definitions Annex', 1991. Term 7 (5). https://www.acq.osd.mil/asda/ssipm/sdc/tc/start1/START1 annex definitions.html.",0,0,1,0,0,0,0,0,0,0,1,1,0,1,0,0,0,0.0,,,Assumed directly upon force given no explicit indication otherwise,0.0,,,ballistic missile,0,Military weapon; purely military,2000,Memorandum of Understanding on Notifications of Missile Launches (PLNS MOU),PLNS MOU,"Bilateral, Nuclear Weapons",0.0,,0,,,1,2.0,2000-12-16,2,,,2000-12-16,,1.0,2000-12-16,,,2.0,2,,,0.0,"Article 17: ""The Parties shall hold consultations at least once a year, unless otherwise agreed, to consider matters relating to implementation of this Memorandum, as well as to discuss possible amendments thereto. Amendments to this Memorandum shall enter into force upon agreement of the Parties.""",3.0,0.0,,6 months,0.0,
392,1.0,ballistic missile,A missile that is a weapon delivery vehicle that has a ballistic trajectory over most of its flight path.,"START: Definitions Annex', 1991. Term 7 (5). https://www.acq.osd.mil/asda/ssipm/sdc/tc/start1/START1 annex definitions.html.",0,0,1,0,0,0,0,0,0,0,1,1,0,1,0,0,0,0.0,,,Assumed directly upon force given no explicit indication otherwise,0.0,,,ballistic missile,0,Military weapon; purely military,2002,The Hague Code of Conduct (HCoC),The Hague Code of Conduct (HCoC),"Multilateral, Nuclear Weapons",0.0,,0,,,2,0.0,2002-11-25,6,,,,,,,145.0,"Afghanistan(2002-11-25), Albania(2002-11-25), Andorra(2005-04-05), Antigua and Barbuda(2013-05-02), Argentina(2002-11-25), Armenia(2004-10-05), Australia(2002-11-25), Austria(2002-11-25), Azerbaijan(2002-11-25), Belarus(2002-11-25), Belgium(2002-11-25), Benin(2002-11-25), Bosnia and Herzegovina(2002-11-25), Bulgaria(2002-11-25), Burkina Faso(2002-11-25), Burundi(2003-06-12), Cambodia(2003-10-25), Cameroon(2002-11-25), Canada(2002-11-25), Cabo Verde(2004-08-27), Central African Republic(2011-05-16), Chad(2002-11-26), Chile(2002-11-25, Colombia(2002-11-25), Comoros(2002-11-25), Congo(2011-05-27), Cook Islands(2002-11-25), Croatia(2002-11-25), Cyprus(2002-11-25), Czech Republic(2002-11-25), Denmark(2002-11-25), Dominica(2013-07-17), Dominican Republic(2007-07-24), Ecuador(2004-05-25), El Salvador(2002-11-25), Equatorial Guinea(2020-01-28), Eritrea(2003-09-09), Estonia(2002-11-25), Ethiopia(2006-09-07), Fiji(2003-04-22), Finland(2002-11-25), France(2002-11-25), Gabon(2002-11-25), Gambia(2004-11-29), Georgia(2002-11-25), Germany(2002-11-25), Ghana(2002-11-25), Greece(2002-11-25), Guatemala(2004-04-28), Guinea Bissau(2002-11-26), Guyana(2003-09-23), Haiti(2005-09-02), Holy See(2002-11-25), Honduras(2004-12-29), Hungary(2002-11-25), Iceland(2002-11-25), India(2016-06-01), Iraq(2010-08-10), Ireland(2002-11-25), Italy(2002-11-25), Japan(2002-11-25), Jordan(2002-11-25), Kazakhstan(2005-07-09), Kenya(2002-11-25), Kiribati(2002-11-25), Republic of Korea(2002-11-25), Latvia(2002-11-25), Lesotho(2017-12-14), Liberia(2005-09-30), Libya(2002-11-25), Liechtenstein(2003-08-26), Lithuania(2002-11-25), Luxembourg(2002-11-25), Madagascar(2002-11-25), Malawi(2003-11-09), Maldives(2008-03-06), Mali(2004-03-10), Malta(2002-11-25), Marshall Islands(2002-11-25), Mauritania(2002-11-25), Micronesia(2002-11-25), Moldova(2002-11-25), Monaco(2002-11-25), Mongolia(2006-02-07), Montenegro(2006-10-30), Morocco(2002-11-25), Mozambique(2003), Netherlands(2002-11-25), New Zealand(2002-11-25), Nicaragua(2002-11-25), Niger(2002-11-25), Nigeria(2002-11-25), North Macedonia(2002-11-25), Norway(2002-11-25), Palau(2002-11-25), Panama(2003-04-04), Papua New Guinea(2002-11-25), Paraguay(2002-11-25), Peru(2002-11-25), Philippines(2002-11-25), Poland(2002-11-25), Portugal(2002-11-25), Qatar(2024-01-22), Romania(2002-11-25), Russian Federation(2002-11-25), Rwanda(2002-11-25), Saint Kitts and Nevis(2014-02-10), Saint Vincent and the Grenadines(2020-01-27), Samoa(2008-05-13), San Marino(2008-01-26), Sao Tome and Principe(2023-08-07), Senegal(2002-11-25), Serbia(2002-11-25), Seychelles(2002-11-25), Sierra Leone(2002-11-25), Singapore(2011-08-17), Slovakia(2002-11-25), Slovenia(2002-11-25), Somalia(2020-02-19), South Africa(2002-11-25), Spain(2002-11-25), Sudan(2002-11-25), Suriname(2002-11-29), Sweden(2002-11-25), Switzerland(2002-11-25), Tajikistan(2002-11-25), Tanzania(2002-11-25), Timor Leste(2002-11-25), Togolese Republic(2019-04-19), Tonga(2003-09-03), Tunisia(2002-11-25), Turkey(2002-11-25), Turkmenistan(2003-06-10), Tuvalu(2002-11-25), Uganda(2002-11-25), Ukraine(2002-11-25), United Kingdom of Great Britain and Northern Ireland(2002-11-25), United States of America(2002-11-25), Uruguay(2002-11-25), Uzbekistan(2002-11-25), Vanuatu(2002-12-24), Venezuela(Bolivarian Republic of)(2002-11-25), Zambia(2002-11-25)",,2,,,2.0,,,3.0,,,0.0,
2801,1.0,launchers of ballistic missile,A missile that is a weapon delivery vehicle that has a ballistic trajectory over most of its flight path.,"START: Definitions Annex', 1991. Term 7 (5). https://www.acq.osd.mil/asda/ssipm/sdc/tc/start1/START1 annex definitions.html.",0,0,0,0,0,0,0,0,0,0,1,1,0,1,0,0,0,0.0,,,Assumed directly upon force given no explicit indication otherwise,0.0,,,launchers of ballistic missile,0,Military launchers; purely military,1991,"Strategic Arms Reduction Talks (START),Treaty",START I,"Bilateral, Nuclear Weapons",0.0,,0,,,1,3.0,1991-07-31,2,,,,"The Union of Soviet Socialist Republics(1991-07-31), The United States of America(1991-07-31)",1.0,1994-12-05,,,2.0,2,0.0,,0.0,Each Party may propose amendments to this Treaty. Agreed amendments shall enter into force in accordance with the procedures governing entry into force of this Treaty. Ibid Article XVIII,4.0,0.0,,1,0.0,
2801,1.0,systems for placing nuclear weapons into earth orbit,,"START: Definitions Annex', 1991. Term 40 (110). https://www.acq.osd.mil/asda/ssipm/sdc/tc/start1/START1 annex definitions.html.",0,1,1,0,0,0,0,0,0,0,0,0,0,0,0,0,0,0.0,,,Assumed directly upon force given no explicit indication otherwise,0.0,,,systems for placing nuclear weapons into earth orbit,0,Military space weapon; purely military,1991,"Strategic Arms Reduction Talks (START),Treaty",START I,"Bilateral, Nuclear Weapons",0.0,,0,,,1,3.0,1991-07-31,2,,,,"The Union of Soviet Socialist Republics(1991-07-31), The United States of America(1991-07-31)",1.0,1994-12-05,,,2.0,2,0.0,,0.0,Each Party may propose amendments to this Treaty. Agreed amendments shall enter into force in accordance with the procedures governing entry into force of this Treaty. Ibid Article XVIII,4.0,0.0,,1,0.0,
2801,1.0,long-range nuclear alcm,,"START: Definitions Annex', 1991. Term 40 (110). https://www.acq.osd.mil/asda/ssipm/sdc/tc/start1/START1 annex definitions.html.",0,0,0,0,0,0,0,0,0,0,1,1,0,1,0,0,0,0.0,,,Assumed directly upon force given no explicit indication otherwise,0.0,,,long-range nuclear alcm,0,Nuclear air-launched cruise missile; purely military,1991,"Strategic Arms Reduction Talks (START),Treaty",START I,"Bilateral, Nuclear Weapons",0.0,,0,,,1,3.0,1991-07-31,2,,,,"The Union of Soviet Socialist Republics(1991-07-31), The United States of America(1991-07-31)",1.0,1994-12-05,,,2.0,2,0.0,,0.0,Each Party may propose amendments to this Treaty. Agreed amendments shall enter into force in accordance with the procedures governing entry into force of this Treaty. Ibid Article XVIII,4.0,0.0,,1,0.0,
2801,1.0,aicrafts other than airplanes (8000 km+ range),,"START: Definitions Annex', 1991. Term 40 (110). https://www.acq.osd.mil/asda/ssipm/sdc/tc/start1/START1 annex definitions.html.",0,0,0,0,0,0,0,0,0,0,1,0,0,0,0,0,0,0.0,,,Assumed directly upon force given no explicit indication otherwise,0.0,,,aicrafts other than airplanes (8000 km+ range),0,Military aircraft category (START Treaty); purely military,1991,"Strategic Arms Reduction Talks (START),Treaty",START I,"Bilateral, Nuclear Weapons",0.0,,0,,,1,3.0,1991-07-31,2,,,,"The Union of Soviet Socialist Republics(1991-07-31), The United States of America(1991-07-31)",1.0,1994-12-05,,,2.0,2,0.0,,0.0,Each Party may propose amendments to this Treaty. Agreed amendments shall enter into force in accordance with the procedures governing entry into force of this Treaty. Ibid Article XVIII,4.0,0.0,,1,0.0,
2801,1.0,aicrafts not intially constructed as bombers (8000 km+ range),,"START: Definitions Annex', 1991. Term 40 (110). https://www.acq.osd.mil/asda/ssipm/sdc/tc/start1/START1 annex definitions.html.",0,0,0,0,0,0,0,0,0,0,1,0,0,1,0,0,0,0.0,,,Assumed directly upon force given no explicit indication otherwise,0.0,,,aicrafts not intially constructed as bombers (8000 km+ range),0,Military aircraft category (START Treaty); purely military,1991,"Strategic Arms Reduction Talks (START),Treaty",START I,"Bilateral, Nuclear Weapons",0.0,,0,,,1,3.0,1991-07-31,2,,,,"The Union of Soviet Socialist Republics(1991-07-31), The United States of America(1991-07-31)",1.0,1994-12-05,,,2.0,2,0.0,,0.0,Each Party may propose amendments to this Treaty. Agreed amendments shall enter into force in accordance with the procedures governing entry into force of this Treaty. Ibid Article XVIII,4.0,0.0,,1,0.0,
2801,1.0,training heavy bomber,"A heavy bomber used for training that is not equipped for nuclear armaments or non nuclear air to surface armaments, and that satisfies the requirements for conversion in accordance with the Protocol on Conversion or Elimination.","START: Definitions Annex', 1991. Term 116 (114). https://www.acq.osd.mil/asda/ssipm/sdc/tc/start1/START1 annex definitions.html.",0,0,0,0,0,0,0,0,0,1,0,0,0,0,0,0,0,0.0,,,Assumed directly upon force given no explicit indication otherwise,0.0,,,training heavy bomber,0,Military aircraft; purely military,1991,"Strategic Arms Reduction Talks (START),Treaty",START I,"Bilateral, Nuclear Weapons",0.0,,0,,,1,3.0,1991-07-31,2,,,,"The Union of Soviet Socialist Republics(1991-07-31), The United States of America(1991-07-31)",1.0,1994-12-05,,,2.0,2,0.0,,0.0,Each Party may propose amendments to this Treaty. Agreed amendments shall enter into force in accordance with the procedures governing entry into force of this Treaty. Ibid Article XVIII,4.0,0.0,,1,0.0,
2801,1.0,naval vessel,,,0,0,0,0,0,0,0,0,0,0,0,0,0,0,0,1,0,0.0,,,Assumed directly upon force given no explicit indication otherwise,0.0,,,naval vessel,0,Military/naval vessel; on military goods list,1991,"Strategic Arms Reduction Talks (START),Treaty",START I,"Bilateral, Nuclear Weapons",0.0,,0,,,1,3.0,1991-07-31,2,,,,"The Union of Soviet Socialist Republics(1991-07-31), The United States of America(1991-07-31)",1.0,1994-12-05,,,2.0,2,0.0,,0.0,Each Party may propose amendments to this Treaty. Agreed amendments shall enter into force in accordance with the procedures governing entry into force of this Treaty. Ibid Article XVIII,4.0,0.0,,1,0.0,
3,1.0,naval vessel,,,0,0,0,0,0,0,0,0,0,0,0,0,0,0,0,1,0,0.0,,,Assumed directly upon force given no explicit indication otherwise,0.0,,,naval vessel,0,Military/naval vessel; on military goods list,1817,Exchange of Notes Between the United Kingdom and the United States Concerning the Naval Forces to Be Maintained on the Great Lakes,Rush-Bagot Agreement,"Bilteral, Conventional Weapons",0.0,,1,3.0,Great Lakes of North America,1,0.0,1817-04-28,0,0.0,,,,,,2.0,"United Kingdom and the Northern Islands(1817-04-28), United States(1817-04-29)",0.0,2,0.0,,2.0,,4.0,0.0,,1,0.0,
2801,1.0,fixed structures for rail mobile launchers of icbm,,,0,0,0,0,0,0,0,0,0,0,0,0,0,1,0,0,0,0.0,,,Assumed directly upon force given no explicit indication otherwise,0.0,,,fixed structures for rail mobile launchers of icbm,0,Military infrastructure; purely military,1991,"Strategic Arms Reduction Talks (START),Treaty",START I,"Bilateral, Nuclear Weapons",0.0,,0,,,1,3.0,1991-07-31,2,,,,"The Union of Soviet Socialist Republics(1991-07-31), The United States of America(1991-07-31)",1.0,1994-12-05,,,2.0,2,0.0,,0.0,Each Party may propose amendments to this Treaty. Agreed amendments shall enter into force in accordance with the procedures governing entry into force of this Treaty. Ibid Article XVIII,4.0,0.0,,1,0.0,
2801,1.0,test launcher,"An ICBM launcher or an SLBM launcher located within a test range, unless otherwise provided for in the Treaty.","START: Definitions Annex', 1991. Term 112 (81) https://www.acq.osd.mil/asda/ssipm/sdc/tc/start1/START1 annex definitions.html.",1,0,0,0,0,0,0,0,0,0,0,0,0,1,0,0,0,0.0,,,Assumed directly upon force given no explicit indication otherwise,0.0,,,test launcher,0,Military test equipment; purely military,1991,"Strategic Arms Reduction Talks (START),Treaty",START I,"Bilateral, Nuclear Weapons",0.0,,0,,,1,3.0,1991-07-31,2,,,,"The Union of Soviet Socialist Republics(1991-07-31), The United States of America(1991-07-31)",1.0,1994-12-05,,,2.0,2,0.0,,0.0,Each Party may propose amendments to this Treaty. Agreed amendments shall enter into force in accordance with the procedures governing entry into force of this Treaty. Ibid Article XVIII,4.0,0.0,,1,0.0,
375,0.0,ammunition and component,,,0,0,1,1,0,0,1,0,0,0,0,0,0,0,0,0,0,0.0,,,,,,,ammunition and component,0,Military ammunition; not in dual-use list,1998,"The Moratorium on Importation, Exportation and Manufacture of Light Weapons in West Africa",ECOWAS Moratorium,"Multilateral, Conventional Weapons",0.0,,1,0.0,"The Moratorium on Importation, Exportation and Manufacture of Light Weapons in West Africa (The ECOWAS Moratorium  Annex 2). 1998. Accessed 2024-09-11. Available at: https://www.sipri.org/sites/default/files/research/disarmament/dualuse/pdf-archive-att/pdfs/ecowas-declaration-of-a-moratorium-on-the-importation-exportation-and-manufacture-of-light-weapons-in-west-africa.pdf.",2,0.0,1998-10-31,2,,,,,,,16.0,"Benin(1998-10-31), Burkina Faso(1998-10-31), Cabo Verde(1998-10-31), Cote d'Ivoire(1998-10-31), Gambia(1998-10-31), Ghana(1998-10-31), Guinea(1998-10-31), Guinea Bissau(1998-10-31), Liberia(1998-10-31), Mali(1998-10-31), Mauritania(1998-10-31), Niger(1998-10-31), Nigeria(1998-10-31), Senegal(1998-10-31), Sierra Leone(1998-10-31), Togo(1998-10-31)",,2,,,2.0,,,3.0,,,0.0,
282,0.0,biological weapon,,,1,0,1,1,0,0,1,1,0,0,0,0,0,0,0,0,0,0.0,,,,,,,biological weapon,0,The weapon itself is prohibited (BWC); biological AGENTS are dual-use but the weapon is not,1991,Mendoza Agreement,Mendoza Agreement,"Multilateral, Biological Weapons, Chemical Weapons",0.0,,1,3.0,Assumed,2,3.0,1991-09-05,4,,,,"Argentina(1991-09-05), Brazil(1991-09-05), Chile(1991-09-05)",,,,,,2,,,2.0,,,3.0,,,0.0,
342,2.0,dual-use goods and technologie,,,0,0,0,0,0,0,0,0,0,0,0,0,0,0,1,0,0,0.0,,,,,,,dual-use goods and technologie,1,This category IS the dual-use goods list itself,1996,Wassenaar Arrangement on Export Controls for Conventional Arms and Dual-Use Goods and Technologies,Wassenaar Arrangement,"Multilateral, Conventional Weapons, Dual-use",0.0,,0,,,2,0.0,1995-12-19,6,,,,,,,42.0,"Argentina(1995-12-19), Australia(1995-12-19), Austria(1995-12-19), Belgium(1995-12-19), Bulgaria(1995-12-19), Canada(1995-12-19), Croatia(1995-12-19), Czech Republic(1995-12-19), Denmark(1995-12-19), Estonia(1995-12-19), Finland(1995-12-19), France(1995-12-19), Germany(1995-12-19), Greece(1995-12-19), Hungary(1995-12-19), India(1995-12-19), Ireland(1995-12-19), Italy(1995-12-19), Japan(1995-12-19), Latvia(1995-12-19), Lithuania(1995-12-19), Luxembourg(1995-12-19), Malta(1995-12-19), Mexico(1995-12-19), Netherlands(1995-12-19), New Zealand(1995-12-19), Norway(1995-12-19), Poland(1995-12-19), Portugal(1995-12-19), Republic of Korea(1995-12-19), Romania(1995-12-19), Russian Federation(1995-12-19), Slovakia(1995-12-19), Slovenia(1995-12-19), South Africa(1995-12-19), Spain(1995-12-19), Sweden(1995-12-19), Switzerland(1995-12-19), Türkiye(1995-12-19), Ukraine(1995-12-19), United Kingdom of Great Britain and Northern Ireland(1995-12-19), United States of America(1995-12-19)",,2,,,2.0,,,3.0,,,0.0,
3622,2.0,theater missile defence system,,,0,0,0,0,0,0,0,0,0,0,1,0,0,1,0,0,0,0.0,,,,,,,theater missile defence system,0,Military defense system; purely military,1997,Joint Statement Concerning The Anti Ballistic Missile Treaty (Helsinki Agreement),Joint Statement Concerning The Anti Ballistic Missile Treaty (Helsinki Agreement),"Bilateral, Nuclear Weapons",0.0,,0,,,2,0.0,1997-03-21,6,,,,,,,2.0,"United States of America(1997-03-21), Russian Federation(1997-03-21)",,2,,,2.0,,,3.0,,,0.0,
3622,2.0,non-abm system,,,0,0,0,0,0,0,0,0,0,0,0,0,0,0,0,0,0,0.0,,,,,,,non-abm system,0,Military system; purely military,1997,Joint Statement Concerning The Anti Ballistic Missile Treaty (Helsinki Agreement),Joint Statement Concerning The Anti Ballistic Missile Treaty (Helsinki Agreement),"Bilateral, Nuclear Weapons",0.0,,0,,,2,0.0,1997-03-21,6,,,,,,,2.0,"United States of America(1997-03-21), Russian Federation(1997-03-21)",,2,,,2.0,,,3.0,,,0.0,
251,0.0,bacteriological methods of warfare,,,0,0,0,0,0,0,0,1,0,0,0,0,0,0,0,0,0,0.0,,,,,,,bacteriological methods of warfare,0,Prohibited warfare methods (BWC); purely military,1925,"Protocol for the prohibition of the use in war of asphyxiating, poisonous or other gases, and of bacteriological methods of warfare (Geneva Protocol)","Protocol for the prohibition of the use in war of asphyxiating, poisonous or other gases, and of bacteriological methods of warfare","Multilateral, Biological Weapons",0.0,,0,,,2,3.0,1925-06-17,0,0.0,,,"Germany(1925-06-17), United States of America(1925-06-17), Austria(1925-06-17), Belgium(1925-06-17), Brazil(1925-06-17), United Kingdom of Great Britain and Northern Ireland(1925-06-17), The Irish Free State and India(1925-06-17), Bulgaria(1925-06-17), Chile(1925-06-17), China(1925-06-17), Colombia(1925-06-17), Denmark(1925-06-17), Egypt(1925-06-17), Spain(1925-06-17), Estonia(1925-06-17), Abyssina(1925-06-17), Finland(1925-06-17), France(1925-06-17), Greece(1925-06-17), Hungary(1925-06-17), Italy(1925-06-17), Japan(1925-06-17), Latvia(1925-06-17), Lithuania(1925-06-17), Luxemburg(1925-06-17), Nicaragua(1925-06-17), Norway(1925-06-17), Panama(1925-06-17), Netherlands(1925-06-17), Persia(1925-06-17), Poland(1925-06-17), Portugal(1925-06-17), Romania(1925-06-17), El Salvador(1925-06-17), Siam(1925-06-17), Sweden(1925-06-17), Switzerland(1925-06-17), Kingdom of Serbs, Croats and Solvenes(1925-06-17), Czechoslovakia(1925-06-17), Turkiye(1925-06-17), Uruguay(1925-06-17), Venezuela(Bolivarian Republic of)(1925-06-17)",1.0,1928-02-08,,,113.0,2,,,2.0,,,0.0,,12 months,0.0,
25,0.0,(category 2) arms and ammunition capable of use both for military and other purpose,,,0,0,0,0,0,0,0,0,0,0,0,1,0,0,1,0,0,0.0,,,,,,,(category 2) arms and ammunition capable of use both for military and other purpose,1,Category explicitly states 'capable of use both for military and other purpose' â this is the definition of dual-use,1925,The Convention for the Control of the Trade in Arms and Ammunition,The Convention for the Control of the Trade in Arms and Ammunition.,"Multilateral, Conventional Weapons",0.0,,0,,,2,3.0,1925-06-17,4,0.0,,,"Germany(1925-06-17), United States of America(1925-06-17), Austria(1925-06-17), Belgium(1925-06-17), Brazil(1925-06-17), United Kingdom of Great Britain and Northern Ireland(1925-06-17), The Irish Free State and India(1925-06-17), Bulgaria(1925-06-17), Chile(1925-06-17), China(1925-06-17), Colombia(1925-06-17), Denmark(1925-06-17), Egypt(1925-06-17), Spain(1925-06-17), Estonia(1925-06-17), Abyssina(1925-06-17), Finland(1925-06-17), France(1925-06-17), Greece(1925-06-17), Hungary(1925-06-17), Italy(1925-06-17), Japan(1925-06-17), Latvia(1925-06-17), Lithuania(1925-06-17), Luxemburg(1925-06-17), Nicaragua(1925-06-17), Norway(1925-06-17), Panama(1925-06-17), Netherlands(1925-06-17), Persia(1925-06-17), Poland(1925-06-17), Portugal(1925-06-17), Romania(1925-06-17), El Salvador(1925-06-17), Siam(1925-06-17), Sweden(1925-06-17), Switzerland(1925-06-17), Kingdom of Serbs, Croats and Solvenes(1925-06-17), Czechoslovakia(1925-06-17), Turkiye(1925-06-17), Uruguay(1925-06-17), Venezuela(Bolivarian Republic of)(1925-06-17)",0.0,,,,,0,0.0,"Brazil, Great Britain, Esthonia, Finland, Latvia, Poland, Romania",2.0,,,0.0,,12 months,0.0,
25,0.0,(category 3) vessels of war and their armament,,,0,0,0,0,0,0,0,0,0,0,0,0,0,0,1,0,0,0.0,,,,,,,(category 3) vessels of war and their armament,0,Military vessels and armaments; on military goods list,1925,The Convention for the Control of the Trade in Arms and Ammunition,The Convention for the Control of the Trade in Arms and Ammunition.,"Multilateral, Conventional Weapons",0.0,,0,,,2,3.0,1925-06-17,4,0.0,,,"Germany(1925-06-17), United States of America(1925-06-17), Austria(1925-06-17), Belgium(1925-06-17), Brazil(1925-06-17), United Kingdom of Great Britain and Northern Ireland(1925-06-17), The Irish Free State and India(1925-06-17), Bulgaria(1925-06-17), Chile(1925-06-17), China(1925-06-17), Colombia(1925-06-17), Denmark(1925-06-17), Egypt(1925-06-17), Spain(1925-06-17), Estonia(1925-06-17), Abyssina(1925-06-17), Finland(1925-06-17), France(1925-06-17), Greece(1925-06-17), Hungary(1925-06-17), Italy(1925-06-17), Japan(1925-06-17), Latvia(1925-06-17), Lithuania(1925-06-17), Luxemburg(1925-06-17), Nicaragua(1925-06-17), Norway(1925-06-17), Panama(1925-06-17), Netherlands(1925-06-17), Persia(1925-06-17), Poland(1925-06-17), Portugal(1925-06-17), Romania(1925-06-17), El Salvador(1925-06-17), Siam(1925-06-17), Sweden(1925-06-17), Switzerland(1925-06-17), Kingdom of Serbs, Croats and Solvenes(1925-06-17), Czechoslovakia(1925-06-17), Turkiye(1925-06-17), Uruguay(1925-06-17), Venezuela(Bolivarian Republic of)(1925-06-17)",0.0,,,,,0,0.0,"Brazil, Great Britain, Esthonia, Finland, Latvia, Poland, Romania",2.0,,,0.0,,12 months,0.0,
25,0.0,category iv(aircrafts and aircrafts compenents),,,0,0,0,0,0,0,0,0,0,0,0,1,0,0,1,0,0,0.0,,,,,,,category iv(aircrafts and aircrafts compenents),1,Aircraft components including engines (9A001/9A002) and avionics (Category 7) are explicitly in the dual-use list,1925,The Convention for the Control of the Trade in Arms and Ammunition,The Convention for the Control of the Trade in Arms and Ammunition.,"Multilateral, Conventional Weapons",0.0,,0,,,2,3.0,1925-06-17,4,0.0,,,"Germany(1925-06-17), United States of America(1925-06-17), Austria(1925-06-17), Belgium(1925-06-17), Brazil(1925-06-17), United Kingdom of Great Britain and Northern Ireland(1925-06-17), The Irish Free State and India(1925-06-17), Bulgaria(1925-06-17), Chile(1925-06-17), China(1925-06-17), Colombia(1925-06-17), Denmark(1925-06-17), Egypt(1925-06-17), Spain(1925-06-17), Estonia(1925-06-17), Abyssina(1925-06-17), Finland(1925-06-17), France(1925-06-17), Greece(1925-06-17), Hungary(1925-06-17), Italy(1925-06-17), Japan(1925-06-17), Latvia(1925-06-17), Lithuania(1925-06-17), Luxemburg(1925-06-17), Nicaragua(1925-06-17), Norway(1925-06-17), Panama(1925-06-17), Netherlands(1925-06-17), Persia(1925-06-17), Poland(1925-06-17), Portugal(1925-06-17), Romania(1925-06-17), El Salvador(1925-06-17), Siam(1925-06-17), Sweden(1925-06-17), Switzerland(1925-06-17), Kingdom of Serbs, Croats and Solvenes(1925-06-17), Czechoslovakia(1925-06-17), Turkiye(1925-06-17), Uruguay(1925-06-17), Venezuela(Bolivarian Republic of)(1925-06-17)",0.0,,,,,0,0.0,"Brazil, Great Britain, Esthonia, Finland, Latvia, Poland, Romania",2.0,,,0.0,,12 months,0.0,
382,0.0,ballistic missile flight test,,,0,0,0,0,0,0,0,0,0,0,1,0,0,0,0,0,0,0.0,,,,,,,ballistic missile flight test,0,Military test activity; purely military,1999,Lahore Declaration,Lahore Declaration,"Bilateral, Nuclear Weapons",0.0,,1,1.0,South Asia (India and Pakistan),1,0.0,1999-02-21,3,0.0,,,,,,2.0,"India(1999-02-21), Pakistan(1999-02-21)",2.0,2,0.0,,2.0,,4.0,3.0,,4,0.0,
382,0.0,nuclear test explosion,,,0,0,0,0,0,0,0,0,0,0,1,0,0,0,0,0,0,0.0,,,,,,,nuclear test explosion,0,Military/weapons test; purely military,1999,Lahore Declaration,Lahore Declaration,"Bilateral, Nuclear Weapons",0.0,,1,1.0,South Asia (India and Pakistan),1,0.0,1999-02-21,3,0.0,,,,,,2.0,"India(1999-02-21), Pakistan(1999-02-21)",2.0,2,0.0,,2.0,,4.0,3.0,,4,0.0,
6,0.0,explosive projectile,,,0,0,0,0,0,0,0,0,0,0,0,0,0,0,0,0,0,0.0,,,,,,,explosive projectile,0,Military ordnance; not dual-use as a weapons category,1868,"Declaration Renouncing the Use, in Time of War, of Explosive Projectiles Under 400 Grammes Weight ",Saint Petersburg Declaration,"Multilateral, Conventional Weapons",1.0,First Geneva Convention of 1864,0,,,2,0.0,1868-11-29,0,0.0,,,,,,19.0,"Austra-Hungary(1868-12-11), Baden(1869-11-01), Bavaria(1868-12-11), Belgium(1868-12-11), Brazil(1869-10-23), Denmark(1868-12-11), France(1868-12-11), Greece(1868-12-11), Italy(1868-12-11), Netherlands(1868-12-11), Persia(1868-12-11), Portugal(1868-12-11), Prussian and the Northern German Confederation(1868-12-11), Russian Federation(1868-12-11), Sweden and Norway(1868-12-11), Switzerland(1868-12-11), Türkiye(1868-12-11), UK(1868-12-11), Wurtemberg(1868-12-11)",19.0,0,0.0,,2.0,,4.0,3.0,,4,0.0,
7,0.0,arms of war,,,0,0,0,1,0,0,1,0,0,0,0,0,0,0,0,0,0,0.0,,,,,,,arms of war,0,Generic military weapons; purely military,1906,General Act of the International Conference of Algeciras,Algeciras Agreement,"Multilateral, Conventional Weapons",0.0,,1,0.0,Morocco,2,0.0,1906-04-07,3,0.0,,,,,,13.0,"Austria-Hungary(1906-06-01), Belgium(1906-06-01), France(1906-06-01), Germany(1906-06-01), Great Britain(1906-06-01), Italy(1906-06-01), Morocco(1906-06-01), Netherlands(1906-06-01), Portugal(1906-06-01), Russia(1906-06-01), Spain(1906-06-01), Sweden(1906-06-01), United States(1906-06-01)",13.0,2,0.0,,2.0,,4.0,3.0,,4,0.0,
7,2.0,parts of gun,,,0,0,0,1,0,0,1,0,0,0,0,0,0,0,0,0,0,0.0,,,,,,,parts of gun,0,Military firearm parts; on military goods list,1906,General Act of the International Conference of Algeciras,Algeciras Agreement,"Multilateral, Conventional Weapons",0.0,,1,0.0,Morocco,2,0.0,1906-04-07,3,0.0,,,,,,13.0,"Austria-Hungary(1906-06-01), Belgium(1906-06-01), France(1906-06-01), Germany(1906-06-01), Great Britain(1906-06-01), Italy(1906-06-01), Morocco(1906-06-01), Netherlands(1906-06-01), Portugal(1906-06-01), Russia(1906-06-01), Spain(1906-06-01), Sweden(1906-06-01), United States(1906-06-01)",13.0,2,0.0,,2.0,,4.0,3.0,,4,0.0,
7,0.0,ammunition of any nature (loaded or unloaded),,,0,0,0,1,0,0,1,0,0,0,0,0,0,0,0,0,0,0.0,,,,,,,ammunition of any nature (loaded or unloaded),0,Military ammunition; not in dual-use list,1906,General Act of the International Conference of Algeciras,Algeciras Agreement,"Multilateral, Conventional Weapons",0.0,,1,0.0,Morocco,2,0.0,1906-04-07,3,0.0,,,,,,13.0,"Austria-Hungary(1906-06-01), Belgium(1906-06-01), France(1906-06-01), Germany(1906-06-01), Great Britain(1906-06-01), Italy(1906-06-01), Morocco(1906-06-01), Netherlands(1906-06-01), Portugal(1906-06-01), Russia(1906-06-01), Spain(1906-06-01), Sweden(1906-06-01), United States(1906-06-01)",13.0,2,0.0,,2.0,,4.0,3.0,,4,0.0,
7,2.0,powder,,,0,0,0,1,0,0,1,0,0,0,0,0,0,0,0,0,0,0.0,,,,,,,powder,0,In historical treaty context refers to gunpowder/propellant for weapons; not dual-use as classified,1906,General Act of the International Conference of Algeciras,Algeciras Agreement,"Multilateral, Conventional Weapons",0.0,,1,0.0,Morocco,2,0.0,1906-04-07,3,0.0,,,,,,13.0,"Austria-Hungary(1906-06-01), Belgium(1906-06-01), France(1906-06-01), Germany(1906-06-01), Great Britain(1906-06-01), Italy(1906-06-01), Morocco(1906-06-01), Netherlands(1906-06-01), Portugal(1906-06-01), Russia(1906-06-01), Spain(1906-06-01), Sweden(1906-06-01), United States(1906-06-01)",13.0,2,0.0,,2.0,,4.0,3.0,,4,0.0,
7,2.0,saltpeter,,,0,0,0,1,0,0,1,0,0,0,0,0,0,0,0,0,0,0.0,,,,,,,saltpeter,0,Potassium nitrate; while used in agriculture/food it is not specifically listed in the dual-use document as a controlled item,1906,General Act of the International Conference of Algeciras,Algeciras Agreement,"Multilateral, Conventional Weapons",0.0,,1,0.0,Morocco,2,0.0,1906-04-07,3,0.0,,,,,,13.0,"Austria-Hungary(1906-06-01), Belgium(1906-06-01), France(1906-06-01), Germany(1906-06-01), Great Britain(1906-06-01), Italy(1906-06-01), Morocco(1906-06-01), Netherlands(1906-06-01), Portugal(1906-06-01), Russia(1906-06-01), Spain(1906-06-01), Sweden(1906-06-01), United States(1906-06-01)",13.0,2,0.0,,2.0,,4.0,3.0,,4,0.0,
7,2.0,gun cotton,,,0,0,0,1,0,0,1,0,0,0,0,0,0,0,0,0,0,0.0,,,,,,,gun cotton,0,Nitrocellulose; industrial uses exist but not specifically listed in dual-use document as a weapon category,1906,General Act of the International Conference of Algeciras,Algeciras Agreement,"Multilateral, Conventional Weapons",0.0,,1,0.0,Morocco,2,0.0,1906-04-07,3,0.0,,,,,,13.0,"Austria-Hungary(1906-06-01), Belgium(1906-06-01), France(1906-06-01), Germany(1906-06-01), Great Britain(1906-06-01), Italy(1906-06-01), Morocco(1906-06-01), Netherlands(1906-06-01), Portugal(1906-06-01), Russia(1906-06-01), Spain(1906-06-01), Sweden(1906-06-01), United States(1906-06-01)",13.0,2,0.0,,2.0,,4.0,3.0,,4,0.0,
7,2.0,nitroglycerin,,,0,0,0,1,0,0,1,0,0,0,0,0,0,0,0,0,0,0.0,,,,,,,nitroglycerin,0,Explosive; while used medically/industrially it is not specifically listed in dual-use document as a weapon category,1906,General Act of the International Conference of Algeciras,Algeciras Agreement,"Multilateral, Conventional Weapons",0.0,,1,0.0,Morocco,2,0.0,1906-04-07,3,0.0,,,,,,13.0,"Austria-Hungary(1906-06-01), Belgium(1906-06-01), France(1906-06-01), Germany(1906-06-01), Great Britain(1906-06-01), Italy(1906-06-01), Morocco(1906-06-01), Netherlands(1906-06-01), Portugal(1906-06-01), Russia(1906-06-01), Spain(1906-06-01), Sweden(1906-06-01), United States(1906-06-01)",13.0,2,0.0,,2.0,,4.0,3.0,,4,0.0,
7,2.0,compositions destined exclusively for the manufacture of ammunition,,,0,0,0,1,0,0,1,0,0,0,0,0,0,0,0,0,0,0.0,,,,,,,compositions destined exclusively for the manufacture of ammunition,0,Explicitly 'exclusively' for ammunition â by definition not dual-use,1906,General Act of the International Conference of Algeciras,Algeciras Agreement,"Multilateral, Conventional Weapons",0.0,,1,0.0,Morocco,2,0.0,1906-04-07,3,0.0,,,,,,13.0,"Austria-Hungary(1906-06-01), Belgium(1906-06-01), France(1906-06-01), Germany(1906-06-01), Great Britain(1906-06-01), Italy(1906-06-01), Morocco(1906-06-01), Netherlands(1906-06-01), Portugal(1906-06-01), Russia(1906-06-01), Spain(1906-06-01), Sweden(1906-06-01), United States(1906-06-01)",13.0,2,0.0,,2.0,,4.0,3.0,,4,0.0,
7,0.0,sporting arm,,,0,0,0,0,0,0,0,0,0,0,0,0,1,0,1,0,0,0.0,,,,,,,sporting arm,0,Civilian firearms; not in dual-use list (dual-use list does not cover firearms),1906,General Act of the International Conference of Algeciras,Algeciras Agreement,"Multilateral, Conventional Weapons",0.0,,1,0.0,Morocco,2,0.0,1906-04-07,3,0.0,,,,,,13.0,"Austria-Hungary(1906-06-01), Belgium(1906-06-01), France(1906-06-01), Germany(1906-06-01), Great Britain(1906-06-01), Italy(1906-06-01), Morocco(1906-06-01), Netherlands(1906-06-01), Portugal(1906-06-01), Russia(1906-06-01), Spain(1906-06-01), Sweden(1906-06-01), United States(1906-06-01)",13.0,2,0.0,,2.0,,4.0,3.0,,4,0.0,
7,0.0,sporting arms ammunition,,,0,0,0,0,0,0,0,0,0,0,0,0,1,0,1,0,0,0.0,,,,,,,sporting arms ammunition,0,Civilian ammunition; not in dual-use list,1906,General Act of the International Conference of Algeciras,Algeciras Agreement,"Multilateral, Conventional Weapons",0.0,,1,0.0,Morocco,2,0.0,1906-04-07,3,0.0,,,,,,13.0,"Austria-Hungary(1906-06-01), Belgium(1906-06-01), France(1906-06-01), Germany(1906-06-01), Great Britain(1906-06-01), Italy(1906-06-01), Morocco(1906-06-01), Netherlands(1906-06-01), Portugal(1906-06-01), Russia(1906-06-01), Spain(1906-06-01), Sweden(1906-06-01), United States(1906-06-01)",13.0,2,0.0,,2.0,,4.0,3.0,,4,0.0,
7,0.0,high-priced arm,,,0,0,0,0,0,0,0,0,0,0,0,0,1,0,1,0,0,0.0,,,,,,,high-priced arm,0,Firearms; not in dual-use list,1906,General Act of the International Conference of Algeciras,Algeciras Agreement,"Multilateral, Conventional Weapons",0.0,,1,0.0,Morocco,2,0.0,1906-04-07,3,0.0,,,,,,13.0,"Austria-Hungary(1906-06-01), Belgium(1906-06-01), France(1906-06-01), Germany(1906-06-01), Great Britain(1906-06-01), Italy(1906-06-01), Morocco(1906-06-01), Netherlands(1906-06-01), Portugal(1906-06-01), Russia(1906-06-01), Spain(1906-06-01), Sweden(1906-06-01), United States(1906-06-01)",13.0,2,0.0,,2.0,,4.0,3.0,,4,0.0,
7,0.0,high-priced arms ammunition,,,0,0,0,0,0,0,0,0,0,0,0,0,1,0,1,0,0,0.0,,,,,,,high-priced arms ammunition,0,Ammunition; not in dual-use list,1906,General Act of the International Conference of Algeciras,Algeciras Agreement,"Multilateral, Conventional Weapons",0.0,,1,0.0,Morocco,2,0.0,1906-04-07,3,0.0,,,,,,13.0,"Austria-Hungary(1906-06-01), Belgium(1906-06-01), France(1906-06-01), Germany(1906-06-01), Great Britain(1906-06-01), Italy(1906-06-01), Morocco(1906-06-01), Netherlands(1906-06-01), Portugal(1906-06-01), Russia(1906-06-01), Spain(1906-06-01), Sweden(1906-06-01), United States(1906-06-01)",13.0,2,0.0,,2.0,,4.0,3.0,,4,0.0,
8,3.0,german armed force,,,0,0,0,0,0,0,1,0,0,0,0,0,0,0,0,0,0,0.0,,,,,,,german armed force,0,Treaty of Versailles category for German military forces; not a goods category,1919,The Treaty of Peace between the Allied and Associated Powers and Germany,Treaty of Versailles,"Multilateral, Conventional Weapons",1.0,The armistice agreement of 1918.,1,2.0,German territories,2,3.0,1919-06-28,3,0.0,,,"Belgium(1920-01-10), Bolivia(1920-01-10), Brazil(1920-01-10), Cuba(1920-01-10), Czechoslovakia(1920-01-10), Ecuador(1920-01-10), France(1920-01-10), Germany(1920-01-10), Greece(1920-01-10), Guatemala(1920-01-10), Haiti(1920-01-10), Hejaz(1920-01-10), Honduras(1920-01-10), Italy(1920-01-10), Japan(1920-01-10), Liberia(1920-01-10), Nicaragua(1920-01-10), Panama(1920-01-10), Peru(1920-01-10), Poland(1920-01-10), Portugal(1920-01-10), Romania(1920-01-10), Serbia(1920-01-10), Thailand(1920-01-10), United Kingdom(1920-01-10), United States(1920-01-10), Uruguay(1920-01-10)",1.0,1920-01-20,,,27.0,2,0.0,,0.0,Article 19 and 26,5.0,2.0,,3,0.0,
8,0.0,rifle,,,0,0,0,1,0,0,0,0,0,0,0,1,0,0,0,0,0,0.0,,,,,,,rifle,0,Small arm; on military goods list; not in dual-use list,1919,The Treaty of Peace between the Allied and Associated Powers and Germany,Treaty of Versailles,"Multilateral, Conventional Weapons",1.0,The armistice agreement of 1918.,1,2.0,German territories,2,3.0,1919-06-28,3,0.0,,,"Belgium(1920-01-10), Bolivia(1920-01-10), Brazil(1920-01-10), Cuba(1920-01-10), Czechoslovakia(1920-01-10), Ecuador(1920-01-10), France(1920-01-10), Germany(1920-01-10), Greece(1920-01-10), Guatemala(1920-01-10), Haiti(1920-01-10), Hejaz(1920-01-10), Honduras(1920-01-10), Italy(1920-01-10), Japan(1920-01-10), Liberia(1920-01-10), Nicaragua(1920-01-10), Panama(1920-01-10), Peru(1920-01-10), Poland(1920-01-10), Portugal(1920-01-10), Romania(1920-01-10), Serbia(1920-01-10), Thailand(1920-01-10), United Kingdom(1920-01-10), United States(1920-01-10), Uruguay(1920-01-10)",1.0,1920-01-20,,,27.0,2,0.0,,0.0,Article 19 and 26,5.0,2.0,,3,0.0,
8,0.0,carbine,,,0,0,0,1,0,0,0,0,0,0,0,1,0,0,0,0,0,0.0,,,,,,,carbine,0,Small arm; on military goods list; not in dual-use list,1919,The Treaty of Peace between the Allied and Associated Powers and Germany,Treaty of Versailles,"Multilateral, Conventional Weapons",1.0,The armistice agreement of 1918.,1,2.0,German territories,2,3.0,1919-06-28,3,0.0,,,"Belgium(1920-01-10), Bolivia(1920-01-10), Brazil(1920-01-10), Cuba(1920-01-10), Czechoslovakia(1920-01-10), Ecuador(1920-01-10), France(1920-01-10), Germany(1920-01-10), Greece(1920-01-10), Guatemala(1920-01-10), Haiti(1920-01-10), Hejaz(1920-01-10), Honduras(1920-01-10), Italy(1920-01-10), Japan(1920-01-10), Liberia(1920-01-10), Nicaragua(1920-01-10), Panama(1920-01-10), Peru(1920-01-10), Poland(1920-01-10), Portugal(1920-01-10), Romania(1920-01-10), Serbia(1920-01-10), Thailand(1920-01-10), United Kingdom(1920-01-10), United States(1920-01-10), Uruguay(1920-01-10)",1.0,1920-01-20,,,27.0,2,0.0,,0.0,Article 19 and 26,5.0,2.0,,3,0.0,
8,0.0,rounds for rifles and carbine,,,0,0,0,1,0,0,0,0,0,0,0,1,0,0,0,0,0,0.0,,,,,,,rounds for rifles and carbine,0,Military ammunition; not in dual-use list,1919,The Treaty of Peace between the Allied and Associated Powers and Germany,Treaty of Versailles,"Multilateral, Conventional Weapons",1.0,The armistice agreement of 1918.,1,2.0,German territories,2,3.0,1919-06-28,3,0.0,,,"Belgium(1920-01-10), Bolivia(1920-01-10), Brazil(1920-01-10), Cuba(1920-01-10), Czechoslovakia(1920-01-10), Ecuador(1920-01-10), France(1920-01-10), Germany(1920-01-10), Greece(1920-01-10), Guatemala(1920-01-10), Haiti(1920-01-10), Hejaz(1920-01-10), Honduras(1920-01-10), Italy(1920-01-10), Japan(1920-01-10), Liberia(1920-01-10), Nicaragua(1920-01-10), Panama(1920-01-10), Peru(1920-01-10), Poland(1920-01-10), Portugal(1920-01-10), Romania(1920-01-10), Serbia(1920-01-10), Thailand(1920-01-10), United Kingdom(1920-01-10), United States(1920-01-10), Uruguay(1920-01-10)",1.0,1920-01-20,,,27.0,2,0.0,,0.0,Article 19 and 26,5.0,2.0,,3,0.0,
8,0.0,heavy machine gun,,,0,0,0,1,0,0,0,0,0,0,0,1,0,0,0,0,0,0.0,,,,,,,heavy machine gun,0,Military weapon; on military goods list,1919,The Treaty of Peace between the Allied and Associated Powers and Germany,Treaty of Versailles,"Multilateral, Conventional Weapons",1.0,The armistice agreement of 1918.,1,2.0,German territories,2,3.0,1919-06-28,3,0.0,,,"Belgium(1920-01-10), Bolivia(1920-01-10), Brazil(1920-01-10), Cuba(1920-01-10), Czechoslovakia(1920-01-10), Ecuador(1920-01-10), France(1920-01-10), Germany(1920-01-10), Greece(1920-01-10), Guatemala(1920-01-10), Haiti(1920-01-10), Hejaz(1920-01-10), Honduras(1920-01-10), Italy(1920-01-10), Japan(1920-01-10), Liberia(1920-01-10), Nicaragua(1920-01-10), Panama(1920-01-10), Peru(1920-01-10), Poland(1920-01-10), Portugal(1920-01-10), Romania(1920-01-10), Serbia(1920-01-10), Thailand(1920-01-10), United Kingdom(1920-01-10), United States(1920-01-10), Uruguay(1920-01-10)",1.0,1920-01-20,,,27.0,2,0.0,,0.0,Article 19 and 26,5.0,2.0,,3,0.0,
8,0.0,light machine gun,,,0,0,0,1,0,0,0,0,0,0,0,1,0,0,0,0,0,0.0,,,,,,,light machine gun,0,Military weapon; on military goods list,1919,The Treaty of Peace between the Allied and Associated Powers and Germany,Treaty of Versailles,"Multilateral, Conventional Weapons",1.0,The armistice agreement of 1918.,1,2.0,German territories,2,3.0,1919-06-28,3,0.0,,,"Belgium(1920-01-10), Bolivia(1920-01-10), Brazil(1920-01-10), Cuba(1920-01-10), Czechoslovakia(1920-01-10), Ecuador(1920-01-10), France(1920-01-10), Germany(1920-01-10), Greece(1920-01-10), Guatemala(1920-01-10), Haiti(1920-01-10), Hejaz(1920-01-10), Honduras(1920-01-10), Italy(1920-01-10), Japan(1920-01-10), Liberia(1920-01-10), Nicaragua(1920-01-10), Panama(1920-01-10), Peru(1920-01-10), Poland(1920-01-10), Portugal(1920-01-10), Romania(1920-01-10), Serbia(1920-01-10), Thailand(1920-01-10), United Kingdom(1920-01-10), United States(1920-01-10), Uruguay(1920-01-10)",1.0,1920-01-20,,,27.0,2,0.0,,0.0,Article 19 and 26,5.0,2.0,,3,0.0,
8,0.0,rounds for light and heavy machine gun,,,0,0,0,1,0,0,0,0,0,0,0,1,0,0,0,0,0,0.0,,,,,,,rounds for light and heavy machine gun,0,Military ammunition; not in dual-use list,1919,The Treaty of Peace between the Allied and Associated Powers and Germany,Treaty of Versailles,"Multilateral, Conventional Weapons",1.0,The armistice agreement of 1918.,1,2.0,German territories,2,3.0,1919-06-28,3,0.0,,,"Belgium(1920-01-10), Bolivia(1920-01-10), Brazil(1920-01-10), Cuba(1920-01-10), Czechoslovakia(1920-01-10), Ecuador(1920-01-10), France(1920-01-10), Germany(1920-01-10), Greece(1920-01-10), Guatemala(1920-01-10), Haiti(1920-01-10), Hejaz(1920-01-10), Honduras(1920-01-10), Italy(1920-01-10), Japan(1920-01-10), Liberia(1920-01-10), Nicaragua(1920-01-10), Panama(1920-01-10), Peru(1920-01-10), Poland(1920-01-10), Portugal(1920-01-10), Romania(1920-01-10), Serbia(1920-01-10), Thailand(1920-01-10), United Kingdom(1920-01-10), United States(1920-01-10), Uruguay(1920-01-10)",1.0,1920-01-20,,,27.0,2,0.0,,0.0,Article 19 and 26,5.0,2.0,,3,0.0,
8,0.0,medium trench mortar,,,0,0,0,1,0,0,0,0,0,0,0,1,0,0,0,0,0,0.0,,,,,,,medium trench mortar,0,Military weapon; on military goods list,1919,The Treaty of Peace between the Allied and Associated Powers and Germany,Treaty of Versailles,"Multilateral, Conventional Weapons",1.0,The armistice agreement of 1918.,1,2.0,German territories,2,3.0,1919-06-28,3,0.0,,,"Belgium(1920-01-10), Bolivia(1920-01-10), Brazil(1920-01-10), Cuba(1920-01-10), Czechoslovakia(1920-01-10), Ecuador(1920-01-10), France(1920-01-10), Germany(1920-01-10), Greece(1920-01-10), Guatemala(1920-01-10), Haiti(1920-01-10), Hejaz(1920-01-10), Honduras(1920-01-10), Italy(1920-01-10), Japan(1920-01-10), Liberia(1920-01-10), Nicaragua(1920-01-10), Panama(1920-01-10), Peru(1920-01-10), Poland(1920-01-10), Portugal(1920-01-10), Romania(1920-01-10), Serbia(1920-01-10), Thailand(1920-01-10), United Kingdom(1920-01-10), United States(1920-01-10), Uruguay(1920-01-10)",1.0,1920-01-20,,,27.0,2,0.0,,0.0,Article 19 and 26,5.0,2.0,,3,0.0,
8,0.0,rounds for medium trench mortar,,,0,0,0,1,0,0,0,0,0,0,0,1,0,0,0,0,0,0.0,,,,,,,rounds for medium trench mortar,0,Military ammunition; not in dual-use list,1919,The Treaty of Peace between the Allied and Associated Powers and Germany,Treaty of Versailles,"Multilateral, Conventional Weapons",1.0,The armistice agreement of 1918.,1,2.0,German territories,2,3.0,1919-06-28,3,0.0,,,"Belgium(1920-01-10), Bolivia(1920-01-10), Brazil(1920-01-10), Cuba(1920-01-10), Czechoslovakia(1920-01-10), Ecuador(1920-01-10), France(1920-01-10), Germany(1920-01-10), Greece(1920-01-10), Guatemala(1920-01-10), Haiti(1920-01-10), Hejaz(1920-01-10), Honduras(1920-01-10), Italy(1920-01-10), Japan(1920-01-10), Liberia(1920-01-10), Nicaragua(1920-01-10), Panama(1920-01-10), Peru(1920-01-10), Poland(1920-01-10), Portugal(1920-01-10), Romania(1920-01-10), Serbia(1920-01-10), Thailand(1920-01-10), United Kingdom(1920-01-10), United States(1920-01-10), Uruguay(1920-01-10)",1.0,1920-01-20,,,27.0,2,0.0,,0.0,Article 19 and 26,5.0,2.0,,3,0.0,
8,0.0,light trench mortar,,,0,0,0,1,0,0,0,0,0,0,0,1,0,0,0,0,0,0.0,,,,,,,light trench mortar,0,Military weapon; on military goods list,1919,The Treaty of Peace between the Allied and Associated Powers and Germany,Treaty of Versailles,"Multilateral, Conventional Weapons",1.0,The armistice agreement of 1918.,1,2.0,German territories,2,3.0,1919-06-28,3,0.0,,,"Belgium(1920-01-10), Bolivia(1920-01-10), Brazil(1920-01-10), Cuba(1920-01-10), Czechoslovakia(1920-01-10), Ecuador(1920-01-10), France(1920-01-10), Germany(1920-01-10), Greece(1920-01-10), Guatemala(1920-01-10), Haiti(1920-01-10), Hejaz(1920-01-10), Honduras(1920-01-10), Italy(1920-01-10), Japan(1920-01-10), Liberia(1920-01-10), Nicaragua(1920-01-10), Panama(1920-01-10), Peru(1920-01-10), Poland(1920-01-10), Portugal(1920-01-10), Romania(1920-01-10), Serbia(1920-01-10), Thailand(1920-01-10), United Kingdom(1920-01-10), United States(1920-01-10), Uruguay(1920-01-10)",1.0,1920-01-20,,,27.0,2,0.0,,0.0,Article 19 and 26,5.0,2.0,,3,0.0,
8,0.0,rounds for light trench mortar,,,0,0,0,1,0,0,0,0,0,0,0,1,0,0,0,0,0,0.0,,,,,,,rounds for light trench mortar,0,Military ammunition; not in dual-use list,1919,The Treaty of Peace between the Allied and Associated Powers and Germany,Treaty of Versailles,"Multilateral, Conventional Weapons",1.0,The armistice agreement of 1918.,1,2.0,German territories,2,3.0,1919-06-28,3,0.0,,,"Belgium(1920-01-10), Bolivia(1920-01-10), Brazil(1920-01-10), Cuba(1920-01-10), Czechoslovakia(1920-01-10), Ecuador(1920-01-10), France(1920-01-10), Germany(1920-01-10), Greece(1920-01-10), Guatemala(1920-01-10), Haiti(1920-01-10), Hejaz(1920-01-10), Honduras(1920-01-10), Italy(1920-01-10), Japan(1920-01-10), Liberia(1920-01-10), Nicaragua(1920-01-10), Panama(1920-01-10), Peru(1920-01-10), Poland(1920-01-10), Portugal(1920-01-10), Romania(1920-01-10), Serbia(1920-01-10), Thailand(1920-01-10), United Kingdom(1920-01-10), United States(1920-01-10), Uruguay(1920-01-10)",1.0,1920-01-20,,,27.0,2,0.0,,0.0,Article 19 and 26,5.0,2.0,,3,0.0,
8,0.0,7.7 gun,,,0,0,0,1,0,0,0,0,0,0,0,1,0,0,0,0,0,0.0,,,,,,,7.7 gun,0,Military artillery; on military goods list,1919,The Treaty of Peace between the Allied and Associated Powers and Germany,Treaty of Versailles,"Multilateral, Conventional Weapons",1.0,The armistice agreement of 1918.,1,2.0,German territories,2,3.0,1919-06-28,3,0.0,,,"Belgium(1920-01-10), Bolivia(1920-01-10), Brazil(1920-01-10), Cuba(1920-01-10), Czechoslovakia(1920-01-10), Ecuador(1920-01-10), France(1920-01-10), Germany(1920-01-10), Greece(1920-01-10), Guatemala(1920-01-10), Haiti(1920-01-10), Hejaz(1920-01-10), Honduras(1920-01-10), Italy(1920-01-10), Japan(1920-01-10), Liberia(1920-01-10), Nicaragua(1920-01-10), Panama(1920-01-10), Peru(1920-01-10), Poland(1920-01-10), Portugal(1920-01-10), Romania(1920-01-10), Serbia(1920-01-10), Thailand(1920-01-10), United Kingdom(1920-01-10), United States(1920-01-10), Uruguay(1920-01-10)",1.0,1920-01-20,,,27.0,2,0.0,,0.0,Article 19 and 26,5.0,2.0,,3,0.0,
8,0.0,rounds for 7.7 gun,,,0,0,0,1,0,0,0,0,0,0,0,1,0,0,0,0,0,0.0,,,,,,,rounds for 7.7 gun,0,Military ammunition; not in dual-use list,1919,The Treaty of Peace between the Allied and Associated Powers and Germany,Treaty of Versailles,"Multilateral, Conventional Weapons",1.0,The armistice agreement of 1918.,1,2.0,German territories,2,3.0,1919-06-28,3,0.0,,,"Belgium(1920-01-10), Bolivia(1920-01-10), Brazil(1920-01-10), Cuba(1920-01-10), Czechoslovakia(1920-01-10), Ecuador(1920-01-10), France(1920-01-10), Germany(1920-01-10), Greece(1920-01-10), Guatemala(1920-01-10), Haiti(1920-01-10), Hejaz(1920-01-10), Honduras(1920-01-10), Italy(1920-01-10), Japan(1920-01-10), Liberia(1920-01-10), Nicaragua(1920-01-10), Panama(1920-01-10), Peru(1920-01-10), Poland(1920-01-10), Portugal(1920-01-10), Romania(1920-01-10), Serbia(1920-01-10), Thailand(1920-01-10), United Kingdom(1920-01-10), United States(1920-01-10), Uruguay(1920-01-10)",1.0,1920-01-20,,,27.0,2,0.0,,0.0,Article 19 and 26,5.0,2.0,,3,0.0,
8,0.0,10.5 gun,,,0,0,0,1,0,0,0,0,0,0,0,1,0,0,0,0,0,0.0,,,,,,,10.5 gun,0,Military artillery; on military goods list,1919,The Treaty of Peace between the Allied and Associated Powers and Germany,Treaty of Versailles,"Multilateral, Conventional Weapons",1.0,The armistice agreement of 1918.,1,2.0,German territories,2,3.0,1919-06-28,3,0.0,,,"Belgium(1920-01-10), Bolivia(1920-01-10), Brazil(1920-01-10), Cuba(1920-01-10), Czechoslovakia(1920-01-10), Ecuador(1920-01-10), France(1920-01-10), Germany(1920-01-10), Greece(1920-01-10), Guatemala(1920-01-10), Haiti(1920-01-10), Hejaz(1920-01-10), Honduras(1920-01-10), Italy(1920-01-10), Japan(1920-01-10), Liberia(1920-01-10), Nicaragua(1920-01-10), Panama(1920-01-10), Peru(1920-01-10), Poland(1920-01-10), Portugal(1920-01-10), Romania(1920-01-10), Serbia(1920-01-10), Thailand(1920-01-10), United Kingdom(1920-01-10), United States(1920-01-10), Uruguay(1920-01-10)",1.0,1920-01-20,,,27.0,2,0.0,,0.0,Article 19 and 26,5.0,2.0,,3,0.0,
8,0.0,rounds for 10.5 gun,,,0,0,0,1,0,0,0,0,0,0,0,1,0,0,0,0,0,0.0,,,,,,,rounds for 10.5 gun,0,Military ammunition; not in dual-use list,1919,The Treaty of Peace between the Allied and Associated Powers and Germany,Treaty of Versailles,"Multilateral, Conventional Weapons",1.0,The armistice agreement of 1918.,1,2.0,German territories,2,3.0,1919-06-28,3,0.0,,,"Belgium(1920-01-10), Bolivia(1920-01-10), Brazil(1920-01-10), Cuba(1920-01-10), Czechoslovakia(1920-01-10), Ecuador(1920-01-10), France(1920-01-10), Germany(1920-01-10), Greece(1920-01-10), Guatemala(1920-01-10), Haiti(1920-01-10), Hejaz(1920-01-10), Honduras(1920-01-10), Italy(1920-01-10), Japan(1920-01-10), Liberia(1920-01-10), Nicaragua(1920-01-10), Panama(1920-01-10), Peru(1920-01-10), Poland(1920-01-10), Portugal(1920-01-10), Romania(1920-01-10), Serbia(1920-01-10), Thailand(1920-01-10), United Kingdom(1920-01-10), United States(1920-01-10), Uruguay(1920-01-10)",1.0,1920-01-20,,,27.0,2,0.0,,0.0,Article 19 and 26,5.0,2.0,,3,0.0,
8,1.0,fortification,,,0,0,0,0,0,0,0,0,0,0,0,0,1,0,0,0,0,0.0,,,,,,,fortification,0,Military infrastructure; not a goods category in dual-use list,1919,The Treaty of Peace between the Allied and Associated Powers and Germany,Treaty of Versailles,"Multilateral, Conventional Weapons",1.0,The armistice agreement of 1918.,1,2.0,German territories,2,3.0,1919-06-28,3,0.0,,,"Belgium(1920-01-10), Bolivia(1920-01-10), Brazil(1920-01-10), Cuba(1920-01-10), Czechoslovakia(1920-01-10), Ecuador(1920-01-10), France(1920-01-10), Germany(1920-01-10), Greece(1920-01-10), Guatemala(1920-01-10), Haiti(1920-01-10), Hejaz(1920-01-10), Honduras(1920-01-10), Italy(1920-01-10), Japan(1920-01-10), Liberia(1920-01-10), Nicaragua(1920-01-10), Panama(1920-01-10), Peru(1920-01-10), Poland(1920-01-10), Portugal(1920-01-10), Romania(1920-01-10), Serbia(1920-01-10), Thailand(1920-01-10), United Kingdom(1920-01-10), United States(1920-01-10), Uruguay(1920-01-10)",1.0,1920-01-20,,,27.0,2,0.0,,0.0,Article 19 and 26,5.0,2.0,,3,0.0,
8,0.0,battleship,,,0,0,0,1,0,0,0,0,0,0,0,0,0,0,1,0,0,0.0,,,,,,,battleship,0,Military vessel (Washington Naval Treaty); purely military,1919,The Treaty of Peace between the Allied and Associated Powers and Germany,Treaty of Versailles,"Multilateral, Conventional Weapons",1.0,The armistice agreement of 1918.,1,2.0,German territories,2,3.0,1919-06-28,3,0.0,,,"Belgium(1920-01-10), Bolivia(1920-01-10), Brazil(1920-01-10), Cuba(1920-01-10), Czechoslovakia(1920-01-10), Ecuador(1920-01-10), France(1920-01-10), Germany(1920-01-10), Greece(1920-01-10), Guatemala(1920-01-10), Haiti(1920-01-10), Hejaz(1920-01-10), Honduras(1920-01-10), Italy(1920-01-10), Japan(1920-01-10), Liberia(1920-01-10), Nicaragua(1920-01-10), Panama(1920-01-10), Peru(1920-01-10), Poland(1920-01-10), Portugal(1920-01-10), Romania(1920-01-10), Serbia(1920-01-10), Thailand(1920-01-10), United Kingdom(1920-01-10), United States(1920-01-10), Uruguay(1920-01-10)",1.0,1920-01-20,,,27.0,2,0.0,,0.0,Article 19 and 26,5.0,2.0,,3,0.0,
8,0.0,torpedo boat,,,0,0,0,1,0,0,0,0,0,0,0,0,0,0,1,0,0,0.0,,,,,,,torpedo boat,0,Military vessel; purely military,1919,The Treaty of Peace between the Allied and Associated Powers and Germany,Treaty of Versailles,"Multilateral, Conventional Weapons",1.0,The armistice agreement of 1918.,1,2.0,German territories,2,3.0,1919-06-28,3,0.0,,,"Belgium(1920-01-10), Bolivia(1920-01-10), Brazil(1920-01-10), Cuba(1920-01-10), Czechoslovakia(1920-01-10), Ecuador(1920-01-10), France(1920-01-10), Germany(1920-01-10), Greece(1920-01-10), Guatemala(1920-01-10), Haiti(1920-01-10), Hejaz(1920-01-10), Honduras(1920-01-10), Italy(1920-01-10), Japan(1920-01-10), Liberia(1920-01-10), Nicaragua(1920-01-10), Panama(1920-01-10), Peru(1920-01-10), Poland(1920-01-10), Portugal(1920-01-10), Romania(1920-01-10), Serbia(1920-01-10), Thailand(1920-01-10), United Kingdom(1920-01-10), United States(1920-01-10), Uruguay(1920-01-10)",1.0,1920-01-20,,,27.0,2,0.0,,0.0,Article 19 and 26,5.0,2.0,,3,0.0,
8,0.0,other warship,,,0,0,0,1,0,0,0,0,0,0,0,0,0,0,1,0,0,0.0,,,,,,,other warship,0,Military vessel; purely military,1919,The Treaty of Peace between the Allied and Associated Powers and Germany,Treaty of Versailles,"Multilateral, Conventional Weapons",1.0,The armistice agreement of 1918.,1,2.0,German territories,2,3.0,1919-06-28,3,0.0,,,"Belgium(1920-01-10), Bolivia(1920-01-10), Brazil(1920-01-10), Cuba(1920-01-10), Czechoslovakia(1920-01-10), Ecuador(1920-01-10), France(1920-01-10), Germany(1920-01-10), Greece(1920-01-10), Guatemala(1920-01-10), Haiti(1920-01-10), Hejaz(1920-01-10), Honduras(1920-01-10), Italy(1920-01-10), Japan(1920-01-10), Liberia(1920-01-10), Nicaragua(1920-01-10), Panama(1920-01-10), Peru(1920-01-10), Poland(1920-01-10), Portugal(1920-01-10), Romania(1920-01-10), Serbia(1920-01-10), Thailand(1920-01-10), United Kingdom(1920-01-10), United States(1920-01-10), Uruguay(1920-01-10)",1.0,1920-01-20,,,27.0,2,0.0,,0.0,Article 19 and 26,5.0,2.0,,3,0.0,
8,0.0,auxiliary cruisers and fleet auxiliarie,,,0,0,0,1,0,0,0,0,0,0,0,0,0,0,1,0,0,0.0,,,,,,,auxiliary cruisers and fleet auxiliarie,0,Military vessels; purely military,1919,The Treaty of Peace between the Allied and Associated Powers and Germany,Treaty of Versailles,"Multilateral, Conventional Weapons",1.0,The armistice agreement of 1918.,1,2.0,German territories,2,3.0,1919-06-28,3,0.0,,,"Belgium(1920-01-10), Bolivia(1920-01-10), Brazil(1920-01-10), Cuba(1920-01-10), Czechoslovakia(1920-01-10), Ecuador(1920-01-10), France(1920-01-10), Germany(1920-01-10), Greece(1920-01-10), Guatemala(1920-01-10), Haiti(1920-01-10), Hejaz(1920-01-10), Honduras(1920-01-10), Italy(1920-01-10), Japan(1920-01-10), Liberia(1920-01-10), Nicaragua(1920-01-10), Panama(1920-01-10), Peru(1920-01-10), Poland(1920-01-10), Portugal(1920-01-10), Romania(1920-01-10), Serbia(1920-01-10), Thailand(1920-01-10), United Kingdom(1920-01-10), United States(1920-01-10), Uruguay(1920-01-10)",1.0,1920-01-20,,,27.0,2,0.0,,0.0,Article 19 and 26,5.0,2.0,,3,0.0,
8,0.0,submarines (and related vessels and docks),,,0,0,0,1,0,0,0,0,0,0,0,0,0,0,1,0,0,0.0,,,,,,,submarines (and related vessels and docks),0,Military submarines and infrastructure; on military goods list,1919,The Treaty of Peace between the Allied and Associated Powers and Germany,Treaty of Versailles,"Multilateral, Conventional Weapons",1.0,The armistice agreement of 1918.,1,2.0,German territories,2,3.0,1919-06-28,3,0.0,,,"Belgium(1920-01-10), Bolivia(1920-01-10), Brazil(1920-01-10), Cuba(1920-01-10), Czechoslovakia(1920-01-10), Ecuador(1920-01-10), France(1920-01-10), Germany(1920-01-10), Greece(1920-01-10), Guatemala(1920-01-10), Haiti(1920-01-10), Hejaz(1920-01-10), Honduras(1920-01-10), Italy(1920-01-10), Japan(1920-01-10), Liberia(1920-01-10), Nicaragua(1920-01-10), Panama(1920-01-10), Peru(1920-01-10), Poland(1920-01-10), Portugal(1920-01-10), Romania(1920-01-10), Serbia(1920-01-10), Thailand(1920-01-10), United Kingdom(1920-01-10), United States(1920-01-10), Uruguay(1920-01-10)",1.0,1920-01-20,,,27.0,2,0.0,,0.0,Article 19 and 26,5.0,2.0,,3,0.0,
8,3.0,minesweeping vessel,,,0,0,0,0,0,0,0,0,0,0,0,0,0,0,0,0,0,0.0,,,,,,,minesweeping vessel,0,Military vessel; purely military,1919,The Treaty of Peace between the Allied and Associated Powers and Germany,Treaty of Versailles,"Multilateral, Conventional Weapons",1.0,The armistice agreement of 1918.,1,2.0,German territories,2,3.0,1919-06-28,3,0.0,,,"Belgium(1920-01-10), Bolivia(1920-01-10), Brazil(1920-01-10), Cuba(1920-01-10), Czechoslovakia(1920-01-10), Ecuador(1920-01-10), France(1920-01-10), Germany(1920-01-10), Greece(1920-01-10), Guatemala(1920-01-10), Haiti(1920-01-10), Hejaz(1920-01-10), Honduras(1920-01-10), Italy(1920-01-10), Japan(1920-01-10), Liberia(1920-01-10), Nicaragua(1920-01-10), Panama(1920-01-10), Peru(1920-01-10), Poland(1920-01-10), Portugal(1920-01-10), Romania(1920-01-10), Serbia(1920-01-10), Thailand(1920-01-10), United Kingdom(1920-01-10), United States(1920-01-10), Uruguay(1920-01-10)",1.0,1920-01-20,,,27.0,2,0.0,,0.0,Article 19 and 26,5.0,2.0,,3,0.0,
8,3.0,air force,,,0,0,0,0,0,0,1,0,0,0,0,0,0,0,0,0,0,0.0,,,,,,,air force,0,Military organization; not a goods category,1919,The Treaty of Peace between the Allied and Associated Powers and Germany,Treaty of Versailles,"Multilateral, Conventional Weapons",1.0,The armistice agreement of 1918.,1,2.0,German territories,2,3.0,1919-06-28,3,0.0,,,"Belgium(1920-01-10), Bolivia(1920-01-10), Brazil(1920-01-10), Cuba(1920-01-10), Czechoslovakia(1920-01-10), Ecuador(1920-01-10), France(1920-01-10), Germany(1920-01-10), Greece(1920-01-10), Guatemala(1920-01-10), Haiti(1920-01-10), Hejaz(1920-01-10), Honduras(1920-01-10), Italy(1920-01-10), Japan(1920-01-10), Liberia(1920-01-10), Nicaragua(1920-01-10), Panama(1920-01-10), Peru(1920-01-10), Poland(1920-01-10), Portugal(1920-01-10), Romania(1920-01-10), Serbia(1920-01-10), Thailand(1920-01-10), United Kingdom(1920-01-10), United States(1920-01-10), Uruguay(1920-01-10)",1.0,1920-01-20,,,27.0,2,0.0,,0.0,Article 19 and 26,5.0,2.0,,3,0.0,
8,0.0,dirigible,,,0,0,0,0,0,0,0,0,0,0,0,0,0,0,0,0,0,0.0,,,,,,,dirigible,0,Airships; not controlled in dual-use list as a weapon category,1919,The Treaty of Peace between the Allied and Associated Powers and Germany,Treaty of Versailles,"Multilateral, Conventional Weapons",1.0,The armistice agreement of 1918.,1,2.0,German territories,2,3.0,1919-06-28,3,0.0,,,"Belgium(1920-01-10), Bolivia(1920-01-10), Brazil(1920-01-10), Cuba(1920-01-10), Czechoslovakia(1920-01-10), Ecuador(1920-01-10), France(1920-01-10), Germany(1920-01-10), Greece(1920-01-10), Guatemala(1920-01-10), Haiti(1920-01-10), Hejaz(1920-01-10), Honduras(1920-01-10), Italy(1920-01-10), Japan(1920-01-10), Liberia(1920-01-10), Nicaragua(1920-01-10), Panama(1920-01-10), Peru(1920-01-10), Poland(1920-01-10), Portugal(1920-01-10), Romania(1920-01-10), Serbia(1920-01-10), Thailand(1920-01-10), United Kingdom(1920-01-10), United States(1920-01-10), Uruguay(1920-01-10)",1.0,1920-01-20,,,27.0,2,0.0,,0.0,Article 19 and 26,5.0,2.0,,3,0.0,
8,3.0,aircrafts (incl. their parts and engines),,,0,0,0,0,0,0,0,0,0,0,0,1,1,0,0,0,0,0.0,,,,,,,aircrafts (incl. their parts and engines),1,Aircraft engines (9A001/9A002) and parts are in Category 9 of the dual-use list; avionics/instruments in Category 7,1919,The Treaty of Peace between the Allied and Associated Powers and Germany,Treaty of Versailles,"Multilateral, Conventional Weapons",1.0,The armistice agreement of 1918.,1,2.0,German territories,2,3.0,1919-06-28,3,0.0,,,"Belgium(1920-01-10), Bolivia(1920-01-10), Brazil(1920-01-10), Cuba(1920-01-10), Czechoslovakia(1920-01-10), Ecuador(1920-01-10), France(1920-01-10), Germany(1920-01-10), Greece(1920-01-10), Guatemala(1920-01-10), Haiti(1920-01-10), Hejaz(1920-01-10), Honduras(1920-01-10), Italy(1920-01-10), Japan(1920-01-10), Liberia(1920-01-10), Nicaragua(1920-01-10), Panama(1920-01-10), Peru(1920-01-10), Poland(1920-01-10), Portugal(1920-01-10), Romania(1920-01-10), Serbia(1920-01-10), Thailand(1920-01-10), United Kingdom(1920-01-10), United States(1920-01-10), Uruguay(1920-01-10)",1.0,1920-01-20,,,27.0,2,0.0,,0.0,Article 19 and 26,5.0,2.0,,3,0.0,
8,2.0,nacelles and fuselage,,,0,0,0,0,0,0,0,0,0,0,0,0,0,0,0,0,0,0.0,,,,,,,nacelles and fuselage,0,Airframe structures; not specifically listed in dual-use list as a controlled category,1919,The Treaty of Peace between the Allied and Associated Powers and Germany,Treaty of Versailles,"Multilateral, Conventional Weapons",1.0,The armistice agreement of 1918.,1,2.0,German territories,2,3.0,1919-06-28,3,0.0,,,"Belgium(1920-01-10), Bolivia(1920-01-10), Brazil(1920-01-10), Cuba(1920-01-10), Czechoslovakia(1920-01-10), Ecuador(1920-01-10), France(1920-01-10), Germany(1920-01-10), Greece(1920-01-10), Guatemala(1920-01-10), Haiti(1920-01-10), Hejaz(1920-01-10), Honduras(1920-01-10), Italy(1920-01-10), Japan(1920-01-10), Liberia(1920-01-10), Nicaragua(1920-01-10), Panama(1920-01-10), Peru(1920-01-10), Poland(1920-01-10), Portugal(1920-01-10), Romania(1920-01-10), Serbia(1920-01-10), Thailand(1920-01-10), United Kingdom(1920-01-10), United States(1920-01-10), Uruguay(1920-01-10)",1.0,1920-01-20,,,27.0,2,0.0,,0.0,Article 19 and 26,5.0,2.0,,3,0.0,
8,2.0,instruments for use on aircraft (incl. wireless apparatus and photographic or cinematographic apparatus),,,0,0,0,0,0,0,0,0,0,0,0,0,0,0,0,0,0,0.0,,,,,,,instruments for use on aircraft (incl. wireless apparatus and photographic or cinematographic apparatus),1,Navigation instruments and avionics are in Category 7 of the dual-use list; sensors in Category 6,1919,The Treaty of Peace between the Allied and Associated Powers and Germany,Treaty of Versailles,"Multilateral, Conventional Weapons",1.0,The armistice agreement of 1918.,1,2.0,German territories,2,3.0,1919-06-28,3,0.0,,,"Belgium(1920-01-10), Bolivia(1920-01-10), Brazil(1920-01-10), Cuba(1920-01-10), Czechoslovakia(1920-01-10), Ecuador(1920-01-10), France(1920-01-10), Germany(1920-01-10), Greece(1920-01-10), Guatemala(1920-01-10), Haiti(1920-01-10), Hejaz(1920-01-10), Honduras(1920-01-10), Italy(1920-01-10), Japan(1920-01-10), Liberia(1920-01-10), Nicaragua(1920-01-10), Panama(1920-01-10), Peru(1920-01-10), Poland(1920-01-10), Portugal(1920-01-10), Romania(1920-01-10), Serbia(1920-01-10), Thailand(1920-01-10), United Kingdom(1920-01-10), United States(1920-01-10), Uruguay(1920-01-10)",1.0,1920-01-20,,,27.0,2,0.0,,0.0,Article 19 and 26,5.0,2.0,,3,0.0,
8,3.0,navy,,,0,0,0,0,0,0,1,0,0,0,0,0,0,0,0,0,0,0.0,,,,,,,navy,0,Military organization; not a goods category,1919,The Treaty of Peace between the Allied and Associated Powers and Germany,Treaty of Versailles,"Multilateral, Conventional Weapons",1.0,The armistice agreement of 1918.,1,2.0,German territories,2,3.0,1919-06-28,3,0.0,,,"Belgium(1920-01-10), Bolivia(1920-01-10), Brazil(1920-01-10), Cuba(1920-01-10), Czechoslovakia(1920-01-10), Ecuador(1920-01-10), France(1920-01-10), Germany(1920-01-10), Greece(1920-01-10), Guatemala(1920-01-10), Haiti(1920-01-10), Hejaz(1920-01-10), Honduras(1920-01-10), Italy(1920-01-10), Japan(1920-01-10), Liberia(1920-01-10), Nicaragua(1920-01-10), Panama(1920-01-10), Peru(1920-01-10), Poland(1920-01-10), Portugal(1920-01-10), Romania(1920-01-10), Serbia(1920-01-10), Thailand(1920-01-10), United Kingdom(1920-01-10), United States(1920-01-10), Uruguay(1920-01-10)",1.0,1920-01-20,,,27.0,2,0.0,,0.0,Article 19 and 26,5.0,2.0,,3,0.0,
264,0.0,heavy bomber aircraft,,,0,0,0,0,0,0,0,0,0,0,0,0,0,0,0,0,0,0.0,,,,,,,heavy bomber aircraft,0,Military aircraft; purely military,1989,Agreement on Reciprocal Advance Notification of Major Strategic Exercises,MSE Agreement,"Bilateral, Weapons General",0.0,,0,,,1,2.0,1989-09-23,0,0.0,,1989-09-23,"United States(1989-09-23), Russia(1989-09-23)",1.0,1990-01-01,,,2.0,2,0.0,,0.0,Amendment procedure is to be agreed upon. Article III.,0.0,0.0,,2,0.0,
272,0.0,chemical weapons storage facilitie,,,0,0,0,0,0,0,0,0,0,0,0,0,0,0,0,0,0,0.0,,,,,,,chemical weapons storage facilitie,0,CWC destruction category; purely military,1990,Agreement on Destruction and Non-Production of Chemical Weapons and on Measures to Facilitate the Multilateral Convention on Banning Chemical Weapons,BDA Agreement,"Bilateral, Chemical Weapons",0.0,,0,,,1,3.0,1990-06-01,0,0.0,,,"United States(1990-06-01), Russia(1990-06-01)",1.0,-99,,,2.0,2,0.0,,0.0,Article IX,0.0,0.0,,1,0.0,
266,0.0,laser,,,0,0,0,0,0,0,0,0,0,0,0,0,0,0,0,0,0,0.0,,,,,,,laser,1,6A005 â lasers are extensively controlled in Category 6 of the dual-use list due to industrial/medical/scientific civilian uses alongside military potential,1989,Agreement between the USA and te USSR on the Pevention of Dangerous Military Activities,DMA Agreement,"Bilateral, Weapons General",0.0,,0,,,1,2.0,1989-06-12,0,0.0,,1989-06-12,"United States(1989-06-12), Russia(1989-06-12)",1.0,1990-01-01,,,2.0,2,0.0,,2.0,,4.0,0.0,,1,0.0,
266,0.0,personel/equipment of armed force,,,0,0,0,0,0,0,0,0,0,0,0,0,0,0,1,0,0,0.0,,,,,,,personel/equipment of armed force,0,Military personnel/equipment; not a dual-use goods category,1989,Agreement between the USA and te USSR on the Pevention of Dangerous Military Activities,DMA Agreement,"Bilateral, Weapons General",0.0,,0,,,1,2.0,1989-06-12,0,0.0,,1989-06-12,"United States(1989-06-12), Russia(1989-06-12)",1.0,1990-01-01,,,2.0,2,0.0,,2.0,,4.0,0.0,,1,0.0,
388,0.0,space launch vehicle,,,0,0,0,0,0,0,0,0,0,0,0,0,0,0,0,1,0,0.0,,,,,,,space launch vehicle,1,9A004 â space launch vehicles are explicitly listed in Category 9 of the dual-use list,2000,Memorandum of Understanding on Notifications of Missile Launches (PLNS MOU),PLNS MOU,"Bilateral, Nuclear Weapons",0.0,,0,,,1,2.0,2000-12-16,2,,,2000-12-16,,1.0,2000-12-16,,,2.0,2,,,0.0,"Article 17: ""The Parties shall hold consultations at least once a year, unless otherwise agreed, to consider matters relating to implementation of this Memorandum, as well as to discuss possible amendments thereto. Amendments to this Memorandum shall enter into force upon agreement of the Parties.""",3.0,0.0,,6 months,0.0,
